Year,RK,Team,GP,PPG,3PM,3PA,3PM,3PA,3P%,2PM,2PA,2P%,PPS,FG%
2021,1,Baylor,24,84.4,10.3,25,248,593,0.418,498,920,0.541,1.34,0.575
2021,2,Colgate,15,86.3,9.1,23,136,340,0.4,336,607,0.554,1.37,0.57
2021,3,Liberty,28,74.9,10.3,26,289,740,0.391,472,809,0.583,1.35,0.585
2021,4,Florida State,22,78.9,8.2,21,181,464,0.39,439,843,0.521,1.33,0.544
2021,5,Oral Roberts,26,81.8,11.3,29,294,754,0.39,440,863,0.51,1.31,0.545
2021,6,Michigan,24,76.3,7.5,20,181,468,0.387,487,914,0.533,1.32,0.55
2021,7,Iowa,29,83.8,9.8,25,283,733,0.386,580,1106,0.524,1.32,0.546
2021,8,Virginia,24,68.6,8.5,22,204,535,0.381,404,731,0.553,1.3,0.561
2021,9,Oregon,26,74.4,8.4,22,218,575,0.379,497,940,0.529,1.28,0.544
2021,10,BYU,26,78.7,9,24,233,616,0.378,518,941,0.55,1.31,0.557
2021,11,North Texas,26,69.8,7.6,20,197,524,0.376,471,881,0.535,1.29,0.546
2021,12,Illinois,29,81.4,6.8,18,197,524,0.376,654,1183,0.553,1.38,0.556
2021,13,San Diego State,27,74.1,8.5,23,229,611,0.375,466,918,0.508,1.31,0.529
2021,14,Drexel,19,71.5,7.3,20,138,371,0.372,357,667,0.535,1.31,0.543
2021,15,Drake,29,77.4,7,19,204,552,0.37,664,1205,0.551,1.28,0.552
2021,16,Loyola Chicago,28,71.5,7.2,20,201,546,0.368,534,910,0.587,1.38,0.574
2021,17,Norfolk State,23,75.2,7.8,21,180,489,0.368,411,868,0.474,1.27,0.502
2021,18,UCLA,26,72.8,6.7,18,173,471,0.367,513,1014,0.506,1.28,0.52
2021,19,Colorado,30,73,7.5,20,224,611,0.367,550,1093,0.503,1.29,0.52
2021,20,Creighton,28,77,9.7,27,272,742,0.367,525,933,0.563,1.29,0.557
2021,21,Georgetown,25,71.4,8.3,23,208,568,0.366,413,895,0.461,1.22,0.496
2021,22,Gonzaga,26,92.1,7.3,20,190,520,0.365,698,1092,0.639,1.49,0.61
2021,23,Ohio State,30,77.3,8.2,23,247,677,0.365,543,1042,0.521,1.35,0.531
2021,24,Ohio,23,80.9,8.5,23,195,540,0.361,491,863,0.569,1.33,0.558
2021,25,Houston,27,77.6,9.3,26,252,699,0.361,487,965,0.505,1.26,0.52
2021,26,Wisconsin,29,69.6,8.6,24,248,690,0.359,463,1000,0.463,1.19,0.494
2021,27,West Virginia,27,77.3,7.3,20,196,549,0.357,515,1111,0.464,1.26,0.487
2021,28,Florida,23,74,6.8,19,157,440,0.357,448,863,0.519,1.31,0.525
2021,29,Virginia Tech,21,72.1,8.2,23,173,485,0.357,361,698,0.517,1.28,0.525
2021,30,Texas,26,75.2,8.7,24,225,632,0.356,459,875,0.525,1.3,0.529
2021,31,Iona,17,72.2,7.5,21,127,358,0.355,296,593,0.499,1.29,0.512
2021,32,St. Bonaventure,20,70.5,6.6,19,131,370,0.354,390,791,0.493,1.21,0.505
2021,33,Eastern Washington,23,78,8.4,24,194,548,0.354,444,819,0.542,1.31,0.538
2021,34,Abilene Christian,27,77.6,7.9,22,214,606,0.353,535,1022,0.523,1.29,0.526
2021,35,Oregon State,29,70.7,7,20,203,575,0.353,509,1063,0.479,1.25,0.497
2021,36,Winthrop,24,79.5,8.5,24,203,575,0.353,471,888,0.53,1.3,0.53
2021,37,Maryland,29,68.8,8.1,23,234,663,0.353,465,870,0.534,1.3,0.532
2021,38,Villanova,22,75.5,9.2,26,203,576,0.352,378,715,0.529,1.29,0.529
2021,39,UC Santa Barbara,26,76.5,6.8,19,176,501,0.351,541,976,0.554,1.35,0.545
2021,40,Alabama,30,79.6,10.7,30,320,912,0.351,514,1025,0.501,1.23,0.513
2021,41,Morehead State,30,68.8,6.6,19,197,562,0.351,541,1039,0.521,1.29,0.522
2021,42,LSU,27,82.1,8.1,23,220,628,0.35,564,1064,0.53,1.31,0.528
2021,43,Georgia Tech,25,75.5,7.6,22,189,541,0.349,506,925,0.547,1.29,0.539
2021,44,USC,29,74.8,6.3,18,183,526,0.348,605,1161,0.521,1.29,0.521
2021,45,Texas Tech,27,73,6.2,18,168,485,0.346,518,1064,0.487,1.27,0.497
2021,46,Clemson,23,65.3,8.3,24,192,555,0.346,349,709,0.492,1.19,0.504
2021,47,Kansas,28,73.1,7.5,22,209,608,0.344,528,1068,0.494,1.22,0.502
2021,48,Wichita State,21,72.4,8.3,24,175,512,0.342,339,749,0.453,1.21,0.477
2021,49,Syracuse,25,75.8,8.1,24,203,598,0.339,473,935,0.506,1.24,0.507
2021,50,Arkansas,28,82.4,7.9,23,220,649,0.339,605,1165,0.519,1.27,0.515
2021,51,Oklahoma,25,74.8,8,24,200,591,0.338,470,926,0.508,1.23,0.508
2021,52,Oklahoma State,28,77.1,6.4,19,179,529,0.338,596,1129,0.528,1.3,0.521
2021,53,Tennessee,26,72.5,6.7,20,173,513,0.337,488,979,0.498,1.26,0.501
2021,54,Mount St. Mary's,22,63.7,6.6,20,146,433,0.337,362,759,0.477,1.18,0.487
2021,55,Utah State,28,73.3,6.5,19,181,538,0.336,570,1144,0.498,1.22,0.5
2021,56,UConn,22,72.5,6.7,20,148,440,0.336,433,883,0.49,1.21,0.495
2021,57,Purdue,27,71.1,7.1,21,192,573,0.335,497,954,0.521,1.26,0.514
2021,58,Grand Canyon,23,75.6,6.8,20,156,470,0.332,490,844,0.581,1.32,0.551
2021,59,VCU,26,71.7,6.5,20,168,510,0.329,491,950,0.517,1.28,0.509
2021,60,Hartford,23,65.9,7.6,23,174,533,0.326,369,718,0.514,1.21,0.504
2021,61,Appalachian State,28,70.9,8.1,25,227,701,0.324,447,925,0.483,1.22,0.484
2021,62,Missouri,25,73.6,6.9,22,173,540,0.32,473,899,0.526,1.28,0.509
2021,63,Michigan State,27,69,6.4,20,172,537,0.32,496,1037,0.478,1.18,0.479
2021,64,Cleveland State,26,71.5,6.4,20,166,520,0.319,518,994,0.521,1.23,0.507
2021,65,North Carolina,28,75.7,5.6,18,157,496,0.317,619,1265,0.489,1.2,0.485
2021,66,Rutgers,26,70,6,19,157,505,0.311,539,1039,0.519,1.18,0.502
2021,67,UNC Greensboro,29,73.6,7.6,25,221,736,0.3,582,1158,0.503,1.13,0.482
2021,68,Texas Southern,24,74.8,4.6,17,110,398,0.276,540,1045,0.517,1.24,0.489
2019,1,Wofford,33,83,11,26,364,874,0.416,633,1148,0.551,1.35,0.583
2019,2,Virginia,32,71.8,8.5,21,271,663,0.409,549,1052,0.522,1.34,0.557
2019,3,Fairleigh Dickinson,33,75.4,7.7,19,254,629,0.404,622,1205,0.516,1.36,0.547
2019,4,Virginia Tech,32,74,9.6,24,307,779,0.394,517,954,0.542,1.37,0.564
2019,5,Marquette,33,77.7,9.4,24,311,791,0.393,558,1104,0.505,1.35,0.541
2019,6,Gardner-Webb,34,78.3,8,20,272,696,0.391,661,1216,0.544,1.39,0.559
2019,7,Georgia State,32,77.2,9.9,25,316,814,0.388,549,1044,0.526,1.33,0.551
2019,8,Colgate,34,75.8,9,23,305,786,0.388,625,1153,0.542,1.33,0.558
2019,9,Northeastern,33,76.1,9.8,25,322,830,0.388,542,961,0.564,1.4,0.572
2019,10,Abilene Christian,33,74.5,7.5,19,246,637,0.386,634,1221,0.519,1.32,0.54
2019,11,Michigan State,33,79.2,8.3,22,273,712,0.383,649,1177,0.551,1.38,0.56
2019,12,Montana,34,76.8,8.3,22,281,739,0.38,674,1184,0.569,1.36,0.57
2019,13,Saint Mary's,33,72.9,7.4,20,245,648,0.378,631,1202,0.525,1.3,0.54
2019,24,Mississippi State,33,77.3,8.6,23,284,752,0.378,627,1178,0.532,1.32,0.546
2019,15,Auburn,34,79.4,11.2,30,381,1012,0.376,549,1059,0.518,1.3,0.541
2019,16,Belmont,31,87.4,10.5,28,325,871,0.373,662,1105,0.599,1.37,0.582
2019,17,Yale,28,80.6,7.8,21,217,586,0.37,617,1101,0.56,1.34,0.559
2019,18,Texas Tech,32,73.1,7.3,20,232,631,0.368,605,1144,0.529,1.32,0.537
2019,19,Liberty,34,74,8.8,24,300,817,0.367,621,1061,0.585,1.34,0.57
2019,20,Wisconsin,33,69.1,7.1,19,235,642,0.366,619,1243,0.498,1.21,0.515
2019,21,North Dakota State,33,73.2,9.5,26,315,861,0.366,513,955,0.537,1.33,0.543
2019,22,Northern Kentucky,34,79.1,8.9,24,301,823,0.366,655,1163,0.563,1.35,0.557
2019,23,Bradley,34,66.6,6.8,19,231,632,0.366,559,1190,0.47,1.24,0.497
2019,24,North Carolina,33,86.1,8.8,24,289,791,0.365,734,1416,0.518,1.29,0.529
2019,25,Gonzaga,33,88.8,7.8,21,257,704,0.365,805,1293,0.623,1.47,0.596
2019,26,Iowa State,34,77.4,8.5,23,288,789,0.365,663,1205,0.55,1.32,0.549
2019,27,Purdue,32,76.2,9.7,27,311,854,0.364,546,1066,0.512,1.27,0.527
2019,28,Houston,33,76.2,9.2,25,305,838,0.364,578,1130,0.512,1.28,0.526
2019,29,Kentucky,33,76.7,6,17,199,547,0.364,679,1288,0.527,1.38,0.533
2019,30,Iowa,33,78.3,8.1,22,267,739,0.361,595,1155,0.515,1.36,0.526
2019,31,St. John's,33,77.5,8.5,24,281,778,0.361,641,1253,0.512,1.26,0.523
2019,32,UC Irvine,35,72.9,6.8,19,238,660,0.361,707,1398,0.506,1.24,0.517
2019,33,Ole Miss,32,75.4,8.2,23,261,729,0.358,586,1115,0.526,1.31,0.53
2019,34,Tennessee,33,82.3,6.8,19,225,629,0.358,766,1359,0.564,1.37,0.555
2019,35,Utah State,34,79.2,7.9,22,267,752,0.355,673,1233,0.546,1.36,0.541
2019,36,UCF,31,72.1,6.8,19,211,596,0.354,554,1056,0.525,1.35,0.527
2019,37,Maryland,32,71.3,7.3,21,232,657,0.353,575,1120,0.513,1.28,0.519
2019,38,Old Dominion,34,66.2,7.6,22,258,731,0.353,547,1228,0.445,1.15,0.477
2019,39,Villanova,34,74.5,10.6,30,361,1023,0.353,479,889,0.539,1.32,0.534
2019,40,Vermont,33,73.9,7.8,22,257,729,0.353,584,1105,0.529,1.33,0.529
2019,41,Michigan,33,70.7,8.1,23,266,757,0.351,589,1137,0.518,1.23,0.522
2019,42,Nevada,33,80.7,8.8,25,292,831,0.351,613,1113,0.551,1.37,0.541
2019,43,Iona,32,76.8,8.8,25,282,804,0.351,553,1038,0.533,1.33,0.53
2019,44,Kansas,34,75.4,7.2,21,246,702,0.35,682,1306,0.522,1.28,0.523
2019,45,Cincinnati,33,71.8,6.7,19,220,629,0.35,602,1274,0.473,1.24,0.49
2019,46,Murray State,31,83.3,7.8,22,242,695,0.348,696,1195,0.582,1.37,0.56
2019,47,Washington,34,69.8,7.5,22,254,734,0.346,581,1111,0.523,1.29,0.521
2019,48,Ohio State,33,69.6,7.5,22,249,725,0.343,548,1099,0.499,1.26,0.505
2019,49,Oregon,35,70.5,7.6,22,266,775,0.343,620,1196,0.518,1.25,0.517
2019,50,Oklahoma,32,71.2,6.6,19,212,619,0.342,618,1245,0.496,1.22,0.502
2019,51,Louisville,33,74.5,8.6,25,285,834,0.342,543,1074,0.506,1.29,0.509
2019,52,Arizona State,32,77.8,7.3,21,232,680,0.341,619,1223,0.506,1.31,0.508
2019,53,Baylor,32,71.7,7.9,23,254,748,0.34,562,1106,0.508,1.24,0.509
2019,54,Kansas State,33,65.8,7.1,21,233,694,0.336,551,1125,0.49,1.19,0.495
2019,55,Florida State,34,74.9,7.5,22,255,760,0.336,624,1224,0.51,1.28,0.507
2019,56,Buffalo,34,84.9,9.6,29,325,969,0.335,708,1265,0.56,1.29,0.535
2019,57,New Mexico State,34,78.1,9.4,28,319,952,0.335,618,1089,0.567,1.3,0.537
2019,58,Florida,34,68.3,8.1,24,277,828,0.335,537,1079,0.498,1.22,0.499
2019,59,Temple,32,74.8,7.5,23,240,726,0.331,605,1201,0.504,1.24,0.501
2019,60,Syracuse,33,69.7,7.9,24,262,795,0.33,525,1061,0.495,1.24,0.495
2019,61,Seton Hall,33,73.9,7,22,231,714,0.324,632,1245,0.508,1.25,0.499
2019,62,LSU,32,81.4,6.8,21,219,678,0.323,693,1297,0.534,1.32,0.517
2019,63,Minnesota,34,70.8,5.2,16,178,554,0.321,662,1368,0.484,1.25,0.483
2019,64,North Carolina Central,33,71.4,6.4,20,212,672,0.315,638,1193,0.535,1.26,0.513
2019,65,Saint Louis,34,67.4,5.8,19,197,630,0.313,617,1311,0.471,1.18,0.47
2019,66,Prairie View A&M,34,75,6.2,20,210,675,0.311,665,1322,0.503,1.28,0.491
2019,67,VCU,32,71.4,7.2,23,229,745,0.307,572,1066,0.537,1.26,0.506
2019,68,Duke,34,83.5,7.3,24,247,818,0.302,790,1355,0.583,1.31,0.534
2018,1,Purdue,34,81.1,9.6,23,326,776,0.42,632,1152,0.549,1.43,0.581
2018,2,Michigan State,33,81,8.4,20,277,671,0.413,666,1201,0.555,1.43,0.578
2018,3,South Dakota State,34,84.9,10.6,26,361,896,0.403,618,1188,0.52,1.38,0.556
2018,4,Kansas,34,81.5,10.1,25,345,857,0.403,679,1201,0.565,1.35,0.581
2018,5,Arkansas,34,81.1,7.8,19,265,661,0.401,720,1402,0.514,1.34,0.542
2018,6,TCU,32,83,8.5,21,271,677,0.4,689,1248,0.552,1.38,0.569
2018,7,St. Bonaventure,32,77.9,7.8,19,248,623,0.398,596,1228,0.485,1.35,0.523
2018,8,Loyola Chicago,33,72.4,7.5,19,246,618,0.398,623,1096,0.568,1.39,0.579
2018,9,Villanova,34,87.1,11.4,29,388,975,0.398,667,1117,0.597,1.41,0.597
2018,10,Nevada,34,83.1,9.7,24,330,830,0.398,633,1226,0.516,1.37,0.549
2018,11,Davidson,31,77,10.8,28,336,856,0.393,520,907,0.573,1.35,0.581
2018,12,Virginia,33,67.5,7.4,19,243,623,0.39,582,1165,0.5,1.25,0.529
2018,13,Houston,32,78.1,8.7,22,278,714,0.389,613,1184,0.518,1.32,0.543
2018,14,Iona,33,79.8,9.7,25,319,822,0.388,612,1195,0.512,1.31,0.541
2018,15,UMBC,34,73.9,10.2,26,346,894,0.387,540,1099,0.491,1.26,0.531
2018,16,Georgia State,33,75.4,9.3,24,307,795,0.386,584,1129,0.517,1.29,0.543
2018,17,Wichita State,32,83,9.1,24,292,758,0.385,638,1186,0.538,1.37,0.553
2018,18,Virginia Tech,32,79.7,8.8,23,280,727,0.385,621,1084,0.573,1.41,0.575
2018,19,Missouri,32,73.3,9.3,24,298,775,0.385,480,941,0.51,1.37,0.54
2018,20,Tennessee,32,74.3,7.8,20,249,648,0.384,561,1187,0.473,1.3,0.509
2018,21,UCLA,32,81.9,9.4,24,300,783,0.383,606,1181,0.513,1.33,0.538
2018,22,Murray State,31,78.9,8.5,22,264,696,0.379,585,1056,0.554,1.4,0.56
2018,23,Duke,33,84.7,8.3,22,274,725,0.378,734,1319,0.556,1.37,0.56
2018,24,Arizona,34,80.9,6.9,18,235,624,0.377,745,1315,0.567,1.42,0.566
2018,25,Creighton,32,84.3,10.4,28,334,889,0.376,651,1093,0.596,1.36,0.581
2018,26,Florida,32,76.1,9.1,24,292,778,0.375,549,1159,0.474,1.26,0.51
2018,27,Iowa,33,79.7,7.6,20,252,672,0.375,694,1303,0.533,1.33,0.543
2018,28,Gonzaga,34,84.5,9.1,24,309,826,0.374,740,1259,0.588,1.38,0.577
2018,29,NC State,32,81.2,7.9,21,252,677,0.372,685,1316,0.521,1.3,0.533
2018,30,Stephen F. Austin,34,81.1,7,19,237,637,0.372,745,1375,0.542,1.37,0.547
2018,31,Buffalo,34,84.8,9.7,26,329,887,0.371,716,1319,0.543,1.31,0.548
2018,32,Xavier,33,84.3,7.8,21,258,699,0.369,695,1243,0.559,1.43,0.557
2018,33,Michigan,35,74.5,9.1,25,320,868,0.369,623,1135,0.549,1.3,0.551
2018,34,Clemson,32,73.3,8.3,23,266,726,0.366,543,1060,0.512,1.31,0.527
2018,35,Auburn,32,83.4,9.8,27,312,852,0.366,556,1125,0.494,1.35,0.518
2018,36,Texas Tech,33,75.2,7,19,232,634,0.366,631,1226,0.515,1.33,0.526
2018,37,North Carolina,35,82,8.3,23,290,796,0.364,758,1483,0.511,1.26,0.523
2018,38,Seton Hall,32,79,7.3,20,233,640,0.364,681,1311,0.519,1.3,0.528
2018,39,Arizona State,31,83.5,8.9,25,277,761,0.364,590,1107,0.533,1.39,0.538
2018,40,Charleston,33,75.1,7.7,21,254,698,0.364,598,1155,0.518,1.34,0.528
2018,41,Texas Southern,34,77.6,7.8,22,266,732,0.363,612,1257,0.487,1.33,0.508
2018,42,Miami,31,74.2,7.8,22,243,669,0.363,607,1163,0.522,1.25,0.531
2018,43,Oklahoma,31,85.2,9.5,26,296,816,0.363,629,1177,0.534,1.32,0.538
2018,44,Cincinnati,33,75,7.4,21,244,681,0.358,629,1245,0.505,1.29,0.517
2018,45,Kentucky,33,76.7,5.4,15,178,497,0.358,717,1411,0.508,1.33,0.516
2018,46,UNC Greensboro,34,73.5,9.6,27,328,917,0.358,568,1092,0.52,1.24,0.528
2018,47,Butler,33,79.1,8.2,23,270,759,0.356,694,1282,0.541,1.28,0.538
2018,48,Marshall,34,84.3,10,28,341,963,0.354,651,1153,0.565,1.35,0.549
2018,49,West Virginia,34,79.6,8.8,25,299,847,0.353,645,1329,0.485,1.24,0.503
2018,50,Ohio State,32,75.8,6.8,19,216,612,0.353,678,1230,0.551,1.32,0.544
2018,51,Florida State,31,81.8,8,23,248,706,0.351,658,1206,0.546,1.33,0.539
2018,52,Rhode Island,31,76.8,6.8,19,210,600,0.35,669,1304,0.513,1.25,0.517
2018,53,Radford,34,67.4,7.7,22,263,752,0.35,539,1130,0.477,1.22,0.496
2018,54,Pennsylvania,31,76.7,8.8,25,272,783,0.347,575,1057,0.544,1.29,0.534
2018,55,Long Island University,34,77.5,8,23,272,789,0.345,644,1216,0.53,1.31,0.525
2018,56,Kansas State,33,72.4,6.9,20,229,666,0.344,625,1145,0.546,1.32,0.535
2018,57,Bucknell,34,81.1,7.9,23,269,784,0.343,673,1211,0.556,1.38,0.54
2018,58,Montana,33,78.1,5.5,16,183,534,0.343,743,1431,0.519,1.31,0.518
2018,59,Wright State,34,72.1,6.9,20,233,682,0.342,621,1277,0.486,1.25,0.495
2018,60,San Diego State,32,77.5,7.3,22,235,693,0.339,647,1220,0.53,1.3,0.522
2018,61,North Carolina Central,34,72.8,6.2,18,212,626,0.339,716,1365,0.525,1.24,0.519
2018,62,CSU Fullerton,31,73.2,5.3,16,163,482,0.338,623,1189,0.524,1.36,0.519
2018,63,Providence,34,73.7,6.4,19,217,651,0.333,655,1324,0.495,1.27,0.496
2018,64,New Mexico State,33,75.9,7.5,23,249,748,0.333,690,1294,0.533,1.23,0.521
2018,65,Lipscomb,32,82.6,8.1,25,260,785,0.331,641,1191,0.538,1.34,0.522
2018,66,Texas A&M,32,75,6.6,20,211,645,0.327,676,1297,0.521,1.24,0.511
2018,67,Alabama,34,72.4,6.4,20,217,669,0.324,643,1208,0.532,1.31,0.516
2018,68,Syracuse,33,67.5,5.8,18,193,600,0.322,558,1196,0.467,1.24,0.472
2018,69,Texas,33,71.7,7.1,22,234,742,0.315,617,1201,0.514,1.22,0.498
2018,70,North Carolina A&T,34,75.6,6.1,20,207,690,0.3,702,1269,0.553,1.31,0.517
2017,1,Marquette,31,82.5,10.5,24,325,755,0.43,569,1080,0.527,1.39,0.576
2017,2,Wichita State,34,82.1,8.7,21,296,725,0.408,653,1280,0.51,1.39,0.547
2017,3,Purdue,32,80.1,9,22,288,709,0.406,606,1155,0.525,1.38,0.557
2017,4,SMU,34,74.5,8.1,20,277,682,0.406,613,1197,0.512,1.35,0.547
2017,5,UCLA,33,90.4,9.9,24,327,807,0.405,786,1337,0.588,1.39,0.595
2017,6,Kansas,32,82.7,8.7,22,279,689,0.405,667,1254,0.532,1.36,0.559
2017,7,Virginia Tech,32,79.3,8.8,22,283,703,0.403,581,1061,0.548,1.44,0.57
2017,8,Iowa State,33,80.9,10,25,329,818,0.402,642,1254,0.512,1.29,0.548
2017,9,Oklahoma State,32,85.5,9,22,287,716,0.401,635,1270,0.5,1.38,0.537
2017,10,Saint Mary's,32,72,8.8,22,282,706,0.399,560,992,0.565,1.36,0.579
2017,11,Creighton,34,82.1,8.7,22,297,744,0.399,755,1327,0.569,1.35,0.58
2017,12,Arizona,34,76.3,6.7,17,229,576,0.398,662,1297,0.51,1.38,0.537
2017,13,Iona,34,80.5,9.8,25,332,836,0.397,619,1255,0.493,1.31,0.534
2017,14,Virginia,32,66.6,7,18,224,570,0.393,573,1147,0.5,1.24,0.529
2017,15,North Dakota,31,80.5,7,18,218,563,0.387,676,1287,0.525,1.35,0.542
2017,16,Dayton,31,76.5,8.1,21,251,649,0.387,551,1056,0.522,1.39,0.544
2017,17,Wake Forest,32,82.7,8.1,21,259,670,0.387,639,1232,0.519,1.39,0.54
2017,18,Notre Dame,34,78,9.4,24,320,830,0.386,617,1203,0.513,1.3,0.54
2017,19,Nevada,34,80,9.2,24,312,811,0.385,595,1206,0.493,1.35,0.527
2017,20,East Tennessee State,34,79.9,7.5,20,256,669,0.383,679,1235,0.55,1.43,0.558
2017,21,Princeton,29,72.1,10,26,290,758,0.383,460,901,0.511,1.26,0.539
2017,22,Gonzaga,33,84.6,7.3,19,241,631,0.382,761,1304,0.584,1.44,0.58
2017,23,Michigan,35,74.8,9.4,25,328,860,0.381,592,1045,0.567,1.37,0.569
2017,24,Oregon,34,79.1,8.6,23,292,773,0.378,662,1209,0.548,1.36,0.555
2017,25,Bucknell,34,76.1,8.1,22,277,734,0.377,638,1168,0.546,1.36,0.554
2017,26,Vanderbilt,34,71.3,9.9,26,337,895,0.377,457,946,0.483,1.32,0.523
2017,27,Duke,35,80.7,8.2,22,288,766,0.376,680,1264,0.538,1.39,0.548
2017,28,Michigan State,33,71.7,7.8,21,259,689,0.376,591,1128,0.524,1.3,0.539
2017,29,Winthrop,32,79.7,9.5,25,304,814,0.373,562,1081,0.52,1.35,0.537
2017,30,Jacksonville State,34,69.7,7.3,20,248,666,0.372,586,1157,0.506,1.3,0.526
2017,31,Villanova,34,77.7,8.8,24,300,810,0.37,613,1027,0.597,1.44,0.579
2017,32,Vermont,34,73.6,6.4,17,219,594,0.369,697,1254,0.556,1.35,0.555
2017,33,Providence,32,70.3,7.2,20,230,625,0.368,549,1119,0.491,1.29,0.513
2017,34,Middle Tennessee,34,75,6.4,17,217,590,0.368,744,1372,0.542,1.3,0.545
2017,35,North Carolina,34,84.9,7.2,20,246,672,0.366,809,1567,0.516,1.29,0.526
2017,36,UNC Wilmington,34,85.2,9.6,26,326,891,0.366,720,1279,0.563,1.33,0.557
2017,37,Arkansas,34,79.8,6.5,18,222,610,0.364,721,1436,0.502,1.33,0.515
2017,38,Butler,31,76.3,7.6,21,237,652,0.363,594,1088,0.546,1.36,0.546
2017,39,USC,33,78.7,7.8,22,259,713,0.363,638,1264,0.505,1.31,0.519
2017,40,Maryland,32,74.2,8.3,23,265,730,0.363,540,1056,0.511,1.33,0.525
2017,41,South Dakota State,34,77.6,9.2,25,313,863,0.363,550,1017,0.541,1.4,0.542
2017,42,Troy,36,78.4,8.5,23,306,845,0.362,652,1250,0.522,1.35,0.53
2017,43,Florida,32,78.3,7.8,21,248,685,0.362,603,1208,0.499,1.32,0.515
2017,44,West Virginia,34,82,7.6,21,257,711,0.361,729,1442,0.506,1.29,0.518
2017,45,Kansas State,33,71.7,7.1,20,234,649,0.361,583,1133,0.515,1.33,0.524
2017,46,Miami,32,69.4,6.4,18,205,571,0.359,587,1177,0.499,1.27,0.512
2017,47,Baylor,32,72.7,6.8,19,216,602,0.359,622,1177,0.528,1.31,0.532
2017,48,Louisville,32,77.5,7.1,20,228,636,0.358,665,1325,0.502,1.27,0.514
2017,49,Mount St. Mary's,34,68.3,7.2,20,246,690,0.357,585,1183,0.495,1.24,0.509
2017,50,Florida State,33,82.5,6.9,19,227,637,0.356,755,1395,0.541,1.34,0.539
2017,51,Wisconsin,34,71.9,7.6,21,257,723,0.355,634,1249,0.508,1.24,0.517
2017,52,UC Davis,34,70.5,6.2,18,212,599,0.354,618,1299,0.476,1.26,0.493
2017,53,Kentucky,34,85.9,7.1,20,240,679,0.353,786,1473,0.534,1.36,0.533
2017,54,Northern Kentucky,34,76.1,8.6,24,292,827,0.353,610,1137,0.536,1.32,0.534
2017,55,Florida Gulf Coast,33,79.4,6.5,18,213,608,0.35,765,1341,0.57,1.34,0.556
2017,56,Minnesota,33,75.3,6.2,18,203,589,0.345,660,1396,0.473,1.25,0.486
2017,57,Cincinnati,34,74.5,7.4,22,252,734,0.343,664,1282,0.518,1.26,0.517
2017,58,Northwestern,34,71.1,7.1,21,241,707,0.341,619,1266,0.489,1.23,0.497
2017,59,North Carolina Central,33,75.1,7.6,22,250,735,0.34,636,1203,0.529,1.28,0.522
2017,60,Xavier,34,74.6,7,21,239,703,0.34,637,1226,0.52,1.32,0.516
2017,61,Rhode Island,33,73.4,6.3,18,207,609,0.34,653,1292,0.505,1.27,0.507
2017,62,South Carolina,32,72.1,6.8,20,216,639,0.338,571,1260,0.453,1.21,0.471
2017,63,Seton Hall,32,73.3,6.1,18,196,580,0.338,650,1299,0.5,1.25,0.502
2017,64,New Mexico State,33,78.9,7.4,22,244,725,0.337,641,1168,0.549,1.38,0.532
2017,65,VCU,34,74.7,5.8,17,197,589,0.334,719,1396,0.515,1.28,0.511
2017,66,New Orleans,31,73.1,4.5,14,138,429,0.322,663,1272,0.521,1.33,0.511
2017,67,Kent State,35,76.9,7.1,22,248,781,0.318,707,1451,0.487,1.21,0.483
2017,68,Texas Southern,34,74.4,5.8,20,198,668,0.296,646,1289,0.501,1.29,0.482
2016,1,Michigan State,33,80.2,9.2,21,302,694,0.435,652,1270,0.513,1.35,0.563
2016,2,Kansas,34,81.6,8.3,20,283,664,0.426,693,1310,0.529,1.4,0.566
2016,3,Oklahoma,32,80.4,10.4,25,334,784,0.426,550,1144,0.481,1.33,0.545
2016,4,Indiana,32,82.3,9.9,24,316,762,0.415,618,1102,0.561,1.41,0.586
2016,5,Virginia,33,70.4,6,15,198,489,0.405,651,1254,0.519,1.33,0.544
2016,6,Colorado,33,76,7.6,19,250,637,0.392,592,1342,0.441,1.27,0.489
2016,7,Little Rock,32,71,7.6,19,243,623,0.39,567,1152,0.492,1.28,0.525
2016,8,Vanderbilt,32,76.8,8.4,22,270,695,0.388,571,1131,0.505,1.35,0.535
2016,9,Duke,33,81.5,9.3,24,306,791,0.387,599,1181,0.507,1.36,0.537
2016,10,Butler,31,80.6,7.1,18,220,569,0.387,648,1295,0.5,1.34,0.525
2016,11,Middle Tennessee,33,72.7,7.9,20,260,673,0.386,597,1229,0.486,1.26,0.519
2016,12,USC,33,80.8,7.9,20,260,675,0.385,694,1410,0.492,1.28,0.52
2016,13,Michigan,34,74.3,9.6,25,326,849,0.384,572,1077,0.531,1.31,0.551
2016,14,Arizona,33,81.2,6.5,17,215,562,0.383,711,1360,0.523,1.39,0.538
2016,15,Iowa,31,78.1,8.2,22,255,667,0.382,600,1231,0.487,1.28,0.518
2016,16,Iowa State,32,81.8,8.3,22,265,697,0.38,733,1293,0.567,1.32,0.568
2016,17,Gonzaga,33,79.7,7.8,21,258,682,0.378,671,1228,0.546,1.38,0.554
2016,18,Northern Iowa,34,68,8.2,22,278,742,0.375,523,1009,0.518,1.32,0.537
2016,19,Maryland,33,76.1,7.6,20,252,673,0.374,624,1121,0.557,1.4,0.559
2016,20,Yale,28,75.2,6.5,17,181,484,0.374,563,1096,0.514,1.33,0.528
2016,21,Weber State,34,76.7,8.4,23,287,768,0.374,600,1063,0.564,1.42,0.563
2016,22,Iona,32,79.6,10,27,320,860,0.372,568,1087,0.523,1.31,0.538
2016,23,Purdue,33,78.2,7.8,21,256,688,0.372,657,1237,0.531,1.34,0.541
2016,24,Stony Brook,32,76.8,6.8,18,217,584,0.372,696,1333,0.522,1.28,0.533
2016,25,Oregon State,31,72.1,6.8,18,211,570,0.37,575,1213,0.474,1.25,0.5
2016,26,Notre Dame,32,75.7,7.3,20,235,637,0.369,634,1207,0.525,1.31,0.535
2016,27,Kentucky,33,79.6,6.8,19,226,613,0.369,717,1358,0.528,1.33,0.536
2016,28,California,33,75.1,7.1,19,233,632,0.369,634,1249,0.508,1.32,0.523
2016,29,Stephen F. Austin,32,80.7,7.9,22,254,691,0.368,672,1224,0.549,1.35,0.55
2016,30,Baylor,33,77.2,6.2,17,204,556,0.367,699,1379,0.507,1.32,0.519
2016,31,Miami,32,75.6,6.8,19,219,599,0.366,618,1157,0.534,1.38,0.539
2016,32,Chattanooga,34,75.8,7.6,21,259,712,0.364,610,1192,0.512,1.35,0.524
2016,33,Fairleigh Dickinson,32,77.9,7.2,20,230,633,0.363,676,1325,0.51,1.27,0.521
2016,34,Utah,34,77.6,7.6,21,259,713,0.363,669,1185,0.565,1.39,0.557
2016,35,UConn,33,73.5,7,19,231,636,0.363,647,1275,0.507,1.27,0.52
2016,36,Xavier,32,81.3,7.6,21,243,672,0.362,633,1266,0.5,1.34,0.515
2016,37,VCU,33,77.3,7.3,20,240,665,0.361,685,1383,0.495,1.25,0.51
2016,38,Syracuse,32,70.2,8.8,24,280,776,0.361,486,1020,0.476,1.25,0.504
2016,39,Wisconsin,32,68.9,6.6,18,211,590,0.358,540,1158,0.466,1.26,0.49
2016,40,South Dakota State,33,76.3,7.4,21,245,686,0.357,608,1205,0.505,1.33,0.516
2016,41,Florida Gulf Coast,33,77,5.3,15,176,493,0.357,773,1498,0.516,1.28,0.521
2016,42,Texas A&M,33,75.9,7.7,22,255,722,0.353,623,1228,0.507,1.28,0.516
2016,43,Southern,34,72.9,6.1,17,208,590,0.353,679,1401,0.485,1.25,0.498
2016,44,Seton Hall,33,74.8,6.1,17,202,573,0.353,670,1364,0.491,1.28,0.502
2016,45,Green Bay,35,84.2,7,20,246,703,0.35,781,1591,0.491,1.29,0.501
2016,46,Oregon,34,78.8,6.9,20,234,670,0.349,699,1327,0.527,1.34,0.526
2016,47,Pittsburgh,32,76,6.3,18,201,578,0.348,659,1293,0.51,1.3,0.513
2016,48,Austin Peay,35,76,6.3,18,219,630,0.348,701,1358,0.516,1.34,0.518
2016,49,Dayton,32,73.2,6.7,19,215,620,0.347,603,1160,0.52,1.32,0.52
2016,50,Cincinnati,32,73.2,7.6,22,242,701,0.345,581,1224,0.475,1.22,0.49
2016,51,Texas Tech,31,72.4,5.7,17,178,517,0.344,582,1183,0.492,1.32,0.499
2016,52,CSU Bakersfield,32,73,5.4,16,174,506,0.344,675,1375,0.491,1.24,0.498
2016,53,Villanova,34,77,8.6,25,291,847,0.344,614,1089,0.564,1.35,0.543
2016,54,Fresno State,34,75.3,6.2,18,212,620,0.342,688,1453,0.474,1.24,0.485
2016,55,Temple,32,68.7,7.8,23,251,739,0.34,541,1218,0.444,1.12,0.469
2016,56,Texas,32,71.3,7,21,223,657,0.339,566,1171,0.483,1.25,0.493
2016,57,Buffalo,34,77.6,7.4,22,253,750,0.337,639,1287,0.497,1.29,0.5
2016,58,UNC Wilmington,32,79.2,6.8,20,219,651,0.336,679,1320,0.514,1.29,0.511
2016,59,Wichita State,32,73.2,7.3,22,234,710,0.33,567,1136,0.499,1.27,0.497
2016,60,Tulsa,31,74,7,21,216,656,0.329,580,1137,0.51,1.28,0.504
2016,61,West Virginia,34,79.2,6.1,18,206,627,0.329,721,1423,0.507,1.31,0.502
2016,62,Saint Joseph's,33,77.3,7.2,22,236,720,0.328,655,1264,0.518,1.29,0.509
2016,63,Holy Cross,33,65.3,7.2,22,236,721,0.327,501,1064,0.471,1.21,0.479
2016,64,Hawai'i,32,77.6,7.2,22,230,704,0.327,613,1120,0.547,1.36,0.525
2016,65,UNC Asheville,33,75.6,5.8,18,190,586,0.324,687,1330,0.517,1.3,0.507
2016,66,Providence,33,74,7.1,22,234,729,0.321,599,1245,0.481,1.24,0.481
2016,67,North Carolina,34,82.3,5.4,17,183,583,0.314,864,1604,0.539,1.28,0.521
2016,68,Hampton,31,74.8,6.5,21,203,659,0.308,590,1252,0.471,1.21,0.468
2015,1,Lafayette,32,74.2,8,19,257,622,0.413,594,1122,0.529,1.36,0.562
2015,2,Gonzaga,34,79.1,7.1,17,242,593,0.408,731,1263,0.579,1.45,0.589
2015,3,Utah,32,72.1,7.7,19,247,611,0.404,541,1013,0.534,1.42,0.561
2015,4,Indiana,33,77.5,9.3,23,308,764,0.403,591,1166,0.507,1.32,0.546
2015,5,Eastern Washington,34,80.8,9.9,24,335,832,0.403,616,1149,0.536,1.39,0.565
2015,6,Northern Iowa,33,65.4,7.3,18,242,609,0.397,493,914,0.539,1.42,0.562
2015,7,Davidson,31,79.9,10.9,27,337,849,0.397,540,1012,0.534,1.33,0.562
2015,8,Boise State,33,70.8,8.8,22,291,738,0.394,518,1030,0.503,1.32,0.54
2015,9,Notre Dame,34,78.8,8.3,21,281,716,0.392,664,1137,0.584,1.45,0.586
2015,10,North Florida,34,75.7,9.1,23,308,788,0.391,564,1070,0.527,1.39,0.552
2015,11,UC Irvine,33,67.9,6.4,16,212,544,0.39,618,1255,0.492,1.25,0.52
2015,12,Villanova,34,76.3,9,23,306,787,0.389,555,1046,0.531,1.41,0.553
2015,13,Northeastern,34,68.6,5.9,15,200,515,0.388,611,1155,0.529,1.4,0.546
2015,14,BYU,34,83.6,8.4,22,285,734,0.388,663,1298,0.511,1.4,0.537
2015,15,Michigan State,34,71.9,7.5,20,256,663,0.386,645,1249,0.516,1.28,0.538
2015,16,Stephen F. Austin,33,79.5,7.8,20,257,666,0.386,637,1153,0.552,1.44,0.562
2015,17,Duke,33,80.6,7.6,20,250,648,0.386,694,1232,0.563,1.41,0.569
2015,18,Belmont,32,74.5,10,26,321,841,0.382,510,905,0.564,1.36,0.568
2015,19,Robert Morris,33,69,6.4,17,211,555,0.38,591,1243,0.475,1.27,0.505
2015,20,North Dakota State,32,64.5,6.9,18,220,579,0.38,494,1080,0.457,1.24,0.497
2015,21,Valparaiso,33,69.8,6.8,18,224,593,0.378,593,1187,0.5,1.29,0.522
2015,22,Baylor,33,69.5,6.9,18,229,607,0.377,565,1224,0.462,1.25,0.496
2015,23,Wofford,34,67,6.3,17,215,572,0.376,585,1173,0.499,1.31,0.52
2015,24,Kansas,34,71.2,5.8,16,198,528,0.375,624,1341,0.465,1.3,0.493
2015,25,Maryland,33,69.5,7.3,20,241,647,0.372,500,1046,0.478,1.35,0.509
2015,26,Ohio State,33,75.8,6.8,18,225,605,0.372,691,1281,0.539,1.33,0.545
2015,27,New Mexico State,33,68.5,4.8,13,160,435,0.368,628,1257,0.5,1.34,0.513
2015,28,Iowa State,33,78.4,7.8,21,257,703,0.366,659,1205,0.547,1.36,0.547
2015,29,UCLA,33,72,6.2,17,205,564,0.363,644,1363,0.472,1.23,0.494
2015,30,Wichita State,32,69.7,7,19,224,619,0.362,560,1137,0.493,1.27,0.51
2015,31,NC State,33,70.4,6.6,18,219,606,0.361,601,1269,0.474,1.24,0.496
2015,32,Virginia,32,65.3,5.1,14,162,449,0.361,599,1195,0.501,1.27,0.512
2015,33,Oregon,34,75.6,7.3,20,248,688,0.36,689,1343,0.513,1.26,0.522
2015,34,Albany,32,65.5,6.2,17,197,547,0.36,509,1058,0.481,1.31,0.501
2015,35,Arizona,34,76.4,5.1,14,172,478,0.36,736,1377,0.534,1.4,0.536
2015,36,SMU,33,69.4,4.2,12,138,384,0.359,674,1311,0.514,1.35,0.52
2015,37,Butler,32,69.6,5.8,16,184,514,0.358,593,1257,0.472,1.26,0.491
2015,38,Wisconsin,34,71.9,7,20,237,663,0.357,623,1130,0.551,1.36,0.546
2015,39,Coastal Carolina,33,71.7,6.7,19,221,621,0.356,587,1220,0.481,1.29,0.499
2015,40,Harvard,29,64.2,4.9,14,141,399,0.353,509,1094,0.465,1.25,0.483
2015,41,St. John's,32,71.2,6.1,17,195,552,0.353,613,1279,0.479,1.24,0.495
2015,42,Dayton,33,68.2,6.5,18,213,605,0.352,537,1015,0.529,1.39,0.529
2015,43,Arkansas,34,78,6.7,19,227,648,0.35,705,1435,0.491,1.27,0.502
2015,44,Kentucky,34,74.9,5.4,16,185,529,0.35,698,1355,0.515,1.35,0.518
2015,45,Oklahoma State,31,67.3,7,20,216,618,0.35,490,989,0.495,1.3,0.507
2015,46,Xavier,34,73.6,6.3,18,214,613,0.349,671,1257,0.534,1.34,0.53
2015,47,Georgetown,31,70.7,5.8,17,181,521,0.347,569,1129,0.504,1.33,0.509
2015,48,North Carolina,35,77.9,4.8,14,167,484,0.345,852,1660,0.513,1.27,0.514
2015,49,Georgia,32,68.3,5.6,16,180,524,0.344,548,1149,0.477,1.31,0.489
2015,50,Oklahoma,32,71.9,6.8,20,216,629,0.343,602,1245,0.484,1.23,0.494
2015,51,VCU,35,72.5,8.1,24,283,828,0.342,589,1248,0.472,1.22,0.488
2015,52,Buffalo,32,75,6,18,193,567,0.34,624,1311,0.476,1.28,0.486
2015,53,Manhattan,32,69.9,6.5,19,209,615,0.34,524,1071,0.489,1.33,0.497
2015,54,Texas,33,67.9,6.2,18,206,607,0.339,573,1180,0.486,1.25,0.494
2015,55,LSU,32,73.7,5.8,17,184,543,0.339,684,1359,0.503,1.24,0.505
2015,56,Ole Miss,32,72.6,6.5,19,207,612,0.338,581,1238,0.469,1.26,0.482
2015,57,Purdue,33,70,5.8,17,191,571,0.335,610,1197,0.51,1.31,0.508
2015,58,Cincinnati,32,62.4,5,15,161,483,0.333,555,1098,0.505,1.26,0.504
2015,59,UAB,34,68.9,5.5,17,187,563,0.332,633,1344,0.471,1.23,0.479
2015,60,Iowa,32,69.4,5.7,17,181,545,0.332,577,1231,0.469,1.25,0.478
2015,61,Georgia State,33,72,4.9,15,163,492,0.331,691,1286,0.537,1.34,0.526
2015,62,Wyoming,34,61.7,5.9,18,200,620,0.323,526,953,0.552,1.33,0.525
2015,63,Texas Southern,34,68.2,5.3,17,180,562,0.32,614,1227,0.5,1.3,0.494
2015,64,San Diego State,34,61.8,5.2,16,178,556,0.32,578,1249,0.463,1.16,0.468
2015,65,West Virginia,32,73.9,6.7,21,213,669,0.318,600,1306,0.459,1.2,0.466
2015,66,Providence,33,70.2,4.9,16,161,520,0.31,647,1310,0.494,1.27,0.486
2015,67,Louisville,32,69.2,5.7,19,181,595,0.304,602,1232,0.489,1.21,0.478
2015,68,Hampton,33,67.2,5.7,19,187,615,0.304,566,1232,0.459,1.2,0.458
2014,1,Creighton,33,79.5,10.4,25,342,812,0.421,565,1006,0.562,1.44,0.593
2014,2,Michigan,32,75,8.6,22,274,688,0.398,554,1034,0.536,1.39,0.56
2014,3,Michigan State,33,76.2,8.2,21,272,683,0.398,628,1216,0.516,1.32,0.546
2014,4,Gonzaga,34,76.9,7.1,18,240,609,0.394,685,1250,0.548,1.41,0.562
2014,5,Oregon,32,81.8,7.8,20,249,635,0.392,628,1239,0.507,1.4,0.534
2014,6,Weber State,30,73.2,7.2,18,215,549,0.392,501,939,0.534,1.48,0.553
2014,7,UCLA,34,81.8,6.4,16,217,555,0.391,771,1461,0.528,1.38,0.544
2014,8,Duke,33,79.1,8.9,23,293,750,0.391,590,1145,0.515,1.38,0.543
2014,9,Eastern Kentucky,33,79,9.2,24,303,776,0.39,556,977,0.569,1.49,0.576
2014,10,Baylor,35,75.2,7.6,19,265,679,0.39,629,1284,0.49,1.34,0.523
2014,11,UConn,34,71.9,7.1,18,242,625,0.387,587,1224,0.48,1.32,0.514
2014,12,Harvard,30,73.6,5.7,15,172,445,0.387,574,1151,0.499,1.38,0.521
2014,13,Arizona State,32,75,8.1,21,260,673,0.386,549,1123,0.489,1.34,0.523
2014,14,Mercer,34,79.3,8.1,21,277,721,0.384,656,1242,0.528,1.37,0.546
2014,15,American,32,63.9,6.3,17,203,531,0.382,534,959,0.557,1.37,0.563
2014,16,Saint Joseph's,32,71.5,7.4,19,237,622,0.381,552,1063,0.519,1.36,0.539
2014,17,Oklahoma,32,82.2,8.5,23,273,722,0.378,611,1240,0.493,1.34,0.52
2014,18,Dayton,33,73.4,6.6,17,217,574,0.378,630,1243,0.507,1.33,0.526
2014,19,Wisconsin,33,73.5,7.8,21,256,686,0.373,543,1059,0.513,1.39,0.531
2014,20,New Mexico State,35,77.2,5.4,14,189,507,0.373,721,1346,0.536,1.46,0.542
2014,21,Wofford,32,67.7,6.1,16,195,525,0.371,595,1226,0.485,1.24,0.507
2014,22,Louisville,34,82.1,8.1,22,274,738,0.371,709,1337,0.53,1.35,0.54
2014,23,Stanford,33,73.5,5.9,16,195,526,0.371,639,1270,0.503,1.35,0.519
2014,24,George Washington,32,73.4,5.8,16,185,502,0.369,629,1254,0.502,1.34,0.516
2014,25,Oklahoma State,33,80.3,7.2,19,236,641,0.368,636,1235,0.515,1.41,0.528
2014,26,Louisiana,33,81.4,7,19,231,628,0.368,700,1358,0.515,1.35,0.527
2014,27,North Dakota State,31,76.4,5.4,15,168,458,0.367,678,1203,0.564,1.43,0.56
2014,28,Manhattan,32,77.4,6.4,17,205,559,0.367,600,1227,0.489,1.39,0.508
2014,29,Florida,33,71,6.8,19,225,614,0.366,581,1127,0.516,1.35,0.528
2014,30,Albany,32,66,4.9,13,157,431,0.364,561,1204,0.466,1.29,0.487
2014,31,Virginia,33,65.8,5.5,15,182,501,0.363,581,1185,0.49,1.29,0.507
2014,32,Texas Southern,33,76.2,6.5,18,213,590,0.361,620,1214,0.511,1.39,0.521
2014,33,Villanova,32,78.5,9,25,289,801,0.361,535,993,0.539,1.4,0.54
2014,34,BYU,34,84.2,5.1,14,172,479,0.359,820,1646,0.498,1.35,0.507
2014,35,San Diego State,33,70.6,5.1,14,169,472,0.358,641,1380,0.464,1.26,0.483
2014,36,Arizona,34,73.1,5.3,15,180,505,0.356,712,1399,0.509,1.3,0.516
2014,37,Pittsburgh,34,72.5,5.1,14,175,491,0.356,670,1341,0.5,1.34,0.509
2014,38,Mount St. Mary's,32,76.3,8.9,25,284,797,0.356,537,1066,0.504,1.31,0.517
2014,39,Xavier,33,72.2,5.2,15,172,486,0.354,674,1309,0.515,1.33,0.519
2014,40,Iowa,32,82,5.8,17,187,530,0.353,708,1396,0.507,1.36,0.513
2014,41,VCU,33,75.4,7.5,21,247,704,0.351,621,1362,0.456,1.2,0.48
2014,42,Iowa State,33,82.9,8.3,24,274,781,0.351,692,1268,0.546,1.33,0.538
2014,43,Providence,34,73.2,6.3,18,214,612,0.35,607,1319,0.46,1.29,0.481
2014,44,Wichita State,34,75.5,6.9,20,234,672,0.348,612,1170,0.523,1.39,0.523
2014,43,Stephen F. Austin,33,76.5,7.1,20,235,675,0.348,640,1209,0.529,1.34,0.527
2014,46,UMass,32,76.1,5.4,16,174,501,0.347,698,1394,0.501,1.28,0.506
2014,47,Kansas,33,79.6,5.6,16,184,533,0.345,720,1293,0.557,1.44,0.545
2014,48,Delaware,34,79.5,7.2,21,244,707,0.345,672,1346,0.499,1.32,0.506
2014,49,Nebraska,31,67,5.9,18,184,543,0.339,512,1087,0.471,1.27,0.483
2014,50,Cal Poly,32,63.2,6.5,19,207,611,0.339,506,1130,0.448,1.16,0.469
2014,51,North Carolina Central,33,73.9,5.4,16,179,529,0.338,638,1238,0.515,1.38,0.513
2014,52,New Mexico,33,74.6,5.8,17,193,572,0.337,635,1226,0.518,1.37,0.514
2014,53,North Carolina,32,76.3,4.2,12,134,399,0.336,753,1517,0.496,1.27,0.498
2014,54,Tennessee,33,71.3,5.7,17,189,563,0.336,627,1263,0.496,1.29,0.499
2014,55,Cincinnati,33,68.7,5.8,17,192,573,0.335,592,1263,0.469,1.24,0.479
2014,56,Syracuse,32,68.2,5,15,160,478,0.335,610,1284,0.475,1.24,0.482
2014,57,Memphis,32,77.6,5.4,16,173,517,0.335,734,1378,0.533,1.31,0.524
2014,58,Kansas State,32,69.7,6,18,193,577,0.334,586,1210,0.484,1.25,0.49
2014,59,Coastal Carolina,33,72.7,6.2,18,203,609,0.333,637,1310,0.486,1.25,0.491
2014,60,Western Michigan,32,72.5,6,18,191,575,0.332,571,1060,0.539,1.42,0.524
2014,61,Milwaukee,34,70.9,7,21,239,730,0.327,551,1095,0.503,1.32,0.498
2014,62,Kentucky,33,76.4,5.2,16,170,521,0.326,668,1325,0.504,1.37,0.5
2014,63,Ohio State,34,69.8,5.8,18,197,605,0.326,622,1220,0.51,1.3,0.503
2014,64,Tulsa,33,73.1,5.8,18,190,584,0.325,624,1258,0.496,1.31,0.493
2014,65,Texas,33,74.1,5.1,16,169,521,0.324,682,1454,0.469,1.24,0.474
2014,66,Colorado,34,70.9,5.2,16,177,553,0.32,622,1276,0.487,1.32,0.485
2014,67,Saint Louis,32,70,5.7,18,181,568,0.319,596,1184,0.503,1.28,0.495
2014,68,NC State,34,70.8,4.5,15,152,502,0.303,741,1445,0.513,1.24,0.498
2013,1,Creighton,34,75.4,8.8,21,298,708,0.421,609,1079,0.564,1.43,0.591
2013,2,Indiana,33,80,7.3,18,241,586,0.411,646,1238,0.522,1.45,0.552
2013,3,Duke,32,78.3,7.8,19,248,611,0.406,627,1226,0.511,1.36,0.544
2013,4,Harvard,28,68.9,6.4,16,178,444,0.401,461,882,0.523,1.46,0.549
2013,5,South Dakota State,34,73.9,7.8,20,266,675,0.394,621,1212,0.512,1.33,0.541
2013,6,NC State,34,77.5,5.3,13,180,458,0.393,776,1477,0.525,1.36,0.541
2013,7,Boise State,31,73.3,7.8,20,242,619,0.391,556,1118,0.497,1.31,0.529
2013,8,Belmont,32,77.2,8.5,22,271,702,0.386,615,1091,0.564,1.38,0.57
2013,9,Montana,31,71.1,6.9,18,215,558,0.385,534,1023,0.522,1.39,0.542
2013,10,Long Island University,33,79.5,7.4,19,243,631,0.385,651,1218,0.534,1.42,0.549
2013,11,Pacific,34,67.5,6.4,17,216,564,0.383,590,1221,0.483,1.29,0.512
2013,12,Michigan,33,75.2,7.5,20,247,645,0.383,676,1263,0.535,1.3,0.548
2013,13,Florida,32,71.9,8.3,22,266,697,0.382,577,1043,0.553,1.32,0.561
2013,14,Memphis,34,75.9,6.2,16,210,554,0.379,727,1404,0.518,1.32,0.532
2013,15,Middle Tennessee,33,71.2,5.4,14,177,468,0.378,649,1315,0.494,1.32,0.513
2013,16,Valparaiso,33,71.7,7.5,20,246,655,0.376,558,990,0.564,1.44,0.564
2013,17,Saint Mary's,33,75.5,7.9,21,262,699,0.375,608,1136,0.535,1.36,0.546
2013,18,Notre Dame,34,70.4,6.6,18,224,600,0.373,646,1278,0.505,1.27,0.523
2013,19,Liberty,35,69.1,6.9,18,241,646,0.373,574,1254,0.458,1.27,0.492
2013,20,Iona,33,80.7,8.4,23,277,743,0.373,656,1298,0.505,1.3,0.525
2013,21,North Carolina,33,77.2,7.3,20,242,652,0.371,708,1487,0.476,1.19,0.501
2013,22,Gonzaga,33,77.6,6.4,17,210,566,0.371,707,1254,0.564,1.41,0.562
2013,23,La Salle,30,72.4,7.6,21,228,615,0.371,544,1107,0.491,1.26,0.515
2013,24,Iowa State,33,79.6,9.8,27,325,878,0.37,585,1122,0.521,1.31,0.536
2013,25,Davidson,33,73.7,7.6,21,250,677,0.369,568,1090,0.521,1.38,0.534
2013,26,Kansas,34,75.4,6,16,205,558,0.367,700,1328,0.527,1.36,0.534
2013,27,Albany,34,64.4,6,16,204,560,0.364,538,1136,0.474,1.29,0.498
2013,28,Arizona,32,73.3,7.7,21,245,675,0.363,556,1106,0.503,1.32,0.519
2013,29,Kansas State,34,69.2,6.9,19,234,645,0.363,614,1300,0.472,1.21,0.496
2013,30,Southern,32,67.7,6.8,19,216,596,0.362,527,1115,0.473,1.27,0.497
2013,31,Bucknell,33,67.3,4.6,13,152,422,0.36,643,1323,0.486,1.27,0.499
2013,32,Pittsburgh,32,69.6,5.1,14,162,450,0.36,656,1271,0.516,1.29,0.522
2013,33,Ohio State,32,69.9,6.2,17,198,551,0.359,609,1220,0.499,1.26,0.512
2013,34,Georgetown,31,64.6,5.9,16,182,509,0.358,531,1054,0.504,1.28,0.514
2013,35,VCU,33,78,8.1,23,267,750,0.356,666,1314,0.507,1.25,0.517
2013,36,New Mexico,34,67.4,6.4,18,218,615,0.354,529,1144,0.462,1.3,0.487
2013,37,Miami,32,69.4,6.7,19,213,606,0.351,584,1133,0.515,1.28,0.52
2013,38,Butler,34,69.3,6.6,19,225,647,0.348,600,1173,0.512,1.29,0.515
2013,39,Colorado,32,68.2,5.4,16,173,498,0.347,585,1239,0.472,1.26,0.486
2013,40,Saint Louis,32,68.9,6.2,18,198,571,0.347,547,1094,0.5,1.32,0.507
2013,41,Michigan State,33,68.2,5,15,164,480,0.342,646,1281,0.504,1.28,0.507
2013,42,Missouri,33,76.2,6.3,19,208,612,0.34,692,1346,0.514,1.28,0.513
2013,43,UCLA,34,74.7,4.9,14,167,492,0.339,774,1576,0.491,1.23,0.495
2013,44,Florida Gulf Coast,34,73.1,6.8,20,230,678,0.339,672,1282,0.524,1.27,0.519
2013,45,Wisconsin,33,66.2,7.5,22,249,736,0.338,541,1117,0.484,1.18,0.494
2013,46,Akron,32,72.7,7.1,21,228,676,0.337,609,1155,0.527,1.27,0.519
2013,47,Wichita State,34,69.4,6.6,20,224,665,0.337,612,1222,0.501,1.25,0.502
2013,48,Villanova,33,67.8,6.1,18,200,596,0.336,505,1102,0.458,1.32,0.474
2013,49,Syracuse,35,71.3,6.1,18,212,634,0.334,687,1408,0.488,1.22,0.492
2013,50,Temple,32,72.8,7.3,22,233,698,0.334,573,1176,0.487,1.24,0.492
2013,51,James Madison,34,65.2,5.7,17,195,585,0.333,571,1238,0.461,1.22,0.474
2013,52,Colorado State,33,73.1,5.1,15,168,506,0.332,669,1364,0.49,1.29,0.493
2013,53,Ole Miss,33,78.2,6.9,21,227,685,0.331,671,1368,0.49,1.26,0.493
2013,54,Louisville,34,73.6,5.8,18,198,599,0.331,681,1375,0.495,1.27,0.495
2013,55,UNLV,34,71.7,6.5,20,221,669,0.33,632,1274,0.496,1.25,0.496
2013,56,Oklahoma,31,71.1,5,15,154,472,0.326,626,1317,0.475,1.23,0.479
2013,57,Minnesota,32,68.4,5.2,16,167,512,0.326,597,1215,0.491,1.27,0.491
2013,58,Illinois,34,69.1,7.8,24,265,815,0.325,554,1156,0.479,1.19,0.483
2013,59,San Diego State,32,69.2,5.9,18,188,580,0.324,600,1219,0.492,1.23,0.49
2013,60,Western Kentucky,35,67.2,6.4,20,223,689,0.324,593,1204,0.493,1.24,0.49
2013,61,Oregon,34,71.7,5,16,171,530,0.323,695,1407,0.494,1.26,0.491
2013,62,New Mexico State,34,68,4,12,135,422,0.32,680,1345,0.506,1.31,0.499
2013,63,Northwestern State,31,81,6,19,186,586,0.317,715,1370,0.522,1.28,0.508
2013,64,Cincinnati,33,66.6,6.8,21,225,709,0.317,539,1190,0.453,1.16,0.462
2013,65,Oklahoma State,32,72.4,5.6,18,178,563,0.316,615,1239,0.496,1.29,0.489
2013,66,California,31,67.5,4,13,125,411,0.304,660,1349,0.489,1.19,0.482
2013,67,Marquette,31,69,4.3,14,132,439,0.301,628,1190,0.528,1.31,0.507
2013,68,North Carolina A&T,35,62.2,5.7,19,201,673,0.299,531,1161,0.457,1.19,0.454
2012,1,Indiana,33,77.3,6.4,15,211,487,0.433,646,1272,0.508,1.45,0.547
2012,2,Creighton,33,80,8.2,19,270,636,0.425,655,1181,0.555,1.45,0.583
2012,3,Murray State,31,74.2,7.4,18,230,566,0.406,541,1051,0.515,1.42,0.548
2012,4,Colorado State,31,71,6,15,186,459,0.405,562,1114,0.504,1.4,0.535
2012,5,Temple,31,76,7.3,18,226,562,0.402,620,1232,0.503,1.31,0.535
2012,6,Missouri,34,80.3,8.2,21,280,708,0.395,672,1182,0.569,1.44,0.578
2012,7,Iona,32,83.3,7.8,20,248,631,0.393,742,1332,0.557,1.36,0.567
2012,8,South Dakota State,34,77.3,8.1,21,274,698,0.393,623,1215,0.513,1.37,0.541
2012,9,Vanderbilt,33,73,8.7,22,288,737,0.391,530,1041,0.509,1.35,0.541
2012,10,Florida,33,76.3,9.9,25,328,841,0.39,544,1052,0.517,1.33,0.547
2012,11,New Mexico,33,73.2,7.6,20,252,655,0.385,576,1135,0.507,1.35,0.533
2012,12,Baylor,34,74.9,6.8,18,231,607,0.381,668,1304,0.512,1.33,0.531
2012,13,Kentucky,33,77.1,5.7,15,189,497,0.38,717,1363,0.526,1.37,0.538
2012,14,Iowa State,32,73.2,8.9,23,284,748,0.38,512,1025,0.5,1.32,0.529
2012,15,Belmont,34,81.5,8.8,23,299,790,0.378,655,1182,0.554,1.41,0.56
2012,16,Purdue,33,72.2,8.2,22,271,719,0.377,572,1193,0.479,1.25,0.512
2012,17,Duke,33,77.5,8.1,22,268,713,0.376,582,1144,0.509,1.38,0.53
2012,18,Gonzaga,31,74,6.4,17,198,527,0.376,575,1107,0.519,1.4,0.534
2012,19,Montana,31,70.6,6.2,17,192,515,0.373,570,1124,0.507,1.34,0.524
2012,20,Wichita State,32,77.7,7,19,225,604,0.373,663,1226,0.541,1.36,0.547
2012,21,UNLV,34,76.7,8.3,22,282,763,0.37,637,1228,0.519,1.31,0.532
2012,22,Memphis,34,75.3,5.4,15,183,496,0.369,729,1349,0.54,1.39,0.544
2012,23,Long Island University,33,81.9,6.6,18,217,589,0.368,681,1301,0.523,1.43,0.533
2012,24,California,33,71.7,4.6,13,153,416,0.368,719,1404,0.512,1.3,0.521
2012,25,Michigan State,33,72.3,5.4,15,179,494,0.362,676,1302,0.519,1.33,0.526
2012,26,Saint Louis,32,69.2,7.1,20,226,625,0.362,549,1091,0.503,1.29,0.517
2012,27,Wisconsin,33,63.9,7.6,21,251,696,0.361,479,1027,0.466,1.22,0.497
2012,28,Long Beach State,33,74,6.6,18,217,602,0.36,635,1213,0.523,1.35,0.529
2012,29,Southern Miss,33,71.6,6.3,18,207,578,0.358,590,1337,0.441,1.23,0.47
2012,30,Kansas,33,75,6,17,198,553,0.358,681,1259,0.541,1.37,0.54
2012,31,Lehigh,33,76.2,7.4,21,245,686,0.357,614,1228,0.5,1.31,0.513
2012,32,Harvard,30,65.4,5.9,16,176,494,0.356,494,940,0.526,1.37,0.529
2012,33,NC State,34,73.4,5.4,15,182,512,0.355,725,1448,0.501,1.27,0.509
2012,34,Xavier,32,71.3,5,14,159,448,0.355,650,1325,0.491,1.29,0.501
2012,35,UNC Asheville,33,81.2,6.5,18,214,606,0.353,685,1252,0.547,1.44,0.541
2012,36,Michigan,33,66.5,8.2,23,269,765,0.352,517,958,0.54,1.27,0.534
2012,37,Saint Mary's,32,74.9,7.5,22,241,688,0.35,589,1059,0.556,1.37,0.544
2012,38,Florida State,32,69.9,6,17,192,553,0.347,609,1211,0.503,1.27,0.509
2012,39,Georgetown,31,69.1,5.6,16,173,499,0.347,587,1144,0.513,1.3,0.515
2012,40,Vermont,34,67.2,5.4,16,184,532,0.346,614,1269,0.484,1.27,0.494
2012,41,Syracuse,33,74.6,6.4,19,211,611,0.345,698,1342,0.52,1.26,0.52
2012,42,North Carolina,33,82,5.1,15,167,486,0.344,825,1657,0.498,1.26,0.502
2012,43,Colorado,34,67.6,5.5,16,187,545,0.343,603,1230,0.49,1.29,0.498
2012,44,Cincinnati,34,68.5,7.1,21,243,709,0.343,609,1320,0.461,1.15,0.48
2012,45,Kansas State,31,71.4,5.7,17,177,517,0.342,593,1223,0.485,1.27,0.493
2012,46,BYU,33,78.2,6.6,19,219,640,0.342,705,1336,0.528,1.31,0.523
2012,47,St. Bonaventure,30,70.8,5.4,16,162,474,0.342,565,1105,0.511,1.35,0.512
2012,48,San Diego State,33,71.2,5.7,17,189,555,0.341,651,1287,0.506,1.28,0.507
2012,49,Loyola (MD),32,67.6,5,15,160,470,0.34,576,1251,0.46,1.26,0.474
2012,50,Davidson,32,78.4,7.8,23,251,741,0.339,607,1168,0.52,1.31,0.515
2012,51,Lamar,34,73.9,4.4,13,149,441,0.338,733,1586,0.462,1.24,0.472
2012,52,Ohio,34,70.7,7.4,22,251,743,0.338,588,1211,0.486,1.23,0.494
2012,53,VCU,34,68.4,7.4,22,252,747,0.337,537,1177,0.456,1.21,0.476
2012,54,Marquette,32,75.9,5.7,17,182,540,0.337,666,1307,0.51,1.32,0.508
2012,55,Virginia,31,63.1,4.9,15,152,451,0.337,551,1078,0.511,1.28,0.509
2012,56,Mississippi Valley State,34,69.5,7.6,23,260,781,0.333,557,1240,0.449,1.17,0.469
2012,57,UConn,33,68.8,5.4,16,178,538,0.331,659,1306,0.505,1.23,0.502
2012,58,Ohio State,33,75.1,4.9,15,161,489,0.329,752,1390,0.541,1.32,0.529
2012,59,Notre Dame,33,66.5,6.4,20,212,644,0.329,544,1107,0.491,1.25,0.492
2012,60,Texas,33,73.1,5.8,18,190,581,0.327,626,1289,0.486,1.29,0.487
2012,61,New Mexico State,35,78.5,4.6,14,161,493,0.327,782,1503,0.52,1.38,0.513
2012,62,South Florida,33,59.2,4.7,15,154,487,0.316,553,1133,0.488,1.21,0.484
2012,63,Norfolk State,34,69,5.4,17,184,592,0.311,636,1261,0.504,1.27,0.492
2012,64,Louisville,35,68.8,5.9,19,206,663,0.311,642,1334,0.481,1.21,0.476
2012,65,Western Kentucky,33,65.1,5.7,18,187,607,0.308,538,1220,0.441,1.18,0.448
2012,66,Detroit Mercy,35,72.8,4.6,15,162,536,0.302,721,1409,0.512,1.31,0.496
2012,67,West Virginia,32,71.6,5.3,18,171,566,0.302,651,1299,0.501,1.23,0.487
2012,68,Alabama,32,64.9,4,14,129,453,0.285,627,1221,0.514,1.24,0.49
2011,1,Ohio State,34,77.1,7.4,18,251,608,0.413,682,1282,0.532,1.39,0.56
2011,2,Wofford,33,73.8,5.8,14,193,474,0.407,668,1323,0.505,1.36,0.533
2011,3,Bucknell,33,70.8,6.9,17,227,564,0.402,584,1240,0.471,1.29,0.512
2011,4,Richmond,34,70.2,7.9,20,267,668,0.4,581,1163,0.5,1.3,0.536
2011,5,Arizona,34,76.5,7.9,20,270,676,0.399,594,1160,0.512,1.42,0.544
2011,6,Little Rock,35,68,6.7,17,233,586,0.398,568,1296,0.438,1.26,0.488
2011,7,Kentucky,33,76.4,7.4,19,243,612,0.397,641,1308,0.49,1.31,0.524
2011,8,George Mason,32,73.3,6.7,17,215,542,0.397,614,1206,0.509,1.34,0.536
2011,9,Notre Dame,32,76,8.1,21,259,661,0.392,544,1062,0.512,1.41,0.541
2011,10,Pittsburgh,32,74.1,5.9,15,188,482,0.39,647,1279,0.506,1.35,0.528
2011,11,Northern Colorado,31,72.2,7.9,20,246,635,0.387,466,1018,0.458,1.35,0.505
2011,12,Kansas,34,82.4,7.3,19,247,638,0.387,759,1321,0.575,1.43,0.577
2011,13,Illinois,32,71.3,6.8,18,219,566,0.387,624,1237,0.504,1.27,0.528
2011,14,Belmont,34,80.4,9.4,25,321,842,0.381,605,1154,0.524,1.37,0.544
2011,15,Oakland,34,85.6,8.2,22,280,738,0.379,739,1324,0.558,1.41,0.562
2011,16,Texas,34,74.9,5.7,15,194,515,0.377,706,1468,0.481,1.28,0.503
2011,17,Kansas State,32,73.1,7.1,19,226,602,0.375,579,1235,0.469,1.27,0.5
2011,18,Duke,34,81.1,8,21,272,725,0.375,684,1314,0.521,1.35,0.536
2011,19,UC Santa Barbara,31,68.4,7.2,19,222,592,0.375,503,997,0.505,1.33,0.526
2011,20,Wisconsin,31,68.2,8.1,22,250,673,0.371,490,989,0.495,1.27,0.52
2011,21,Washington,33,83.5,8.8,24,291,784,0.371,711,1344,0.529,1.3,0.539
2011,22,Vanderbilt,33,76.2,7.8,21,257,695,0.37,568,1112,0.511,1.39,0.528
2011,23,Missouri,33,81.4,7.2,20,239,650,0.368,720,1432,0.503,1.29,0.518
2011,24,Utah State,33,72.2,6.1,16,200,544,0.368,617,1194,0.517,1.37,0.528
2011,25,Princeton,31,69.6,6.1,17,190,517,0.368,574,1127,0.509,1.31,0.523
2011,26,Purdue,32,72.7,6.9,19,222,605,0.367,600,1231,0.487,1.27,0.508
2011,27,Gonzaga,33,76.7,5.8,16,192,524,0.366,688,1314,0.524,1.38,0.531
2011,28,Long Island University,32,82.6,6.9,19,221,604,0.366,676,1320,0.512,1.37,0.524
2011,29,Indiana State,33,66.5,6.9,19,228,628,0.363,519,1110,0.468,1.26,0.495
2011,30,BYU,34,81.6,8.3,23,282,778,0.362,657,1298,0.506,1.34,0.52
2011,31,Akron,35,70.5,7.9,22,276,764,0.361,593,1245,0.476,1.23,0.501
2011,32,Butler,32,72.8,7.5,21,239,662,0.361,558,1126,0.496,1.3,0.513
2011,33,Louisville,34,75.4,8.8,24,299,829,0.361,628,1220,0.515,1.25,0.525
2011,34,Georgetown,31,71,7,20,218,605,0.36,571,1046,0.546,1.33,0.544
2011,35,VCU,34,71.5,8.2,23,278,774,0.359,547,1121,0.488,1.28,0.509
2011,36,USC,33,66.8,6.2,17,203,568,0.357,595,1226,0.485,1.23,0.501
2011,37,UTSA,32,70.9,7.1,20,226,634,0.356,535,1130,0.473,1.29,0.495
2011,38,Florida,33,71.5,6.2,17,205,576,0.356,651,1278,0.509,1.27,0.517
2011,39,Boston University,34,65.2,7.5,21,256,721,0.355,475,1091,0.435,1.22,0.474
2011,40,Temple,32,70.9,6.1,17,195,551,0.354,624,1277,0.489,1.24,0.501
2011,41,Michigan State,33,68.5,6.4,18,210,595,0.353,582,1237,0.47,1.23,0.49
2011,42,Michigan,33,66.1,8.1,23,267,757,0.353,520,1015,0.512,1.23,0.519
2011,43,Marquette,34,76.1,5.3,15,179,508,0.352,726,1427,0.509,1.34,0.514
2011,44,Syracuse,33,73.6,6.4,18,210,597,0.352,677,1295,0.523,1.28,0.524
2011,45,Clemson,32,68.3,6.5,19,208,596,0.349,551,1123,0.491,1.27,0.502
2011,46,Villanova,32,72.7,6.3,18,203,582,0.349,574,1185,0.484,1.32,0.497
2011,47,Saint Peter's,33,61.4,5.8,17,192,552,0.348,504,1172,0.43,1.18,0.459
2011,48,San Diego State,34,72.2,5.9,17,201,584,0.344,708,1362,0.52,1.26,0.519
2011,49,Georgia,32,68.8,4.7,14,151,444,0.34,649,1328,0.489,1.24,0.494
2011,50,Morehead State,33,69.8,5.8,17,193,568,0.34,619,1201,0.515,1.3,0.514
2011,51,Cincinnati,33,69,6.4,19,212,626,0.339,585,1204,0.486,1.24,0.493
2011,52,Texas A&M,32,68.9,5.4,16,172,509,0.338,570,1159,0.492,1.32,0.496
2011,53,UAB,30,68.9,7.6,22,227,674,0.337,511,1003,0.509,1.23,0.508
2011,54,Penn State,33,63,6.3,19,208,619,0.336,533,1075,0.496,1.23,0.499
2011,55,West Virginia,31,69.5,6.3,19,194,579,0.335,540,1139,0.474,1.25,0.484
2011,56,North Carolina,33,76.7,5.2,16,173,519,0.333,748,1530,0.489,1.23,0.492
2011,57,Xavier,31,72.6,5.5,17,171,513,0.333,592,1136,0.521,1.37,0.515
2011,58,UNC Asheville,32,74.2,5,15,161,484,0.333,676,1357,0.498,1.29,0.498
2011,59,UConn,35,73.4,5.8,18,204,615,0.332,706,1487,0.475,1.22,0.481
2011,60,UNLV,32,71.9,5.5,17,177,534,0.331,644,1248,0.516,1.29,0.51
2011,61,Florida State,31,69.3,6.2,19,192,581,0.33,567,1160,0.489,1.23,0.491
2011,62,St. John's,32,70.1,4.3,13,136,412,0.33,644,1303,0.494,1.31,0.494
2011,63,Old Dominion,33,65.8,4.9,15,161,489,0.329,626,1294,0.484,1.22,0.487
2011,64,UCLA,32,70,5.2,16,166,505,0.329,619,1216,0.509,1.3,0.504
2011,65,Memphis,34,72,6,18,204,624,0.327,661,1297,0.51,1.27,0.503
2011,66,Hampton,32,67.3,6.5,20,209,644,0.325,518,1143,0.453,1.2,0.465
2011,67,Tennessee,33,70.6,5.2,17,172,565,0.304,650,1333,0.488,1.23,0.478
2011,68,Alabama State,34,61.3,4.6,16,158,557,0.284,548,1222,0.448,1.17,0.441
2010,1,Cornell,31,75.3,9.8,23,304,701,0.434,533,1044,0.511,1.34,0.567
2010,2,Utah State,34,73.7,7,17,237,565,0.419,680,1301,0.523,1.34,0.555
2010,3,BYU,34,83,8.1,19,277,661,0.419,695,1341,0.518,1.41,0.555
2010,4,Saint Mary's,31,79.5,8.5,21,263,639,0.412,612,1156,0.529,1.37,0.561
2010,5,Kansas,34,81.8,7.3,18,247,604,0.409,724,1384,0.523,1.4,0.551
2010,6,Marquette,33,72.9,7.9,20,262,645,0.406,572,1194,0.479,1.31,0.525
2010,7,Montana,31,70,6.6,16,204,505,0.404,565,1077,0.525,1.37,0.551
2010,8,Minnesota,33,73.3,7,17,232,575,0.403,639,1260,0.507,1.32,0.538
2010,9,Lehigh,32,75.1,6.7,17,213,532,0.4,604,1259,0.48,1.34,0.516
2010,10,Notre Dame,34,76,7.5,19,255,647,0.394,642,1247,0.515,1.36,0.541
2010,11,Baylor,32,77.6,7.2,18,229,587,0.39,655,1220,0.537,1.37,0.553
2010,12,Georgetown,33,73.2,6.2,16,204,526,0.388,670,1228,0.546,1.38,0.556
2010,13,Syracuse,32,81.5,6.7,17,215,558,0.385,747,1307,0.572,1.4,0.573
2010,14,Duke,33,78.4,7.6,20,252,655,0.385,631,1341,0.471,1.3,0.506
2010,15,Maryland,31,79.3,5.9,15,182,474,0.384,723,1444,0.501,1.28,0.519
2010,16,Ohio State,33,73.8,7.2,19,237,620,0.382,641,1158,0.554,1.37,0.56
2010,17,UC Santa Barbara,29,68.2,6.9,18,199,525,0.379,455,935,0.487,1.35,0.516
2010,18,Sam Houston State,32,79.9,8.8,23,281,744,0.378,605,1151,0.526,1.35,0.542
2010,19,Villanova,31,82.5,7.7,20,239,635,0.376,617,1207,0.511,1.39,0.53
2010,20,New Mexico,33,76.6,8,21,263,702,0.375,576,1202,0.479,1.33,0.51
2010,21,California,33,78,6.6,18,217,582,0.373,704,1347,0.523,1.33,0.534
2010,22,Xavier,32,80,7,19,223,600,0.372,660,1293,0.51,1.35,0.525
2010,23,Georgia Tech,33,73.6,6.1,16,202,544,0.371,681,1368,0.498,1.27,0.515
2010,24,Missouri,32,77.6,7.7,21,246,663,0.371,630,1322,0.477,1.25,0.503
2010,25,New Mexico State,33,78.6,8.5,23,279,753,0.371,617,1187,0.52,1.34,0.534
2010,26,Vanderbilt,32,77.3,6.2,17,199,540,0.369,638,1239,0.515,1.39,0.526
2010,27,Murray State,34,77.5,6.2,17,210,570,0.368,724,1287,0.563,1.42,0.56
2010,28,Robert Morris,34,68.5,5.6,15,192,526,0.365,601,1287,0.467,1.28,0.49
2010,29,Gonzaga,32,77.6,5.5,15,176,485,0.363,690,1269,0.544,1.42,0.544
2010,30,Wisconsin,31,67.5,7.6,21,237,656,0.361,495,991,0.499,1.27,0.516
2010,31,Ohio,35,74.2,7.3,20,255,710,0.359,616,1330,0.463,1.27,0.489
2010,32,Houston,34,78.6,8.3,23,283,794,0.356,650,1428,0.455,1.2,0.484
2010,33,Kansas State,33,79.6,6.7,19,222,624,0.356,646,1306,0.495,1.36,0.507
2010,34,Richmond,33,69.8,7.1,20,235,664,0.354,585,1173,0.499,1.25,0.51
2010,35,Northern Iowa,32,63.3,6.6,19,211,598,0.353,477,999,0.477,1.27,0.497
2010,36,Oklahoma State,32,74.3,8.4,24,268,762,0.352,549,1055,0.52,1.31,0.523
2010,37,Wofford,34,69.4,5.9,17,200,573,0.349,605,1252,0.483,1.29,0.496
2010,38,UTEP,32,75.8,6.2,18,197,568,0.347,670,1254,0.534,1.33,0.53
2010,39,Texas,33,81.2,5.7,16,187,542,0.345,792,1547,0.512,1.28,0.513
2010,40,Kentucky,33,79.4,6,18,199,579,0.344,725,1348,0.538,1.36,0.531
2010,41,Pittsburgh,32,68.1,5.3,15,170,495,0.343,584,1197,0.488,1.29,0.496
2010,42,Butler,32,70.1,6.8,20,216,632,0.342,511,974,0.525,1.4,0.52
2010,43,Louisville,32,76.3,8,24,257,758,0.339,593,1142,0.519,1.29,0.515
2010,44,Morgan St,36,76.8,5.6,17,202,598,0.338,740,1580,0.468,1.27,0.479
2010,45,Temple,33,65.2,5.8,17,193,574,0.336,612,1269,0.482,1.17,0.489
2010,46,Clemson,31,73.3,6.6,20,204,607,0.336,619,1208,0.512,1.25,0.51
2010,47,Florida State,31,68.5,5.8,17,180,536,0.336,582,1138,0.511,1.27,0.509
2010,48,West Virginia,33,73,6.9,21,229,682,0.336,605,1240,0.488,1.25,0.493
2010,49,North Texas,32,74.2,5.4,16,174,519,0.335,607,1174,0.517,1.4,0.513
2010,50,Texas A&M,32,71.8,6.2,18,197,591,0.333,568,1139,0.499,1.33,0.499
2010,51,Michigan State,32,72.6,4.8,14,153,459,0.333,708,1360,0.521,1.28,0.515
2010,52,UNLV,33,73.3,6.7,20,222,673,0.33,652,1219,0.535,1.28,0.521
2010,53,Oakland,34,76.8,5.9,18,202,619,0.326,699,1377,0.508,1.31,0.502
2010,54,Washington,33,79.8,5.2,16,171,526,0.325,749,1509,0.496,1.29,0.494
2010,55,Siena,33,75.5,4.8,15,157,486,0.323,750,1492,0.503,1.26,0.498
2010,56,San Diego State,33,70.6,5.3,17,176,546,0.322,679,1248,0.544,1.3,0.526
2010,57,Vermont,34,70.6,4.7,15,161,502,0.321,642,1316,0.488,1.32,0.486
2010,58,Purdue,32,71.1,5.4,17,172,539,0.319,622,1242,0.501,1.28,0.494
2010,59,Old Dominion,34,67.5,4.6,15,157,497,0.316,722,1463,0.494,1.17,0.489
2010,60,Wake Forest,29,73,4.3,14,126,402,0.313,634,1333,0.476,1.22,0.474
2010,61,Tennessee,33,73.6,5.9,19,194,619,0.313,689,1332,0.517,1.25,0.502
2010,62,Florida,33,71.6,5.8,19,193,616,0.313,663,1312,0.505,1.23,0.494
2010,63,East Tennessee State,34,69.2,5.1,16,173,558,0.31,659,1356,0.486,1.23,0.48
2010,64,Arkansas-Pine Bluff,32,64.4,4.1,13,131,431,0.304,560,1250,0.448,1.23,0.45
2010,65,Winthrop,32,62.4,3.8,15,122,478,0.255,597,1400,0.426,1.06,0.415
2009,1,California,32,75,6.3,15,203,468,0.434,664,1321,0.503,1.34,0.541
2009,2,Cornell,30,74.1,7.8,19,235,566,0.415,563,1106,0.509,1.33,0.548
2009,3,North Dakota State,32,80.8,7.1,17,228,554,0.412,689,1320,0.522,1.38,0.55
2009,4,Xavier,32,72.4,6.9,17,220,551,0.399,559,1131,0.494,1.38,0.529
2009,5,UCLA,33,76,7.5,19,247,620,0.398,679,1254,0.541,1.34,0.56
2009,6,Utah State,34,72.9,6.3,16,215,540,0.398,662,1220,0.543,1.41,0.559
2009,7,Robert Morris,34,70.7,6.5,16,221,556,0.397,634,1242,0.51,1.34,0.537
2009,8,Arizona,32,72.2,6.2,16,198,501,0.395,623,1229,0.507,1.34,0.532
2009,9,Gonzaga,31,78.9,7.4,19,230,584,0.394,657,1236,0.532,1.34,0.551
2009,10,Oklahoma State,33,81.1,9.3,24,308,802,0.384,584,1150,0.508,1.37,0.536
2009,11,BYU,32,77.4,7.2,19,231,608,0.38,655,1212,0.54,1.36,0.55
2009,12,Kansas,32,77.1,6.5,17,207,545,0.38,659,1264,0.521,1.36,0.536
2009,13,Portland State,32,73.8,9.7,25,309,814,0.38,532,1039,0.512,1.27,0.537
2009,14,Ohio State,32,66.7,6.5,17,209,551,0.379,545,1007,0.541,1.37,0.551
2009,15,Clemson,31,79,8.1,21,251,662,0.379,640,1244,0.514,1.28,0.533
2009,16,American,31,64.5,7.1,19,220,584,0.377,504,968,0.521,1.29,0.537
2009,17,North Carolina,32,90.2,6.9,18,221,588,0.376,799,1536,0.52,1.36,0.532
2009,18,Utah,33,71.2,7.1,19,234,623,0.376,558,1040,0.537,1.41,0.547
2009,19,LSU,33,74.9,6,16,198,536,0.369,683,1438,0.475,1.25,0.496
2009,20,Wisconsin,31,64.4,6.5,18,201,545,0.369,496,1031,0.481,1.27,0.506
2009,21,VCU,33,72,6.5,18,216,586,0.369,630,1243,0.507,1.3,0.522
2009,22,Villanova,33,76.5,6.6,18,218,593,0.368,639,1284,0.498,1.35,0.515
2009,23,Temple,33,69,7.6,21,252,686,0.367,575,1171,0.491,1.23,0.513
2009,24,Arizona State,33,69.5,8.1,22,267,729,0.366,518,901,0.575,1.41,0.563
2009,25,Western Kentucky,32,71.8,7.7,21,245,670,0.366,567,1141,0.497,1.27,0.516
2009,26,Texas A&M,32,71.7,6,17,193,528,0.366,573,1188,0.482,1.34,0.503
2009,27,Mississippi State,35,74.8,8.3,23,291,801,0.363,579,1198,0.483,1.31,0.508
2009,28,Louisville,33,73.9,8.1,22,266,738,0.36,618,1223,0.505,1.24,0.519
2009,29,Missouri,34,81.1,7.1,20,240,671,0.358,760,1449,0.524,1.3,0.528
2009,30,Oklahoma,32,79.2,6.9,19,221,618,0.358,651,1167,0.558,1.42,0.55
2009,31,Chattanooga,34,76.8,8.4,23,284,796,0.357,576,1140,0.505,1.35,0.518
2009,32,Radford,32,76,4.9,14,158,446,0.354,704,1391,0.506,1.32,0.512
2009,33,Pittsburgh,32,78,6.2,17,198,559,0.354,743,1385,0.536,1.28,0.535
2009,34,Illinois,33,64.6,5.5,16,183,519,0.353,645,1283,0.503,1.18,0.51
2009,35,Michigan State,32,71.9,5.2,15,165,468,0.353,647,1317,0.491,1.29,0.501
2009,36,CSU Northridge,30,73.7,6.9,20,208,591,0.352,589,1163,0.506,1.26,0.514
2009,37,Butler,31,67.6,8,23,249,708,0.352,434,849,0.511,1.35,0.519
2009,38,Purdue,34,69.4,6.7,19,228,650,0.351,616,1240,0.497,1.25,0.507
2009,39,Marquette,33,78.8,7.1,20,233,667,0.349,641,1249,0.513,1.36,0.517
2009,40,Duke,34,78,7.2,21,246,705,0.349,658,1311,0.502,1.32,0.509
2009,41,Syracuse,35,81.1,6.8,20,238,683,0.348,794,1432,0.554,1.34,0.544
2009,42,UConn,31,77.3,4.7,14,147,424,0.347,702,1382,0.508,1.33,0.511
2009,43,Northern Iowa,33,67.7,6.4,18,210,606,0.347,536,1032,0.519,1.36,0.52
2009,44,Florida State,34,68.6,6.2,18,212,618,0.343,588,1222,0.481,1.27,0.492
2009,45,Morgan St,34,67,5.1,15,175,514,0.34,660,1456,0.453,1.16,0.468
2009,46,Washington,33,78.9,4.2,12,140,412,0.34,782,1595,0.49,1.3,0.494
2009,47,Boston College,33,74.9,6.4,19,211,626,0.337,656,1319,0.497,1.27,0.5
2009,48,East Tennessee State,33,78.6,5.8,17,191,568,0.336,730,1401,0.521,1.32,0.516
2009,49,Siena,33,77.7,5.2,15,171,510,0.335,783,1506,0.52,1.27,0.516
2009,50,Alabama State,31,69.6,5.8,17,179,535,0.335,619,1159,0.534,1.27,0.524
2009,51,Morehead State,34,70.6,5.3,16,180,539,0.334,647,1337,0.484,1.28,0.489
2009,52,Michigan,33,67.2,8.6,26,285,859,0.332,485,944,0.514,1.23,0.506
2009,53,Maryland,33,71.5,5.8,17,190,574,0.331,676,1480,0.457,1.15,0.468
2009,54,Dayton,33,67.5,5.5,17,182,550,0.331,608,1296,0.469,1.21,0.477
2009,55,West Virginia,34,72.4,6.6,20,226,683,0.331,642,1335,0.481,1.22,0.486
2009,56,Binghamton,31,70.2,6,18,185,560,0.33,566,1153,0.491,1.27,0.492
2009,57,Akron,35,66.8,7.1,22,248,753,0.329,554,1159,0.478,1.22,0.484
2009,58,USC,33,68.4,3.8,11,124,377,0.329,698,1358,0.514,1.3,0.51
2009,59,Minnesota,32,66.5,5.8,18,184,562,0.327,576,1156,0.498,1.24,0.496
2009,60,Stephen F. Austin,31,66.3,5.6,17,175,540,0.324,593,1182,0.502,1.19,0.497
2009,61,Texas,33,72.3,4.6,14,152,474,0.321,713,1482,0.481,1.22,0.481
2009,62,Memphis,34,74.1,5.8,18,198,619,0.32,686,1376,0.499,1.26,0.493
2009,63,Wake Forest,30,81.4,4,13,121,381,0.318,759,1418,0.535,1.36,0.523
2009,64,Cleveland State,35,66.1,4.9,15,171,540,0.317,658,1379,0.477,1.21,0.477
2009,65,Tennessee,33,78.5,6.6,21,218,695,0.314,715,1354,0.528,1.26,0.509
2008,1,Cornell,27,77.1,8.1,20,220,532,0.414,520,971,0.536,1.39,0.566
2008,2,Notre Dame,31,80.6,8.5,21,262,639,0.41,613,1266,0.484,1.31,0.528
2008,3,American,32,65.1,7.8,19,251,613,0.409,426,916,0.465,1.36,0.525
2008,4,Vanderbilt,33,80.6,9.1,22,299,740,0.404,604,1194,0.506,1.37,0.544
2008,5,Oregon,31,76.8,8.7,22,270,673,0.401,566,1051,0.539,1.38,0.563
2008,6,Kansas,34,81.5,6.9,17,233,585,0.398,771,1402,0.55,1.39,0.564
2008,7,Boise State,33,82,8.1,20,267,673,0.397,701,1229,0.57,1.42,0.579
2008,8,Portland State,32,74.3,8.9,23,285,724,0.394,540,1043,0.518,1.35,0.548
2008,9,UMBC,32,75.1,7.5,19,240,611,0.393,613,1267,0.484,1.28,0.518
2008,10,Xavier,33,75.3,7.8,20,256,653,0.392,584,1106,0.528,1.41,0.55
2008,11,Arizona,33,72.1,6.5,17,215,551,0.39,607,1168,0.52,1.38,0.541
2008,12,Western Kentucky,33,76.8,7.3,19,241,619,0.389,665,1295,0.514,1.32,0.536
2008,13,CSU Fullerton,32,82.6,8.7,23,278,720,0.386,675,1282,0.527,1.32,0.545
2008,14,Austin Peay,34,74.6,7.9,20,267,692,0.386,571,1166,0.49,1.36,0.523
2008,15,Saint Joseph's,33,73.3,7.3,19,241,626,0.385,594,1125,0.528,1.38,0.546
2008,16,Texas,34,75.6,7.9,21,270,702,0.385,653,1337,0.488,1.26,0.519
2008,17,Duke,32,84.1,9.3,24,297,773,0.384,623,1203,0.518,1.36,0.541
2008,18,Miami,32,74.8,6.9,18,222,578,0.384,595,1289,0.462,1.28,0.497
2008,19,USC,32,69.1,5.6,15,178,464,0.384,621,1196,0.519,1.33,0.535
2008,20,Siena,32,76.8,7,18,224,585,0.383,658,1371,0.48,1.26,0.508
2008,21,Baylor,31,81.4,8.6,23,267,699,0.382,604,1211,0.499,1.32,0.526
2008,22,Washington State,32,67.1,6.4,17,204,535,0.381,540,1021,0.529,1.38,0.544
2008,23,Georgetown,32,69.7,7.8,21,251,660,0.38,552,992,0.556,1.35,0.562
2008,24,North Carolina,34,88.7,5.5,15,188,498,0.378,895,1747,0.512,1.34,0.524
2008,25,Clemson,33,79.5,7.9,21,262,695,0.377,715,1436,0.498,1.23,0.52
2008,26,Butler,32,68.3,9.2,25,295,785,0.376,432,830,0.52,1.35,0.541
2008,27,BYU,34,74.1,8.2,22,278,742,0.375,604,1174,0.514,1.31,0.533
2008,28,Michigan State,33,71.3,5,13,164,440,0.373,705,1371,0.514,1.3,0.525
2008,29,Temple,33,72.6,7.9,21,260,698,0.372,576,1075,0.536,1.35,0.545
2008,30,Winthrop,33,65.6,6.4,17,211,567,0.372,568,1195,0.475,1.23,0.502
2008,31,Gonzaga,32,76.5,6.5,17,208,559,0.372,656,1224,0.536,1.37,0.543
2008,32,Purdue,32,68.7,7.4,20,236,638,0.37,511,1128,0.453,1.25,0.49
2008,33,Kent State,34,69.2,5.8,16,197,534,0.369,621,1216,0.511,1.35,0.524
2008,34,Drake,32,73.2,9.2,25,294,798,0.368,496,962,0.516,1.33,0.532
2008,35,Kentucky,30,68.6,5.8,16,174,473,0.368,538,1045,0.515,1.36,0.526
2008,36,Oral Roberts,32,69.3,6.7,18,214,582,0.368,549,1138,0.482,1.29,0.506
2008,37,Mount St. Mary's,32,69.1,6,16,192,523,0.367,583,1213,0.481,1.27,0.502
2008,38,South Alabama,32,75.5,6.7,18,214,585,0.366,605,1139,0.531,1.4,0.537
2008,39,Belmont,33,80.1,10.6,29,349,956,0.365,563,1063,0.53,1.31,0.538
2008,40,Davidson,32,78.7,9.1,25,291,800,0.364,643,1175,0.547,1.27,0.547
2008,41,Tennessee,33,83,9,25,296,817,0.362,672,1281,0.525,1.31,0.532
2008,42,Stanford,33,70.7,5.4,15,178,495,0.36,642,1332,0.482,1.28,0.498
2008,43,Saint Mary's,30,76.2,7.9,22,238,662,0.36,561,1071,0.524,1.32,0.53
2008,44,UConn,32,77.7,5.2,14,165,459,0.359,678,1363,0.497,1.36,0.508
2008,45,Wisconsin,33,67.3,5.8,16,192,535,0.359,583,1186,0.492,1.29,0.506
2008,46,Texas A&M,34,71.5,5.9,17,201,562,0.358,661,1286,0.514,1.32,0.521
2008,47,West Virginia,34,74.9,7.3,21,248,702,0.353,654,1284,0.509,1.28,0.517
2008,48,Marquette,33,75.8,7,20,231,654,0.353,644,1303,0.494,1.28,0.506
2008,49,George Mason,33,69.9,6.1,17,202,574,0.352,606,1147,0.528,1.34,0.528
2008,50,Memphis,34,79.7,7.9,23,270,771,0.35,708,1329,0.533,1.29,0.53
2008,51,UT Arlington,32,73.7,6.2,18,197,564,0.349,647,1201,0.539,1.34,0.534
2008,52,Oklahoma,33,68.4,6.3,18,209,600,0.348,583,1191,0.49,1.26,0.501
2008,53,Indiana,32,75.1,6.6,19,211,609,0.346,600,1141,0.526,1.37,0.524
2008,54,Mississippi Valley State,32,62.7,4.6,13,146,422,0.346,539,1267,0.425,1.19,0.449
2008,55,UCLA,34,74.1,5.4,16,185,537,0.345,717,1352,0.53,1.33,0.526
2008,56,San Diego,34,65.6,5,15,169,493,0.343,647,1320,0.49,1.23,0.497
2008,57,Villanova,32,72.8,7.1,21,226,660,0.342,569,1194,0.477,1.26,0.49
2008,58,Louisville,32,71.9,7.5,22,241,704,0.342,575,1096,0.525,1.28,0.52
2008,59,Pittsburgh,35,74.1,6.1,18,215,632,0.34,733,1432,0.512,1.26,0.511
2008,60,Arkansas,33,73.6,5.9,17,194,572,0.339,688,1322,0.52,1.28,0.517
2008,61,UNLV,32,70.4,7.7,23,247,738,0.335,534,1103,0.484,1.22,0.491
2008,62,Mississippi State,32,73.1,7,21,223,667,0.334,612,1144,0.535,1.29,0.523
2008,63,Georgia,33,68.3,6,18,198,601,0.329,616,1299,0.474,1.19,0.481
2008,64,Kansas State,31,78.7,6.5,20,203,633,0.321,663,1321,0.502,1.25,0.495
2007,1,Texas A&M,31,76.3,6.5,15,202,479,0.422,635,1193,0.532,1.42,0.561
2007,2,Nevada,32,77.9,7.5,18,241,582,0.414,659,1260,0.523,1.35,0.554
2007,3,BYU,33,78.1,7.5,18,247,598,0.413,696,1316,0.529,1.35,0.557
2007,4,Texas Tech,33,71.6,6.1,15,201,488,0.412,611,1305,0.468,1.32,0.509
2007,5,Florida,34,79.3,7.2,18,244,598,0.408,727,1245,0.584,1.46,0.593
2007,6,USC,34,71.4,5.6,14,192,476,0.403,676,1342,0.504,1.34,0.53
2007,7,VCU,33,74.8,6.9,17,228,570,0.4,618,1269,0.487,1.34,0.522
2007,8,Texas A&M-CC,32,79.8,5.8,15,186,466,0.399,706,1235,0.572,1.5,0.579
2007,9,Weber State,31,71.7,5.8,15,179,450,0.398,580,1091,0.532,1.44,0.551
2007,10,Texas,33,82.2,9,23,297,748,0.397,617,1301,0.474,1.32,0.519
2007,11,Notre Dame,31,81.5,9.1,23,283,713,0.397,558,1113,0.501,1.38,0.538
2007,12,Gonzaga,33,79.1,6.8,17,223,564,0.395,691,1312,0.527,1.39,0.547
2007,13,New Mexico State,33,78.3,5.8,15,192,488,0.393,689,1340,0.514,1.41,0.534
2007,14,Xavier,32,76.4,7.9,20,253,649,0.39,546,1018,0.536,1.47,0.555
2007,15,Oregon,33,76.4,9.5,25,313,813,0.385,554,1112,0.498,1.31,0.532
2007,16,Indiana,30,70.9,7.9,21,238,620,0.384,505,1025,0.493,1.29,0.524
2007,17,Duke,32,70.2,6.1,16,195,509,0.383,600,1187,0.505,1.32,0.526
2007,18,Maryland,32,79.5,5.8,15,184,481,0.383,733,1434,0.511,1.33,0.527
2007,19,Kansas,34,78.4,6,16,203,532,0.382,785,1484,0.529,1.32,0.54
2007,20,Central Connecticut,33,69.3,7.6,20,252,662,0.381,519,1107,0.469,1.29,0.507
2007,21,Vanderbilt,31,76.6,9.2,24,286,758,0.377,544,1051,0.518,1.31,0.538
2007,22,Albany,32,68.3,6.8,18,219,581,0.377,557,1123,0.496,1.28,0.52
2007,23,Pittsburgh,34,71.1,6.1,16,206,550,0.375,674,1318,0.511,1.29,0.526
2007,24,Georgia Tech,31,79.1,6.4,17,198,529,0.374,712,1319,0.54,1.33,0.546
2007,25,Davidson,33,81.7,9.6,26,318,851,0.374,627,1236,0.507,1.29,0.529
2007,26,Michigan State,33,65.1,5.2,14,170,456,0.373,592,1162,0.509,1.33,0.523
2007,27,George Washington,31,71.1,5.4,15,168,451,0.373,643,1300,0.495,1.26,0.511
2007,28,Washington State,32,66.5,5.8,15,184,495,0.372,588,1165,0.505,1.28,0.52
2007,29,UCLA,31,72.5,6.9,19,215,579,0.371,622,1152,0.54,1.3,0.546
2007,30,North Texas,33,77.5,6.7,18,222,600,0.37,685,1377,0.497,1.29,0.515
2007,31,Long Beach State,31,80.3,8.4,23,261,707,0.369,613,1222,0.502,1.29,0.521
2007,32,Southern Illinois,33,63.2,6.2,17,204,554,0.368,500,1007,0.497,1.34,0.516
2007,33,Pennsylvania,30,74.8,6.1,17,184,500,0.368,631,1154,0.547,1.36,0.548
2007,34,Virginia Tech,32,72.8,4.8,13,155,422,0.367,697,1384,0.504,1.29,0.515
2007,35,Georgetown,32,68.5,6.3,17,201,549,0.366,583,999,0.584,1.42,0.571
2007,36,Butler,33,68.4,8.9,24,293,802,0.365,425,842,0.505,1.37,0.526
2007,37,North Carolina,34,86.3,5.8,16,196,537,0.365,874,1585,0.551,1.38,0.55
2007,38,UNLV,34,75.3,7.7,21,262,719,0.364,646,1297,0.498,1.27,0.515
2007,39,Oral Roberts,33,72.3,6,16,198,544,0.364,607,1170,0.519,1.39,0.527
2007,40,Virginia,30,76.8,8,22,241,663,0.363,523,1093,0.478,1.31,0.504
2007,41,Florida A&M,34,70.5,6,17,205,564,0.363,612,1253,0.488,1.32,0.506
2007,42,Winthrop,32,75.3,8.2,23,262,721,0.363,609,1091,0.558,1.33,0.553
2007,43,Ohio State,33,73.6,7.5,21,246,677,0.363,621,1161,0.535,1.32,0.539
2007,44,Purdue,32,69.9,6.5,18,209,580,0.36,582,1132,0.514,1.31,0.523
2007,45,Belmont,32,73,8.8,25,282,785,0.359,546,995,0.549,1.31,0.544
2007,46,Kentucky,32,73.5,6.8,19,216,605,0.357,630,1161,0.543,1.33,0.54
2007,47,Holy Cross,33,64.2,5.8,16,190,533,0.356,534,1120,0.477,1.28,0.495
2007,48,Wisconsin,34,70.1,5.8,16,198,556,0.356,626,1224,0.511,1.34,0.519
2007,49,Villanova,32,72.9,7.5,21,241,683,0.353,516,1089,0.474,1.32,0.495
2007,50,Arkansas,34,71.4,6.1,17,209,593,0.352,651,1260,0.517,1.31,0.521
2007,51,Tennessee,32,79.7,8.9,25,286,812,0.352,600,1188,0.505,1.27,0.515
2007,52,Memphis,33,79.6,7.7,22,253,720,0.351,674,1289,0.523,1.31,0.524
2007,53,Stanford,30,69.9,5.7,16,171,487,0.351,586,1200,0.488,1.24,0.499
2007,54,Old Dominion,32,70.1,7.2,21,231,658,0.351,539,1115,0.483,1.27,0.499
2007,55,Wright State,32,64.6,5.5,16,175,499,0.351,568,1182,0.481,1.23,0.494
2007,56,Niagara,33,76.1,8,23,264,753,0.351,580,1244,0.466,1.26,0.489
2007,57,Eastern Kentucky,32,65.2,8.1,23,258,736,0.351,496,896,0.554,1.28,0.541
2007,58,Boston College,31,74.6,5.9,17,182,521,0.349,609,1129,0.539,1.4,0.535
2007,59,Illinois,34,64.5,6.9,20,235,674,0.349,536,1111,0.482,1.23,0.498
2007,60,Creighton,32,67.2,6.3,18,202,588,0.344,508,1003,0.506,1.35,0.51
2007,61,Arizona,30,78.5,5.6,16,168,490,0.343,657,1229,0.535,1.37,0.529
2007,62,Marquette,33,72.5,6.3,19,207,622,0.333,629,1282,0.491,1.26,0.493
2007,63,Louisville,32,71.4,7.4,22,238,716,0.332,562,1134,0.496,1.24,0.497
2007,64,Miami (OH),32,59.6,5.1,15,162,488,0.332,537,1033,0.52,1.25,0.513
2007,65,Jackson State,34,71.2,5.5,18,188,598,0.314,665,1440,0.462,1.19,0.465
2006,1,Iona,30,80.4,6.4,16,193,470,0.411,665,1304,0.51,1.36,0.538
2006,2,Utah State,31,72.5,7.4,18,229,566,0.405,599,1097,0.546,1.35,0.567
2006,3,Air Force,30,64,8.8,22,263,657,0.4,399,715,0.558,1.4,0.578
2006,4,Marquette,30,74.7,8.5,21,256,641,0.399,542,1121,0.483,1.27,0.526
2006,5,Duke,33,82.5,7.8,20,258,652,0.396,658,1201,0.548,1.47,0.564
2006,6,Indiana,29,71.2,8.7,22,252,637,0.396,479,953,0.503,1.3,0.539
2006,7,Florida,33,79.3,7.4,19,244,619,0.394,668,1176,0.568,1.46,0.576
2006,8,Tennessee,28,81.3,8.9,23,249,633,0.393,559,1099,0.509,1.31,0.538
2006,9,San Diego State,32,74.2,6.6,17,210,538,0.39,598,1230,0.486,1.34,0.516
2006,10,Bucknell,30,66.6,6.1,16,183,470,0.389,511,1005,0.508,1.36,0.533
2006,11,Pacific,31,74.2,6.6,17,205,528,0.388,627,1172,0.535,1.35,0.55
2006,12,Oral Roberts,32,74.8,6.6,17,211,545,0.387,627,1285,0.488,1.31,0.516
2006,13,Villanova,29,75.4,9.1,24,264,683,0.387,462,1022,0.452,1.28,0.503
2006,14,Montana,29,79.5,7.4,19,215,558,0.385,612,1112,0.55,1.38,0.56
2006,15,Belmont,30,81.8,8.6,22,257,673,0.382,623,1087,0.573,1.39,0.573
2006,16,Albany,31,68.9,7.1,19,219,574,0.382,500,1034,0.484,1.33,0.515
2006,17,North Carolina,29,80.4,6.9,18,200,525,0.381,618,1172,0.527,1.37,0.541
2006,18,Kansas,32,75.2,6.2,16,198,521,0.38,688,1344,0.512,1.29,0.528
2006,19,Texas,33,76.1,7.4,20,245,645,0.38,645,1259,0.512,1.32,0.532
2006,20,NC State,30,75.7,9.3,25,280,739,0.379,470,867,0.542,1.41,0.554
2006,21,Michigan State,33,74.4,5.9,16,194,514,0.377,676,1305,0.518,1.35,0.532
2006,22,California,30,69.2,5.5,15,164,436,0.376,533,1115,0.478,1.34,0.502
2006,23,Davidson,30,78,9.1,24,272,729,0.373,557,1088,0.512,1.29,0.531
2006,24,Xavier,31,71.5,6.7,18,208,560,0.371,549,1074,0.511,1.36,0.527
2006,25,Ohio State,30,74.7,8.4,23,252,680,0.371,536,999,0.537,1.33,0.544
2006,26,Northwestern State,32,76.7,6.6,18,211,573,0.368,659,1293,0.51,1.32,0.523
2006,27,Wichita State,32,68.8,6.7,18,215,587,0.366,553,1147,0.482,1.27,0.505
2006,28,Gonzaga,30,80.1,5.7,16,171,467,0.366,648,1250,0.518,1.4,0.527
2006,29,Boston College,33,74.4,5.8,16,192,526,0.365,678,1263,0.537,1.37,0.54
2006,30,Washington,30,82.4,6.6,18,197,540,0.365,706,1363,0.518,1.3,0.526
2006,31,South Alabama,30,74.4,8.6,24,258,708,0.364,520,997,0.522,1.31,0.532
2006,32,Winthrop,30,73.8,7.7,21,231,634,0.364,525,1045,0.502,1.32,0.519
2006,33,Nevada,32,72.6,5.4,15,174,479,0.363,659,1352,0.487,1.27,0.502
2006,34,Illinois,31,70,7.4,20,228,628,0.363,566,1112,0.509,1.25,0.522
2006,35,Georgetown,30,66.7,6.9,19,207,574,0.361,512,950,0.539,1.31,0.54
2006,36,Oklahoma,28,68.6,6,17,169,471,0.359,515,1054,0.489,1.26,0.504
2006,37,Texas A&M,29,69.2,6.6,18,190,530,0.358,493,988,0.499,1.32,0.513
2006,38,UConn,30,81.3,5.3,15,159,444,0.358,713,1419,0.502,1.31,0.511
2006,39,Kent State,33,72.5,6.9,19,228,638,0.357,593,1190,0.498,1.31,0.511
2006,40,UCLA,33,68.6,6.3,18,207,580,0.357,598,1095,0.546,1.35,0.542
2006,41,Murray State,30,71.3,7.4,21,223,625,0.357,560,1105,0.507,1.24,0.517
2006,42,Kentucky,33,70.5,7.6,21,252,709,0.355,603,1188,0.508,1.23,0.517
2006,43,George Washington,28,79,6,17,167,471,0.355,626,1209,0.518,1.32,0.522
2006,44,Pittsburgh,31,72.5,6.3,18,194,551,0.352,590,1184,0.498,1.29,0.508
2006,45,Memphis,33,80.9,7.6,22,251,713,0.352,675,1355,0.498,1.29,0.508
2006,46,George Mason,30,69.4,5.9,17,178,506,0.352,594,1090,0.545,1.3,0.539
2006,47,UAB,30,74.7,7.2,21,217,623,0.348,580,1135,0.511,1.28,0.515
2006,48,West Virginia,30,71.1,10.1,29,304,880,0.345,466,844,0.552,1.24,0.535
2006,49,Northern Iowa,32,66.1,6.6,19,212,616,0.344,525,998,0.526,1.31,0.522
2006,50,Syracuse,34,72.9,7.5,22,256,747,0.343,637,1285,0.496,1.22,0.502
2006,51,Wisconsin,30,71,6.3,18,189,553,0.342,562,1185,0.474,1.23,0.486
2006,52,Arkansas,31,74.3,5.7,17,177,521,0.34,645,1269,0.508,1.29,0.509
2006,53,Alabama,29,70,5.5,16,160,471,0.34,551,1097,0.502,1.29,0.504
2006,54,Monmouth,32,64.8,6.3,19,203,601,0.338,543,1082,0.502,1.23,0.504
2006,55,LSU,31,74.8,4.4,13,135,401,0.337,723,1409,0.513,1.28,0.511
2006,56,Seton Hall,29,67.8,5.8,17,168,500,0.336,503,1129,0.446,1.21,0.463
2006,57,Milwaukee,29,74.2,6.6,20,191,569,0.336,559,1147,0.487,1.25,0.493
2006,58,Iowa,33,66.4,5.6,17,185,552,0.335,578,1218,0.475,1.24,0.483
2006,59,Southern Illinois,32,60.9,5.6,17,179,535,0.335,508,1131,0.449,1.17,0.466
2006,60,UNC Wilmington,32,67.7,6.4,19,205,617,0.332,570,1196,0.477,1.19,0.484
2006,61,Bradley,30,71.5,5.6,17,167,508,0.329,616,1254,0.491,1.22,0.492
2006,62,Pennsylvania,28,69.1,6.6,21,186,580,0.321,507,962,0.527,1.25,0.51
2006,63,Southern,31,65.8,4.5,14,139,436,0.319,626,1299,0.482,1.18,0.481
2006,64,Hampton,31,66.8,5.6,18,173,546,0.317,570,1231,0.463,1.17,0.467
2006,65,Arizona,31,72.9,4.3,13,132,418,0.316,714,1495,0.478,1.18,0.477
2005,1,Oklahoma State,30,78.6,7.3,17,220,522,0.421,619,1162,0.533,1.4,0.564
2005,2,Creighton,33,71.5,8.6,21,285,687,0.415,517,1083,0.477,1.33,0.534
2005,3,Wake Forest,31,84.7,7.5,19,234,578,0.405,671,1259,0.533,1.43,0.556
2005,4,Arizona,33,79.7,6.8,17,226,562,0.402,735,1479,0.497,1.29,0.526
2005,5,Louisville,33,81.2,9.6,24,317,789,0.402,566,1109,0.51,1.41,0.549
2005,6,Texas Tech,30,77.5,4.6,11,137,341,0.402,710,1449,0.49,1.3,0.511
2005,7,North Carolina,31,88.8,7.4,18,229,572,0.4,715,1330,0.538,1.45,0.557
2005,8,New Mexico,32,76.4,8.3,21,265,663,0.4,573,1013,0.566,1.46,0.579
2005,9,Illinois,33,77.4,8.7,22,287,719,0.399,642,1182,0.543,1.34,0.564
2005,10,Alabama,31,75.9,7.7,20,240,609,0.394,553,1035,0.534,1.43,0.555
2005,11,Florida,30,76.9,7.7,20,230,585,0.393,573,1060,0.541,1.4,0.558
2005,12,Utah State,31,73,5.7,15,178,454,0.392,653,1112,0.587,1.44,0.587
2005,13,Gonzaga,29,79.7,5,13,146,374,0.39,654,1207,0.542,1.46,0.552
2005,14,Washington,32,86.3,7.3,19,233,603,0.386,773,1479,0.523,1.33,0.539
2005,15,Texas,30,77.6,7.9,21,238,617,0.386,554,1104,0.502,1.35,0.529
2005,16,Wisconsin,30,67.2,7.2,19,217,563,0.385,479,1029,0.466,1.27,0.505
2005,17,Northern Iowa,31,72.9,7.2,19,222,576,0.385,603,1134,0.532,1.32,0.547
2005,18,Duke,30,79.8,9,23,269,699,0.385,527,1076,0.49,1.35,0.524
2005,19,Oklahoma,31,75.4,6.7,18,209,544,0.384,644,1223,0.527,1.32,0.542
2005,20,Pittsburgh,28,72.4,6,16,167,439,0.38,546,1069,0.511,1.34,0.528
2005,21,Pacific,29,72.4,6.3,17,183,482,0.38,555,994,0.558,1.42,0.562
2005,22,Iowa,32,73.2,6.4,17,205,541,0.379,616,1231,0.5,1.32,0.521
2005,23,Bucknell,31,63.6,6.6,18,205,545,0.376,454,935,0.486,1.33,0.515
2005,24,Utah,32,68.8,4.4,12,140,373,0.375,637,1128,0.565,1.47,0.564
2005,25,Kansas,29,75.4,6.8,18,197,528,0.373,584,1110,0.526,1.34,0.537
2005,26,UCF,32,69.8,8.5,23,272,731,0.372,491,910,0.54,1.36,0.548
2005,27,NC State,32,73.8,8.5,23,271,734,0.369,535,1022,0.523,1.35,0.536
2005,28,Villanova,29,73.8,7.1,19,206,558,0.369,533,1110,0.48,1.28,0.505
2005,29,LSU,29,75.5,6.9,19,199,540,0.369,554,1086,0.51,1.35,0.524
2005,30,Charlotte,28,78.4,8,22,224,609,0.368,516,1100,0.469,1.28,0.499
2005,31,Southern Illinois,33,67.4,5.8,16,192,523,0.367,644,1317,0.489,1.21,0.507
2005,32,UTEP,34,75.4,6.1,17,206,562,0.367,673,1340,0.502,1.35,0.516
2005,33,Niagara,29,85.2,9.1,25,264,725,0.364,545,1122,0.486,1.34,0.509
2005,34,Winthrop,32,68.2,6.6,18,210,578,0.363,535,1086,0.493,1.31,0.511
2005,35,George Washington,29,77.2,5.4,15,156,431,0.362,648,1254,0.517,1.33,0.523
2005,36,Michigan State,28,78.1,6.9,19,192,533,0.36,584,1032,0.566,1.4,0.557
2005,37,Vermont,30,72.6,8.5,24,255,708,0.36,506,1015,0.499,1.26,0.516
2005,38,Minnesota,31,68.5,5.3,15,165,464,0.356,585,1180,0.496,1.29,0.506
2005,39,Saint Mary's,33,70.2,7,20,230,650,0.354,546,1117,0.489,1.31,0.504
2005,40,UAB,31,77.8,6.6,19,204,579,0.352,648,1294,0.501,1.29,0.509
2005,41,Eastern Kentucky,30,73.1,6.3,18,188,534,0.352,631,1180,0.535,1.28,0.533
2005,42,UConn,29,78.6,5.1,15,149,424,0.351,662,1338,0.495,1.29,0.503
2005,43,Milwaukee,29,74.9,8,23,232,661,0.351,525,1036,0.507,1.28,0.514
2005,44,Fairleigh Dickinson,32,74.3,6.7,19,214,610,0.351,657,1308,0.502,1.24,0.51
2005,45,Montana,30,69.2,5.8,16,173,494,0.35,529,1047,0.505,1.35,0.512
2005,46,West Virginia,31,70.2,8.9,26,277,795,0.348,482,921,0.523,1.27,0.523
2005,47,Stanford,30,70.1,4,12,120,345,0.348,630,1370,0.46,1.23,0.472
2005,48,UCLA,28,74,6.4,19,180,518,0.347,542,1076,0.504,1.3,0.509
2005,49,Cincinnati,31,76.4,6.6,19,205,590,0.347,587,1215,0.483,1.31,0.496
2005,50,Delaware State,32,62.4,6.5,19,208,607,0.343,440,926,0.475,1.3,0.491
2005,51,Pennsylvania,28,68.5,6.5,19,182,533,0.341,477,976,0.489,1.27,0.497
2005,52,Kentucky,30,73.7,6.5,19,196,580,0.338,599,1152,0.52,1.28,0.516
2005,53,Old Dominion,33,71.2,6.2,18,203,604,0.336,640,1293,0.495,1.24,0.498
2005,54,Oakland,30,70.7,6.3,19,188,563,0.334,569,1126,0.505,1.26,0.504
2005,55,Louisiana,30,72.6,6.5,20,196,589,0.333,584,1160,0.503,1.24,0.502
2005,56,Mississippi State,32,72.4,5.8,18,186,560,0.332,632,1279,0.494,1.26,0.495
2005,57,Boston College,28,71.9,4,12,112,340,0.329,603,1243,0.485,1.27,0.487
2005,58,Georgia Tech,30,74.6,5.9,18,177,538,0.329,624,1230,0.507,1.27,0.503
2005,59,Ohio,31,71.8,5.6,17,173,537,0.322,582,1092,0.533,1.37,0.517
2005,60,Syracuse,33,75.5,4.6,15,153,487,0.314,770,1414,0.545,1.31,0.526
2005,61,SE Louisiana,32,63.6,3.6,11,114,366,0.311,634,1249,0.508,1.26,0.498
2005,62,Chattanooga,36,74,5.6,18,201,658,0.305,736,1387,0.531,1.3,0.507
2005,63,Iowa State,29,68.4,3.7,13,107,365,0.293,625,1295,0.483,1.19,0.473
2005,64,Nevada,30,70.2,2.7,10,81,299,0.271,667,1315,0.507,1.3,0.489
2004,1,Gonzaga,28,83,6.6,16,186,442,0.421,635,1137,0.558,1.47,0.579
2004,2,Saint Joseph's,28,77.8,9.8,24,273,671,0.407,488,919,0.531,1.37,0.564
2004,3,Michigan State,29,71.4,6.4,16,185,458,0.404,540,1006,0.537,1.42,0.558
2004,4,UConn,33,79.1,6.4,16,211,527,0.4,783,1540,0.508,1.26,0.532
2004,5,Utah,32,65.1,6,15,193,488,0.395,556,1092,0.509,1.32,0.535
2004,6,UIC,31,70,5,13,155,394,0.393,635,1339,0.474,1.25,0.501
2004,7,Oklahoma State,29,79.2,4.9,13,143,367,0.39,710,1283,0.553,1.39,0.56
2004,8,UTEP,31,77.3,6.2,16,192,496,0.387,613,1196,0.513,1.42,0.533
2004,9,VCU,30,70.8,6.6,17,197,510,0.386,585,1140,0.513,1.29,0.534
2004,10,Arizona,30,87.6,7.4,19,222,575,0.386,724,1377,0.526,1.35,0.541
2004,11,Cincinnati,30,76.9,7.2,19,217,564,0.385,594,1209,0.491,1.3,0.519
2004,12,Alabama,29,72.2,7.1,19,207,540,0.383,515,1054,0.489,1.31,0.518
2004,13,Wake Forest,28,83.8,7.6,20,214,559,0.383,584,1133,0.515,1.39,0.535
2004,14,Air Force,28,60.2,8.5,22,237,622,0.381,331,555,0.596,1.43,0.583
2004,15,Western Michigan,30,79.2,7.2,19,215,566,0.38,608,1211,0.502,1.34,0.524
2004,16,Florida,29,77.1,8.1,22,236,626,0.377,547,995,0.55,1.38,0.556
2004,17,Louisiana,28,77.9,8.3,22,232,616,0.377,549,1050,0.523,1.31,0.538
2004,18,Eastern Washington,29,70.6,6.1,16,176,469,0.375,550,1046,0.526,1.35,0.537
2004,19,Georgia Tech,32,78.1,7.3,19,232,620,0.374,646,1248,0.518,1.34,0.532
2004,20,Duke,31,79.5,7.3,19,225,604,0.373,624,1197,0.521,1.37,0.534
2004,21,Xavier,33,70.4,7.6,21,251,679,0.37,559,1157,0.483,1.27,0.51
2004,22,Providence,28,71.5,7.9,22,222,603,0.368,472,928,0.509,1.31,0.526
2004,23,Manhattan,29,74.3,5.8,16,167,454,0.368,540,1147,0.471,1.35,0.494
2004,24,Texas,29,78.1,7,19,202,551,0.367,607,1270,0.478,1.24,0.5
2004,25,UTSA,32,73.6,7.3,20,232,633,0.367,566,1200,0.472,1.28,0.499
2004,26,Stanford,30,73.9,5.2,14,156,426,0.366,640,1218,0.525,1.35,0.532
2004,27,DePaul,30,70.9,5.1,14,153,422,0.363,616,1215,0.507,1.3,0.516
2004,28,Vanderbilt,30,73.8,7.8,22,234,648,0.361,538,1073,0.501,1.29,0.517
2004,29,Memphis,28,73.6,8.7,24,244,678,0.36,449,964,0.466,1.25,0.496
2004,30,Pacific,31,69.1,5.9,17,183,512,0.357,534,1017,0.525,1.4,0.529
2004,31,UCF,30,71.2,7.6,21,227,638,0.356,549,1042,0.527,1.27,0.529
2004,32,Washington,30,81.4,6.5,18,195,549,0.355,660,1298,0.508,1.32,0.516
2004,33,Kentucky,29,72.6,6.2,17,179,505,0.354,592,1136,0.521,1.28,0.524
2004,34,Mississippi State,28,77.1,6.5,18,181,511,0.354,585,1127,0.519,1.32,0.523
2004,35,North Carolina,28,83.1,6.5,18,182,514,0.354,648,1281,0.506,1.3,0.513
2004,36,Northern Iowa,30,69.6,7.1,20,213,603,0.353,489,987,0.495,1.31,0.508
2004,37,Seton Hall,29,71.9,5.9,17,170,482,0.353,585,1162,0.503,1.27,0.511
2004,38,Monmouth,32,68.8,7.1,20,227,648,0.35,507,1103,0.46,1.26,0.484
2004,39,East Tennessee State,32,79.4,6.1,17,195,557,0.35,722,1428,0.506,1.28,0.511
2004,40,BYU,29,73.3,5.6,16,161,462,0.348,577,1052,0.548,1.4,0.541
2004,41,Florida A&M,30,72.1,8.5,24,254,732,0.347,438,941,0.465,1.29,0.49
2004,42,Princeton,27,63.4,6.1,18,164,474,0.346,452,794,0.569,1.35,0.55
2004,43,Nevada,31,75.8,4.9,14,152,442,0.344,677,1370,0.494,1.3,0.499
2004,44,Charlotte,29,79.3,7.8,23,226,658,0.343,561,1089,0.515,1.32,0.515
2004,45,NC State,29,73.3,8.3,24,242,705,0.343,473,877,0.539,1.34,0.528
2004,46,Illinois,29,73.2,6.9,20,201,589,0.341,582,1082,0.538,1.27,0.529
2004,47,Louisville,29,73.3,8,23,231,681,0.339,481,1013,0.475,1.25,0.488
2004,48,Texas Tech,32,73.4,3.7,11,118,348,0.339,750,1522,0.493,1.26,0.496
2004,49,Murray State,33,81.1,6.5,19,216,639,0.338,761,1321,0.576,1.37,0.554
2004,50,Alabama State,30,61.4,5.5,17,166,497,0.334,451,965,0.467,1.26,0.479
2004,51,Maryland,29,76.8,5.1,15,149,447,0.333,664,1396,0.476,1.21,0.482
2004,52,Kansas,29,75,5.8,17,168,506,0.332,618,1197,0.516,1.28,0.511
2004,53,Wisconsin,29,68.6,5.9,18,170,513,0.331,518,1030,0.503,1.29,0.501
2004,54,UAB,29,74.6,6.5,20,188,569,0.33,611,1234,0.495,1.2,0.495
2004,55,South Carolina,33,70.9,6.8,21,224,678,0.33,607,1228,0.494,1.23,0.495
2004,56,Southern Illinois,29,71.3,6,18,173,526,0.329,590,1190,0.496,1.2,0.495
2004,57,Vermont,30,66.4,6.4,20,192,585,0.328,523,1093,0.478,1.19,0.483
2004,58,Dayton,32,68,6.4,20,204,624,0.327,549,1043,0.526,1.3,0.513
2004,59,Boston College,32,68.8,3.8,12,120,376,0.319,656,1335,0.491,1.29,0.489
2004,60,Pittsburgh,33,69.2,4.2,14,140,447,0.313,709,1313,0.54,1.3,0.522
2004,61,Syracuse,28,72.9,4.3,14,121,388,0.312,654,1285,0.509,1.22,0.499
2004,62,Valparaiso,30,72.3,5.3,17,159,512,0.311,588,1165,0.505,1.29,0.493
2004,63,Richmond,33,64.6,5.7,18,188,608,0.309,546,1177,0.464,1.19,0.464
2004,64,Liberty,32,69.4,6.3,20,200,650,0.308,597,1212,0.493,1.19,0.482
2003,1,Pennsylvania,27,70.2,9,22,243,590,0.412,405,801,0.506,1.36,0.553
2003,2,Maryland,28,80.8,6.8,17,189,475,0.398,635,1299,0.489,1.28,0.518
2003,3,Oklahoma,29,71.9,7.4,19,216,547,0.395,524,1101,0.476,1.27,0.515
2003,4,Florida,31,75.9,8.7,22,269,686,0.392,566,1066,0.531,1.34,0.553
2003,5,Oregon,32,82.2,9,23,288,736,0.391,627,1248,0.502,1.33,0.534
2003,6,Creighton,33,79.2,8,20,263,676,0.389,684,1220,0.561,1.38,0.569
2003,7,Butler,30,68.3,8.4,22,251,648,0.387,471,866,0.544,1.35,0.56
2003,8,Central Michigan,30,80.5,7.1,18,213,550,0.387,601,1054,0.57,1.5,0.574
2003,9,UConn,30,80,6.1,16,182,471,0.386,704,1395,0.505,1.29,0.524
2003,10,Southern Illinois,30,74.5,6.1,16,183,475,0.385,638,1261,0.506,1.29,0.526
2003,11,San Diego,29,75.7,7.1,18,206,536,0.384,539,1029,0.524,1.4,0.542
2003,12,BYU,31,72.5,6.2,16,192,500,0.384,553,1090,0.507,1.41,0.529
2003,13,Wagner,31,75.5,7,18,218,568,0.384,626,1220,0.513,1.31,0.533
2003,14,LSU,31,73.2,6.7,18,209,545,0.383,622,1162,0.535,1.33,0.548
2003,15,Utah,31,67,7.2,19,223,583,0.383,497,987,0.504,1.32,0.53
2003,16,Notre Dame,31,80.1,8.3,22,257,675,0.381,587,1206,0.487,1.32,0.517
2003,17,Marquette,28,78.4,5.8,15,162,427,0.379,600,1148,0.523,1.39,0.535
2003,18,Oklahoma State,30,69.7,4.9,13,147,390,0.377,604,1281,0.472,1.25,0.493
2003,19,California,29,74.5,6.4,17,186,494,0.377,607,1209,0.502,1.27,0.52
2003,20,Gonzaga,31,77.1,7.2,19,222,591,0.376,586,1128,0.52,1.39,0.535
2003,21,UNC Wilmington,30,71.4,6.8,18,203,552,0.368,578,1140,0.507,1.27,0.522
2003,22,Saint Joseph's,29,70.6,8,22,233,634,0.368,470,944,0.498,1.3,0.519
2003,23,Illinois,29,75.6,7.4,20,215,586,0.367,572,1029,0.556,1.36,0.554
2003,24,Michigan State,31,67.2,4.9,13,152,415,0.366,562,1169,0.481,1.32,0.499
2003,25,Western Kentucky,32,74.1,7.7,21,245,670,0.366,593,1137,0.522,1.31,0.532
2003,26,UNC Asheville,30,72.2,6.5,18,196,536,0.366,550,1178,0.467,1.26,0.492
2003,27,Holy Cross,30,70.4,5.5,15,165,454,0.363,570,1135,0.502,1.33,0.514
2003,28,Colorado State,32,74.8,4.2,12,134,369,0.363,724,1310,0.553,1.43,0.551
2003,29,Tulsa,31,73.5,6.6,18,206,568,0.363,612,1200,0.51,1.29,0.521
2003,30,Xavier,31,78.5,6.4,18,199,552,0.361,640,1294,0.495,1.32,0.508
2003,31,Dayton,29,72.8,7.5,21,218,605,0.36,492,967,0.509,1.34,0.521
2003,32,Louisville,30,81.8,8.4,23,253,703,0.36,586,1123,0.522,1.34,0.529
2003,33,Missouri,30,72.6,7.6,21,228,634,0.36,562,1149,0.489,1.22,0.507
2003,34,Wisconsin,29,70.7,6.2,17,181,504,0.359,545,1059,0.515,1.31,0.522
2003,35,Sam Houston State,29,73.4,6.5,18,188,524,0.359,544,1055,0.516,1.35,0.523
2003,36,Pittsburgh,30,74.6,6.4,18,191,533,0.358,615,1072,0.574,1.39,0.562
2003,37,Kentucky,31,78,6,17,185,517,0.358,704,1308,0.538,1.32,0.538
2003,38,Stanford,31,72.3,6.9,19,215,601,0.358,580,1198,0.484,1.25,0.502
2003,39,Austin Peay,30,71.3,6.3,18,190,532,0.357,544,1062,0.512,1.34,0.52
2003,40,NC State,29,72.2,8.1,23,234,659,0.355,470,882,0.533,1.36,0.533
2003,41,Duke,29,81.9,7.3,21,211,595,0.355,586,1159,0.506,1.35,0.515
2003,42,Milwaukee,31,77.3,7.7,22,238,672,0.354,613,1117,0.549,1.34,0.542
2003,43,Arizona,28,85.2,7,20,197,562,0.351,652,1278,0.51,1.3,0.515
2003,44,East Tennessee State,30,82.3,5.4,15,162,464,0.349,713,1409,0.506,1.32,0.51
2003,45,Texas,28,78.9,5.9,17,164,470,0.349,620,1278,0.485,1.26,0.495
2003,46,Memphis,29,74.5,7,20,203,582,0.349,559,1158,0.483,1.24,0.496
2003,47,Manhattan,29,76.2,5.5,16,160,459,0.349,592,1210,0.489,1.32,0.499
2003,48,Indiana,33,70.5,7.5,22,249,717,0.347,521,1090,0.478,1.29,0.495
2003,49,Vermont,32,69.5,5.5,16,175,505,0.347,640,1302,0.492,1.23,0.499
2003,50,IUPUI,33,71.5,6.4,19,211,611,0.345,600,1183,0.507,1.31,0.511
2003,51,Mississippi State,29,70.6,5.6,16,163,473,0.345,605,1140,0.531,1.27,0.527
2003,52,Auburn,31,70.9,5.7,17,177,514,0.344,626,1200,0.522,1.28,0.52
2003,53,Wake Forest,29,78.4,6.1,18,177,514,0.344,581,1146,0.507,1.37,0.51
2003,54,Cincinnati,28,67.3,6.7,20,187,546,0.342,454,1041,0.436,1.19,0.463
2003,55,Utah State,32,66.8,4,12,128,374,0.342,648,1297,0.5,1.28,0.503
2003,56,Kansas,32,82.8,4.8,14,155,454,0.341,832,1553,0.536,1.32,0.53
2003,57,Troy,31,80.5,9.7,29,301,887,0.339,590,1164,0.507,1.22,0.508
2003,58,South Carolina State,30,72.8,5.2,15,155,464,0.334,589,1167,0.505,1.34,0.504
2003,59,Syracuse,29,80.1,5.2,16,152,460,0.33,696,1344,0.518,1.29,0.512
2003,60,Weber State,31,74.5,5.9,18,182,552,0.33,589,1087,0.542,1.41,0.526
2003,61,Purdue,28,71.8,5.1,16,143,434,0.329,522,1089,0.479,1.32,0.484
2003,62,Colorado,31,75.5,5,15,154,473,0.326,689,1428,0.482,1.23,0.484
2003,63,Arizona State,30,76.8,4,13,121,375,0.323,706,1335,0.529,1.35,0.519
2003,64,Alabama,28,69.3,6.4,20,178,556,0.32,495,1045,0.474,1.21,0.476
2002,1,Oregon,31,85.9,8.7,20,269,634,0.424,627,1200,0.523,1.45,0.562
2002,2,Kansas,32,92,6.1,15,196,464,0.422,908,1698,0.535,1.36,0.556
2002,3,UIC,33,73.9,7.5,18,246,597,0.412,597,1299,0.46,1.29,0.509
2002,4,UCLA,30,73.9,6.8,17,204,502,0.406,599,1189,0.504,1.31,0.535
2002,5,Tulsa,32,80.4,7.6,19,243,599,0.406,661,1298,0.509,1.36,0.541
2002,6,Utah,29,67.7,7.8,19,226,561,0.403,441,859,0.513,1.38,0.549
2002,7,Michigan State,30,69.7,5.8,15,173,435,0.398,574,1166,0.492,1.31,0.521
2002,8,Pennsylvania,31,73.1,8.2,21,255,643,0.397,536,1001,0.535,1.38,0.559
2002,9,Gonzaga,32,81.6,7.2,18,230,580,0.397,658,1278,0.515,1.41,0.54
2002,10,Indiana,31,70.2,7.2,18,223,566,0.394,544,1132,0.481,1.28,0.517
2002,11,UC Santa Barbara,30,66.2,6.2,16,185,472,0.392,481,1010,0.476,1.34,0.512
2002,12,Missouri,32,79.5,9.2,23,294,751,0.391,626,1257,0.498,1.27,0.531
2002,13,Ole Miss,30,72.5,7.5,19,225,583,0.386,499,973,0.513,1.4,0.538
2002,14,Ohio State,30,74.2,5.6,15,169,438,0.386,604,1141,0.529,1.41,0.543
2002,15,UConn,30,77.9,4.4,11,132,343,0.385,737,1465,0.503,1.29,0.517
2002,16,Hawai'i,32,72.2,7.3,19,233,610,0.382,562,1144,0.491,1.32,0.52
2002,17,Marquette,32,73.3,5.2,14,167,438,0.381,677,1344,0.504,1.32,0.52
2002,18,Arizona,31,83,7.7,20,239,629,0.38,629,1249,0.504,1.37,0.526
2002,19,Western Kentucky,31,78.2,8.7,23,270,711,0.38,584,1110,0.526,1.33,0.543
2002,20,Notre Dame,31,78.8,7.4,20,230,607,0.379,644,1291,0.499,1.29,0.521
2002,21,Texas Tech,31,79.5,4.6,12,142,376,0.378,763,1556,0.49,1.28,0.505
2002,22,UNC Wilmington,31,67.1,6.7,18,208,552,0.377,526,1139,0.462,1.23,0.496
2002,23,Southern Illinois,33,75.9,6.3,17,208,559,0.372,691,1384,0.499,1.29,0.516
2002,24,McNeese,29,70.5,5.8,16,167,450,0.371,554,1179,0.47,1.25,0.494
2002,25,Kent State,32,76.4,6.4,17,205,553,0.371,678,1312,0.517,1.31,0.528
2002,26,Maryland,30,85.3,6,16,180,487,0.37,733,1404,0.522,1.35,0.53
2002,27,Texas,31,79,6,16,187,506,0.37,684,1418,0.482,1.27,0.501
2002,28,Charlotte,29,73.9,8.3,22,240,650,0.369,500,1018,0.491,1.28,0.516
2002,29,Creighton,30,75.9,6.9,19,208,566,0.367,589,1136,0.518,1.34,0.529
2002,30,Pepperdine,30,81.5,7.4,20,223,607,0.367,654,1315,0.497,1.27,0.514
2002,31,Boston University,31,67.6,6.4,18,198,543,0.365,533,1161,0.459,1.23,0.487
2002,32,Montana,30,71.9,7,19,209,580,0.36,527,1037,0.508,1.33,0.52
2002,33,Oklahoma,31,78.2,6.8,19,211,587,0.359,670,1384,0.484,1.23,0.501
2002,34,Duke,32,89.7,8.5,24,272,757,0.359,738,1271,0.581,1.42,0.565
2002,35,Cincinnati,33,77.2,5.8,16,190,529,0.359,708,1398,0.506,1.32,0.515
2002,36,NC State,32,75.7,8.3,23,265,738,0.359,554,1066,0.52,1.34,0.527
2002,37,Xavier,30,72.7,6.2,17,186,519,0.358,547,1107,0.494,1.34,0.508
2002,38,San Diego State,32,74.7,4.4,12,140,391,0.358,743,1452,0.512,1.3,0.517
2002,39,Wake Forest,32,81.8,6.9,19,221,620,0.356,717,1351,0.531,1.33,0.532
2002,40,Illinois,32,77.3,6.9,19,221,620,0.356,604,1146,0.527,1.4,0.53
2002,41,Davidson,30,70.9,8.2,23,245,691,0.355,506,1034,0.489,1.23,0.506
2002,42,Hampton,32,79.9,6.5,19,209,593,0.352,700,1279,0.547,1.37,0.541
2002,43,Wisconsin,30,66.9,6.6,19,197,559,0.352,492,1013,0.486,1.28,0.501
2002,44,Florida,30,80.4,7.5,21,224,636,0.352,641,1197,0.536,1.32,0.533
2002,45,Mississippi State,33,74.2,5.5,16,182,517,0.352,712,1344,0.53,1.32,0.529
2002,46,Valparaiso,32,78,8.3,24,266,761,0.35,604,1170,0.516,1.29,0.519
2002,47,Miami,31,74.7,7.4,21,230,661,0.348,565,1174,0.481,1.26,0.496
2002,48,Stanford,28,81.2,7.1,20,199,573,0.347,573,1130,0.507,1.33,0.512
2002,49,Siena,34,69.6,7,20,238,686,0.347,559,1234,0.453,1.23,0.477
2002,50,Central Connecticut,31,71.8,4.3,12,133,384,0.346,662,1351,0.49,1.28,0.497
2002,51,USC,31,77.6,6.2,18,191,554,0.345,691,1446,0.478,1.2,0.489
2002,52,Holy Cross,32,63.3,4.5,13,144,424,0.34,530,1225,0.433,1.23,0.452
2002,53,Florida Atlantic,30,74.2,5.8,17,173,510,0.339,656,1433,0.458,1.15,0.471
2002,54,Boston College,31,74.1,6.7,20,207,611,0.339,572,1239,0.462,1.24,0.477
2002,55,Oklahoma State,31,72,5.3,16,163,494,0.33,651,1316,0.495,1.23,0.495
2002,56,Pittsburgh,32,72.6,6.4,20,204,627,0.325,642,1174,0.547,1.29,0.526
2002,57,Murray State,31,78.9,6.5,20,200,627,0.319,714,1395,0.512,1.21,0.501
2002,58,California,30,72.6,5.9,19,176,556,0.317,615,1185,0.519,1.25,0.505
2002,59,Georgia,30,76.1,5.9,19,177,562,0.315,640,1267,0.505,1.25,0.495
2002,60,Winthrop,30,68.5,6.5,21,194,617,0.314,515,1061,0.485,1.22,0.48
2002,61,Alabama,33,76.2,6.3,20,209,676,0.309,655,1291,0.507,1.28,0.492
2002,62,Kentucky,29,76.6,6.8,22,197,638,0.309,627,1201,0.522,1.21,0.502
2002,63,Wyoming,29,75.6,4.3,14,125,415,0.301,618,1215,0.509,1.34,0.494
2002,64,St. John's,31,70.3,4.3,15,132,460,0.287,628,1437,0.437,1.15,0.435