Year,RK,Team,GP,AST,APG,TO,TOPG,AST/TO
2021,1,Iowa,29,555,19.1,276,9.5,2.01
2021,2,Gonzaga,26,476,18.3,315,12.1,1.51
2021,3,Abilene Christian,27,491,18.2,374,13.9,1.31
2021,4,Ohio,23,412,17.9,277,12,1.49
2021,5,Colgate,15,265,17.7,151,10.1,1.75
2021,6,Baylor,24,409,17,298,12.4,1.37
2021,7,BYU,26,431,16.6,346,13.3,1.25
2021,8,Illinois,29,473,16.3,381,13.1,1.24
2021,9,Utah State,28,456,16.3,381,13.6,1.2
2021,10,UC Santa Barbara,26,423,16.3,285,11,1.48
2021,11,Grand Canyon,23,371,16.1,301,13.1,1.23
2021,12,Georgia Tech,25,402,16.1,278,11.1,1.45
2021,13,Liberty,28,446,15.9,271,9.7,1.65
2021,14,Creighton,28,444,15.9,312,11.1,1.42
2021,15,Michigan State,27,428,15.9,352,13,1.22
2021,16,Loyola Chicago,28,442,15.8,334,11.9,1.32
2021,17,North Carolina,28,433,15.5,414,14.8,1.05
2021,18,Michigan,24,371,15.5,266,11.1,1.39
2021,19,Syracuse,25,382,15.3,279,11.2,1.37
2021,20,Villanova,22,336,15.3,199,9,1.69
2021,21,Drexel,19,288,15.2,245,12.9,1.18
2021,22,Eastern Washington,23,347,15.1,264,11.5,1.31
2021,23,Winthrop,24,361,15,340,14.2,1.06
2021,24,Tennessee,26,391,15,326,12.5,1.2
2021,25,Arkansas,28,419,15,368,13.1,1.14
2021,26,St. Bonaventure,20,296,14.8,221,11.1,1.34
2021,27,Oregon State,29,426,14.7,328,11.3,1.3
2021,28,Florida State,22,322,14.6,316,14.4,1.02
2021,29,Virginia Tech,21,302,14.4,245,11.7,1.23
2021,30,Purdue,27,386,14.3,339,12.6,1.14
2021,31,Alabama,30,426,14.2,421,14,1.01
2021,32,Houston,27,381,14.1,293,10.9,1.3
2021,33,Cleveland State,26,363,14,334,12.8,1.09
2021,34,Virginia,24,335,14,226,9.4,1.48
2021,35,Iona,17,237,13.9,266,15.6,0.89
2021,36,San Diego State,27,376,13.9,305,11.3,1.23
2021,37,West Virginia,27,373,13.8,328,12.1,1.14
2021,38,Rutgers,26,359,13.8,294,11.3,1.22
2021,39,Drake,29,399,13.8,299,10.3,1.33
2021,40,Kansas,28,383,13.7,346,12.4,1.11
2021,41,USC,29,396,13.7,361,12.4,1.1
2021,42,UCLA,26,354,13.6,290,11.2,1.22
2021,43,Oklahoma,25,336,13.4,277,11.1,1.21
2021,44,Oregon,26,349,13.4,297,11.4,1.18
2021,45,North Texas,26,347,13.3,341,13.1,1.02
2021,46,VCU,26,347,13.3,380,14.6,0.91
2021,47,Wisconsin,29,386,13.3,259,8.9,1.49
2021,48,Wichita State,21,279,13.3,238,11.3,1.17
2021,49,Maryland,29,385,13.3,324,11.2,1.19
2021,50,Clemson,23,305,13.3,292,12.7,1.04
2021,51,Colorado,30,397,13.2,333,11.1,1.19
2021,52,Oklahoma State,28,370,13.2,446,15.9,0.83
2021,53,Missouri,25,330,13.2,336,13.4,0.98
2021,54,Texas,26,342,13.2,370,14.2,0.92
2021,55,UConn,22,287,13,258,11.7,1.11
2021,56,Ohio State,30,391,13,313,10.4,1.25
2021,57,Texas Tech,27,350,13,296,11,1.18
2021,58,Georgetown,25,321,12.8,383,15.3,0.84
2021,59,Morehead State,30,382,12.7,459,15.3,0.83
2021,60,Oral Roberts,26,329,12.7,299,11.5,1.1
2021,61,Texas Southern,24,298,12.4,384,16,0.78
2021,62,LSU,27,332,12.3,317,11.7,1.05
2021,63,UNC Greensboro,29,356,12.3,319,11,1.12
2021,64,Norfolk State,23,282,12.3,301,13.1,0.94
2021,65,Appalachian State,28,333,11.9,329,11.8,1.01
2021,66,Florida,23,272,11.8,337,14.7,0.81
2021,67,Mount St. Mary's,22,257,11.7,288,13.1,0.89
2021,68,Hartford,23,253,11,291,12.7,0.87
2019,1,Belmont,31,616,19.9,360,11.6,1.71
2019,2,Michigan State,33,630,19.1,428,13,1.47
2019,3,North Carolina,33,628,19,430,13,1.46
2019,4,Tennessee,33,609,18.5,363,11,1.68
2019,5,Gonzaga,33,601,18.2,342,10.4,1.76
2019,6,Murray State,31,561,18.1,374,12.1,1.5
2019,7,Yale,28,484,17.3,375,13.4,1.29
2019,8,Utah State,34,585,17.2,426,12.5,1.37
2019,9,Northern Kentucky,34,581,17.1,423,12.4,1.37
2019,10,Buffalo,34,573,16.9,399,11.7,1.44
2019,11,Duke,34,541,15.9,446,13.1,1.21
2019,12,Iowa,33,519,15.7,399,12.1,1.3
2019,13,Abilene Christian,33,516,15.6,397,12,1.3
2019,14,Colgate,34,531,15.6,443,13,1.2
2019,15,North Carolina Central,33,509,15.4,506,15.3,1.01
2019,16,Wofford,33,507,15.4,359,10.9,1.41
2019,17,Virginia Tech,32,491,15.3,364,11.4,1.35
2019,18,Iowa State,34,518,15.2,378,11.1,1.37
2019,19,Houston,33,497,15.1,379,11.5,1.31
2019,20,Nevada,33,494,15,338,10.2,1.46
2019,21,Minnesota,34,506,14.9,408,12,1.24
2019,22,Liberty,34,505,14.9,373,11,1.35
2019,23,Montana,34,500,14.7,408,12,1.23
2019,24,New Mexico State,34,500,14.7,403,11.9,1.24
2019,25,Virginia,32,464,14.5,289,9,1.61
2019,26,Gardner-Webb,34,492,14.5,391,11.5,1.26
2019,27,Temple,32,463,14.5,356,11.1,1.3
2019,28,Purdue,32,462,14.4,341,10.7,1.35
2019,29,Auburn,34,490,14.4,417,12.3,1.18
2019,30,Mississippi State,33,474,14.4,439,13.3,1.08
2019,31,Ole Miss,32,459,14.3,405,12.7,1.13
2019,32,Northeastern,33,473,14.3,371,11.2,1.27
2019,33,Villanova,34,485,14.3,383,11.3,1.27
2019,34,Ohio State,33,470,14.2,414,12.5,1.14
2019,35,Fairleigh Dickinson,33,466,14.1,441,13.4,1.06
2019,36,Texas Tech,32,449,14,396,12.4,1.13
2019,37,St. John's,33,463,14,341,10.3,1.36
2019,38,Michigan,33,458,13.9,294,8.9,1.56
2019,39,VCU,32,444,13.9,446,13.9,1
2019,40,Kentucky,33,457,13.8,417,12.6,1.1
2019,41,Baylor,32,443,13.8,424,13.3,1.04
2019,42,Kansas State,33,454,13.8,372,11.3,1.22
2019,43,Cincinnati,33,451,13.7,347,10.5,1.3
2019,44,Marquette,33,450,13.6,458,13.9,0.98
2019,45,Arizona State,32,435,13.6,434,13.6,1
2019,46,Seton Hall,33,447,13.5,408,12.4,1.1
2019,47,Louisville,33,442,13.4,406,12.3,1.09
2019,48,Oregon,35,467,13.3,413,11.8,1.13
2019,49,Kansas,34,453,13.3,455,13.4,1
2019,50,UCF,31,411,13.3,366,11.8,1.12
2019,51,UC Irvine,35,463,13.2,411,11.7,1.13
2019,52,Maryland,32,423,13.2,420,13.1,1.01
2019,53,Iona,32,421,13.2,396,12.4,1.06
2019,54,LSU,32,420,13.1,423,13.2,0.99
2019,55,Saint Louis,34,441,13,439,12.9,1
2019,56,Florida State,34,438,12.9,459,13.5,0.95
2019,57,Old Dominion,34,435,12.8,399,11.7,1.09
2019,58,Wisconsin,33,421,12.8,315,9.5,1.34
2019,59,Oklahoma,32,406,12.7,390,12.2,1.04
2019,60,Prairie View A&M,34,428,12.6,433,12.7,0.99
2019,61,Georgia State,32,402,12.6,374,11.7,1.07
2019,62,Florida,34,416,12.2,400,11.8,1.04
2019,63,Bradley,34,411,12.1,430,12.6,0.96
2019,64,Syracuse,33,396,12,411,12.5,0.96
2019,65,Vermont,33,390,11.8,361,10.9,1.08
2019,66,Washington,34,397,11.7,453,13.3,0.88
2019,67,North Dakota State,33,383,11.6,349,10.6,1.1
2019,68,Saint Mary's,33,332,10.1,349,10.6,0.95
2018,1,Michigan State,33,638,19.3,435,13.2,1.47
2018,2,TCU,32,601,18.8,406,12.7,1.48
2018,3,Wichita State,32,593,18.5,370,11.6,1.6
2018,4,Iowa,33,602,18.2,441,13.4,1.37
2018,5,North Carolina,35,638,18.2,421,12,1.52
2018,6,Creighton,32,576,18,358,11.2,1.61
2018,7,Duke,33,578,17.5,416,12.6,1.39
2018,8,Marshall,34,586,17.2,449,13.2,1.31
2018,9,Davidson,31,530,17.1,294,9.5,1.8
2018,10,Kansas,34,578,17,397,11.7,1.46
2018,11,Buffalo,34,576,16.9,426,12.5,1.35
2018,12,Purdue,34,568,16.7,363,10.7,1.56
2018,13,Villanova,34,567,16.7,352,10.4,1.61
2018,14,Xavier,33,549,16.6,410,12.4,1.34
2018,15,Virginia Tech,32,528,16.5,382,11.9,1.38
2018,16,Nevada,34,559,16.4,338,9.9,1.65
2018,17,Cincinnati,33,535,16.2,377,11.4,1.42
2018,18,NC State,32,517,16.2,390,12.2,1.33
2018,19,Iona,33,526,15.9,385,11.7,1.37
2018,20,Tennessee,32,508,15.9,393,12.3,1.29
2018,21,Seton Hall,32,506,15.8,410,12.8,1.23
2018,22,Loyola Chicago,33,520,15.8,404,12.2,1.29
2018,23,Gonzaga,34,535,15.7,384,11.3,1.39
2018,24,North Carolina Central,34,535,15.7,480,14.1,1.11
2018,25,Lipscomb,32,503,15.7,480,15,1.05
2018,26,Pennsylvania,31,482,15.5,373,12,1.29
2018,27,Texas A&M,32,495,15.5,433,13.5,1.14
2018,28,UMBC,34,525,15.4,411,12.1,1.28
2018,29,North Carolina A&T,34,524,15.4,471,13.9,1.11
2018,30,Rhode Island,31,477,15.4,330,10.6,1.45
2018,31,Florida State,31,473,15.3,403,13,1.17
2018,32,Arizona,34,518,15.2,418,12.3,1.24
2018,33,Oklahoma,31,467,15.1,415,13.4,1.13
2018,34,UCLA,32,482,15.1,379,11.8,1.27
2018,35,West Virginia,34,512,15.1,385,11.3,1.33
2018,36,Houston,32,480,15,389,12.2,1.23
2018,37,San Diego State,32,477,14.9,382,11.9,1.25
2018,38,Murray State,31,459,14.8,368,11.9,1.25
2018,39,Michigan,35,518,14.8,320,9.1,1.62
2018,40,Ohio State,32,472,14.8,378,11.8,1.25
2018,41,Arkansas,34,492,14.5,374,11,1.32
2018,42,Bucknell,34,492,14.5,429,12.6,1.15
2018,43,Auburn,32,462,14.4,392,12.3,1.18
2018,44,Texas Tech,33,476,14.4,414,12.5,1.15
2018,45,Stephen F. Austin,34,489,14.4,529,15.6,0.92
2018,46,Kansas State,33,473,14.3,378,11.5,1.25
2018,47,St. Bonaventure,32,455,14.2,367,11.5,1.24
2018,48,Arizona State,31,439,14.2,332,10.7,1.32
2018,49,New Mexico State,33,466,14.1,418,12.7,1.11
2018,50,UNC Greensboro,34,480,14.1,468,13.8,1.03
2018,51,Butler,33,462,14,369,11.2,1.25
2018,52,Providence,34,468,13.8,424,12.5,1.1
2018,53,Virginia,33,453,13.7,283,8.6,1.6
2018,54,Missouri,32,435,13.6,453,14.2,0.96
2018,55,Kentucky,33,447,13.5,433,13.1,1.03
2018,56,South Dakota State,34,459,13.5,340,10,1.35
2018,57,Georgia State,33,443,13.4,378,11.5,1.17
2018,58,Miami,31,413,13.3,351,11.3,1.18
2018,59,Wright State,34,451,13.3,446,13.1,1.01
2018,60,Clemson,32,422,13.2,387,12.1,1.09
2018,61,Florida,32,415,13,314,9.8,1.32
2018,62,CSU Fullerton,31,396,12.8,438,14.1,0.9
2018,63,Montana,33,421,12.8,410,12.4,1.03
2018,64,Long Island University,34,429,12.6,481,14.1,0.89
2018,65,Alabama,34,426,12.5,481,14.1,0.89
2018,66,Texas Southern,34,417,12.3,428,12.6,0.97
2018,67,Radford,34,415,12.2,414,12.2,1
2018,68,Texas,33,382,11.6,391,11.8,0.98
2018,69,Charleston,33,377,11.4,318,9.6,1.19
2018,70,Syracuse,33,362,11,415,12.6,0.87
2017,1,UCLA,33,709,21.5,381,11.5,1.86
2017,2,North Carolina,34,619,18.2,405,11.9,1.53
2017,3,Purdue,32,581,18.2,419,13.1,1.39
2017,4,Creighton,34,587,17.3,424,12.5,1.38
2017,5,Michigan State,33,560,17,468,14.2,1.2
2017,6,Saint Mary's,32,536,16.8,337,10.5,1.59
2017,7,West Virginia,34,569,16.7,417,12.3,1.36
2017,8,Wichita State,34,563,16.6,379,11.1,1.49
2017,9,Marquette,31,513,16.5,378,12.2,1.36
2017,10,Oregon,34,558,16.4,394,11.6,1.42
2017,11,SMU,34,556,16.4,369,10.9,1.51
2017,12,Kansas,32,521,16.3,419,13.1,1.24
2017,13,UNC Wilmington,34,550,16.2,354,10.4,1.55
2017,14,Nevada,34,546,16.1,379,11.1,1.44
2017,15,Gonzaga,33,529,16,373,11.3,1.42
2017,16,Notre Dame,34,544,16,321,9.4,1.69
2017,17,Cincinnati,34,538,15.8,340,10,1.58
2017,18,Iowa State,33,522,15.8,335,10.2,1.56
2017,19,Dayton,31,489,15.8,370,11.9,1.32
2017,20,New Orleans,31,489,15.8,520,16.8,0.94
2017,21,Baylor,32,503,15.7,429,13.4,1.17
2017,22,Iona,34,531,15.6,411,12.1,1.29
2017,23,Wake Forest,32,498,15.6,378,11.8,1.32
2017,24,Kentucky,34,528,15.5,409,12,1.29
2017,25,Florida Gulf Coast,33,509,15.4,410,12.4,1.24
2017,26,USC,33,505,15.3,368,11.2,1.37
2017,27,Northwestern,34,519,15.3,358,10.5,1.45
2017,28,Middle Tennessee,34,519,15.3,354,10.4,1.47
2017,29,VCU,34,519,15.3,426,12.5,1.22
2017,30,North Dakota,31,469,15.1,413,13.3,1.14
2017,31,Virginia Tech,32,483,15.1,388,12.1,1.24
2017,32,Kansas State,33,494,15,431,13.1,1.15
2017,33,Minnesota,33,492,14.9,385,11.7,1.28
2017,34,Xavier,34,505,14.9,435,12.8,1.16
2017,35,New Mexico State,33,490,14.8,454,13.8,1.08
2017,36,East Tennessee State,34,504,14.8,502,14.8,1
2017,37,Florida State,33,485,14.7,390,11.8,1.24
2017,38,Oklahoma State,32,469,14.7,422,13.2,1.11
2017,39,Bucknell,34,497,14.6,451,13.3,1.1
2017,40,Princeton,29,416,14.3,289,10,1.44
2017,41,Maryland,32,459,14.3,415,13,1.11
2017,42,Villanova,34,486,14.3,381,11.2,1.28
2017,43,Virginia,32,456,14.3,305,9.5,1.5
2017,44,Providence,32,454,14.2,403,12.6,1.13
2017,45,North Carolina Central,33,466,14.1,397,12,1.17
2017,46,Arkansas,34,479,14.1,399,11.7,1.2
2017,47,Jacksonville State,34,479,14.1,463,13.6,1.03
2017,48,Northern Kentucky,34,475,14,460,13.5,1.03
2017,49,Michigan,35,483,13.8,330,9.4,1.46
2017,50,Arizona,34,469,13.8,389,11.4,1.21
2017,51,Louisville,32,435,13.6,357,11.2,1.22
2017,52,Wisconsin,34,460,13.5,373,11,1.23
2017,53,Rhode Island,33,443,13.4,370,11.2,1.2
2017,54,Vermont,34,455,13.4,383,11.3,1.19
2017,55,South Dakota State,34,451,13.3,440,12.9,1.03
2017,56,Butler,31,409,13.2,315,10.2,1.3
2017,57,Troy,36,474,13.2,445,12.4,1.07
2017,58,Duke,35,458,13.1,395,11.3,1.16
2017,59,Vanderbilt,34,441,13,420,12.4,1.05
2017,60,UC Davis,34,440,12.9,481,14.1,0.91
2017,61,Winthrop,32,411,12.8,421,13.2,0.98
2017,62,Florida,32,404,12.6,378,11.8,1.07
2017,63,South Carolina,32,403,12.6,428,13.4,0.94
2017,64,Kent State,35,439,12.5,457,13.1,0.96
2017,65,Seton Hall,32,394,12.3,434,13.6,0.91
2017,66,Miami,32,381,11.9,407,12.7,0.94
2017,67,Texas Southern,34,402,11.8,394,11.6,1.02
2017,68,Mount St. Mary's,34,379,11.1,447,13.1,0.85
2016,1,Michigan State,33,684,20.7,392,11.9,1.74
2016,2,Stephen F. Austin,32,605,18.9,398,12.4,1.52
2016,3,North Carolina,34,616,18.1,371,10.9,1.66
2016,4,Purdue,33,588,17.8,401,12.2,1.47
2016,5,Baylor,33,587,17.8,425,12.9,1.38
2016,6,Texas A&M,33,563,17.1,388,11.8,1.45
2016,7,Pittsburgh,32,541,16.9,374,11.7,1.45
2016,8,Iona,32,539,16.8,409,12.8,1.32
2016,9,Stony Brook,32,531,16.6,365,11.4,1.45
2016,10,Iowa State,32,529,16.5,370,11.6,1.43
2016,11,Xavier,32,524,16.4,408,12.8,1.28
2016,12,Villanova,34,549,16.1,378,11.1,1.45
2016,13,Iowa,31,496,16,323,10.4,1.54
2016,14,Indiana,32,511,16,437,13.7,1.17
2016,15,Kansas,34,542,15.9,428,12.6,1.27
2016,16,Providence,33,525,15.9,380,11.5,1.38
2016,17,Hawai'i,32,504,15.8,423,13.2,1.19
2016,18,CSU Bakersfield,32,501,15.7,391,12.2,1.28
2016,19,Utah,34,532,15.6,418,12.3,1.27
2016,20,Cincinnati,32,495,15.5,354,11.1,1.4
2016,21,Yale,28,425,15.2,375,13.4,1.13
2016,22,Saint Joseph's,33,495,15,337,10.2,1.47
2016,23,Michigan,34,509,15,333,9.8,1.53
2016,24,Vanderbilt,32,478,14.9,374,11.7,1.28
2016,25,USC,33,491,14.9,403,12.2,1.22
2016,26,West Virginia,34,502,14.8,476,14,1.05
2016,27,Dayton,32,470,14.7,418,13.1,1.12
2016,28,Chattanooga,34,495,14.6,422,12.4,1.17
2016,29,Oklahoma,32,465,14.5,415,13,1.12
2016,30,Arizona,33,479,14.5,423,12.8,1.13
2016,31,Kentucky,33,477,14.5,363,11,1.31
2016,32,VCU,33,476,14.4,380,11.5,1.25
2016,33,Butler,31,445,14.4,317,10.2,1.4
2016,34,Wichita State,32,459,14.3,318,9.9,1.44
2016,35,Virginia,33,473,14.3,310,9.4,1.53
2016,36,Fairleigh Dickinson,32,456,14.3,414,12.9,1.1
2016,37,Maryland,33,465,14.1,425,12.9,1.09
2016,38,Syracuse,32,450,14.1,388,12.1,1.16
2016,39,Holy Cross,33,459,13.9,362,11,1.27
2016,40,Green Bay,35,486,13.9,423,12.1,1.15
2016,41,Weber State,34,472,13.9,451,13.3,1.05
2016,42,Gonzaga,33,458,13.9,372,11.3,1.23
2016,43,UConn,33,455,13.8,369,11.2,1.23
2016,44,Colorado,33,454,13.8,442,13.4,1.03
2016,45,Tulsa,31,425,13.7,335,10.8,1.27
2016,46,Oregon,34,464,13.6,393,11.6,1.18
2016,47,Seton Hall,33,447,13.5,457,13.8,0.98
2016,48,Temple,32,433,13.5,293,9.2,1.48
2016,49,Florida Gulf Coast,33,446,13.5,406,12.3,1.1
2016,50,Austin Peay,35,473,13.5,490,14,0.97
2016,51,Duke,33,445,13.5,326,9.9,1.37
2016,52,Oregon State,31,418,13.5,355,11.5,1.18
2016,53,Fresno State,34,458,13.5,364,10.7,1.26
2016,54,Notre Dame,32,431,13.5,311,9.7,1.39
2016,55,UNC Wilmington,32,428,13.4,365,11.4,1.17
2016,56,Little Rock,32,423,13.2,338,10.6,1.25
2016,57,Middle Tennessee,33,431,13.1,399,12.1,1.08
2016,58,Texas Tech,31,404,13,371,12,1.09
2016,59,California,33,428,13,403,12.2,1.06
2016,60,Miami,32,410,12.8,341,10.7,1.2
2016,61,Buffalo,34,433,12.7,465,13.7,0.93
2016,62,UNC Asheville,33,411,12.5,430,13,0.96
2016,63,Hampton,31,377,12.2,433,14,0.87
2016,64,Northern Iowa,34,406,11.9,334,9.8,1.22
2016,65,Wisconsin,32,371,11.6,351,11,1.06
2016,66,Texas,32,367,11.5,332,10.4,1.11
2016,67,South Dakota State,33,373,11.3,388,11.8,0.96
2016,68,Southern,34,372,10.9,382,11.2,0.97
2015,1,Stephen F. Austin,33,587,17.8,464,14.1,1.27
2015,2,North Carolina,35,621,17.7,444,12.7,1.4
2015,3,Davidson,31,534,17.2,297,9.6,1.8
2015,4,Michigan State,34,582,17.1,395,11.6,1.47
2015,5,BYU,34,572,16.8,402,11.8,1.42
2015,6,Gonzaga,34,561,16.5,359,10.6,1.56
2015,7,Xavier,34,557,16.4,411,12.1,1.36
2015,8,Iowa State,33,534,16.2,364,11,1.47
2015,9,Arkansas,34,549,16.1,399,11.7,1.38
2015,10,Villanova,34,541,15.9,369,10.9,1.47
2015,11,LSU,32,502,15.7,468,14.6,1.07
2015,12,Lafayette,32,499,15.6,351,11,1.42
2015,13,Duke,33,512,15.5,371,11.2,1.38
2015,14,SMU,33,512,15.5,417,12.6,1.23
2015,15,Ohio State,33,509,15.4,373,11.3,1.36
2015,16,Belmont,32,492,15.4,439,13.7,1.12
2015,17,Notre Dame,34,514,15.1,319,9.4,1.61
2015,18,Purdue,33,492,14.9,432,13.1,1.14
2015,19,Kentucky,34,500,14.7,361,10.6,1.39
2015,20,Baylor,33,483,14.6,413,12.5,1.17
2015,21,West Virginia,32,465,14.5,418,13.1,1.11
2015,22,North Florida,34,491,14.4,417,12.3,1.18
2015,23,UAB,34,490,14.4,461,13.6,1.06
2015,24,Iowa,32,460,14.4,361,11.3,1.27
2015,25,Wyoming,34,487,14.3,380,11.2,1.28
2015,26,Utah,32,458,14.3,366,11.4,1.25
2015,27,Northeastern,34,485,14.3,467,13.7,1.04
2015,28,UC Irvine,33,470,14.2,382,11.6,1.23
2015,29,Oregon,34,484,14.2,401,11.8,1.21
2015,30,Arizona,34,483,14.2,381,11.2,1.27
2015,31,Providence,33,465,14.1,391,11.8,1.19
2015,32,Indiana,33,463,14,379,11.5,1.22
2015,33,UCLA,33,459,13.9,392,11.9,1.17
2015,34,Manhattan,32,445,13.9,464,14.5,0.96
2015,35,Wichita State,32,445,13.9,301,9.4,1.48
2015,36,Dayton,33,456,13.8,379,11.5,1.2
2015,37,Georgia State,33,450,13.6,352,10.7,1.28
2015,38,Wofford,34,454,13.4,371,10.9,1.22
2015,39,Kansas,34,451,13.3,435,12.8,1.04
2015,40,Texas,33,435,13.2,420,12.7,1.04
2015,41,Eastern Washington,34,448,13.2,367,10.8,1.22
2015,42,Georgetown,31,408,13.2,392,12.6,1.04
2015,43,Buffalo,32,421,13.2,361,11.3,1.17
2015,44,Valparaiso,33,431,13.1,413,12.5,1.04
2015,45,Harvard,29,375,12.9,342,11.8,1.1
2015,46,Virginia,32,413,12.9,304,9.5,1.36
2015,47,Ole Miss,32,410,12.8,363,11.3,1.13
2015,48,Wisconsin,34,432,12.7,252,7.4,1.71
2015,49,VCU,35,442,12.6,372,10.6,1.19
2015,50,Georgia,32,403,12.6,408,12.8,0.99
2015,51,St. John's,32,402,12.6,342,10.7,1.18
2015,52,Oklahoma,32,400,12.5,388,12.1,1.03
2015,53,Robert Morris,33,404,12.2,454,13.8,0.89
2015,54,Boise State,33,399,12.1,339,10.3,1.18
2015,55,New Mexico State,33,398,12.1,459,13.9,0.87
2015,56,Northern Iowa,33,394,11.9,346,10.5,1.14
2015,57,Cincinnati,32,380,11.9,409,12.8,0.93
2015,58,Louisville,32,374,11.7,378,11.8,0.99
2015,59,NC State,33,383,11.6,347,10.5,1.1
2015,60,Butler,32,368,11.5,364,11.4,1.01
2015,61,Oklahoma State,31,355,11.5,380,12.3,0.93
2015,62,Coastal Carolina,33,376,11.4,393,11.9,0.96
2015,63,Maryland,33,360,10.9,397,12,0.91
2015,64,Texas Southern,34,370,10.9,445,13.1,0.83
2015,65,Hampton,33,350,10.6,469,14.2,0.75
2015,66,San Diego State,34,360,10.6,386,11.4,0.93
2015,67,Albany,32,334,10.4,374,11.7,0.89
2015,68,North Dakota State,32,310,9.7,312,9.8,0.99
2014,1,Iowa State,33,612,18.5,348,10.5,1.76
2014,2,Creighton,33,585,17.7,328,9.9,1.78
2014,3,Memphis,32,556,17.4,431,13.5,1.29
2014,4,UCLA,34,585,17.2,358,10.5,1.63
2014,5,Michigan State,33,564,17.1,379,11.5,1.49
2014,6,Stephen F. Austin,33,547,16.6,368,11.2,1.49
2014,7,Mercer,34,559,16.4,406,11.9,1.38
2014,8,Iowa,32,518,16.2,365,11.4,1.42
2014,9,Louisville,34,533,15.7,350,10.3,1.52
2014,10,Villanova,32,500,15.6,379,11.8,1.32
2014,11,Pittsburgh,34,531,15.6,359,10.6,1.48
2014,12,BYU,34,530,15.6,386,11.4,1.37
2014,13,North Carolina,32,498,15.6,385,12,1.29
2014,14,Kansas State,32,495,15.5,394,12.3,1.26
2014,15,New Mexico,33,510,15.5,351,10.6,1.45
2014,16,UMass,32,487,15.2,433,13.5,1.12
2014,17,American,32,484,15.1,447,14,1.08
2014,18,Kansas,33,499,15.1,435,13.2,1.15
2014,19,Arizona,34,513,15.1,355,10.4,1.45
2014,20,Baylor,35,525,15,414,11.8,1.27
2014,21,Xavier,33,490,14.8,408,12.4,1.2
2014,22,North Carolina Central,33,488,14.8,383,11.6,1.27
2014,23,Gonzaga,34,499,14.7,383,11.3,1.3
2014,24,Eastern Kentucky,33,484,14.7,352,10.7,1.38
2014,25,Oklahoma,32,469,14.7,366,11.4,1.28
2014,26,Duke,33,481,14.6,316,9.6,1.52
2014,27,Harvard,30,435,14.5,342,11.4,1.27
2014,28,Michigan,32,462,14.4,301,9.4,1.53
2014,29,Oregon,32,462,14.4,373,11.7,1.24
2014,30,Saint Louis,32,456,14.3,404,12.6,1.13
2014,31,Arizona State,32,454,14.2,367,11.5,1.24
2014,32,George Washington,32,453,14.2,418,13.1,1.08
2014,33,Saint Joseph's,32,451,14.1,395,12.3,1.14
2014,34,Texas Southern,33,464,14.1,441,13.4,1.05
2014,35,Providence,34,464,13.6,396,11.6,1.17
2014,36,Oklahoma State,33,450,13.6,344,10.4,1.31
2014,37,Milwaukee,34,463,13.6,457,13.4,1.01
2014,38,Louisiana,33,449,13.6,455,13.8,0.99
2014,39,Wichita State,34,460,13.5,353,10.4,1.3
2014,40,Florida,33,442,13.4,372,11.3,1.19
2014,41,Weber State,30,400,13.3,372,12.4,1.08
2014,42,Virginia,33,437,13.2,339,10.3,1.29
2014,43,VCU,33,437,13.2,412,12.5,1.06
2014,44,Manhattan,32,422,13.2,453,14.2,0.93
2014,45,New Mexico State,35,461,13.2,444,12.7,1.04
2014,46,Dayton,33,431,13.1,396,12,1.09
2014,47,NC State,34,440,12.9,354,10.4,1.24
2014,48,Wofford,32,413,12.9,342,10.7,1.21
2014,49,Texas,33,421,12.8,408,12.4,1.03
2014,50,Cincinnati,33,420,12.7,366,11.1,1.15
2014,51,Tennessee,33,417,12.6,354,10.7,1.18
2014,52,UConn,34,428,12.6,397,11.7,1.08
2014,53,Tulsa,33,413,12.5,378,11.5,1.09
2014,54,Wisconsin,33,400,12.1,266,8.1,1.5
2014,55,Ohio State,34,409,12,380,11.2,1.08
2014,56,Syracuse,32,382,11.9,285,8.9,1.34
2014,57,Stanford,33,389,11.8,371,11.2,1.05
2014,58,North Dakota State,31,365,11.8,304,9.8,1.2
2014,59,Mount St. Mary's,32,376,11.8,384,12,0.98
2014,60,Cal Poly,32,374,11.7,287,9,1.3
2014,61,Kentucky,33,382,11.6,403,12.2,0.95
2014,62,Colorado,34,392,11.5,449,13.2,0.87
2014,63,Western Michigan,32,364,11.4,451,14.1,0.81
2014,64,Albany,32,354,11.1,404,12.6,0.88
2014,65,Delaware,34,370,10.9,326,9.6,1.13
2014,66,Coastal Carolina,33,349,10.6,465,14.1,0.75
2014,67,San Diego State,33,335,10.2,328,9.9,1.02
2014,68,Nebraska,31,297,9.6,338,10.9,0.88
2013,1,North Carolina,33,571,17.3,405,12.3,1.41
2013,2,Memphis,34,585,17.2,497,14.6,1.18
2013,3,Creighton,34,584,17.2,417,12.3,1.4
2013,4,Notre Dame,34,578,17,376,11.1,1.54
2013,5,Pittsburgh,32,529,16.5,349,10.9,1.52
2013,6,UNLV,34,551,16.2,475,14,1.16
2013,7,UCLA,34,549,16.1,376,11.1,1.46
2013,8,Kansas State,34,545,16,394,11.6,1.38
2013,9,Iowa State,33,527,16,438,13.3,1.2
2013,10,Belmont,32,509,15.9,432,13.5,1.18
2013,11,Kansas,34,532,15.6,465,13.7,1.14
2013,12,Northwestern State,31,480,15.5,433,14,1.11
2013,13,Iona,33,510,15.5,402,12.2,1.27
2013,14,Long Island University,33,505,15.3,475,14.4,1.06
2013,15,Gonzaga,33,503,15.2,370,11.2,1.36
2013,16,Louisville,34,510,15,431,12.7,1.18
2013,17,VCU,33,495,15,389,11.8,1.27
2013,18,Florida,32,480,15,354,11.1,1.36
2013,19,Akron,32,480,15,436,13.6,1.1
2013,20,Temple,32,476,14.9,351,11,1.36
2013,21,Georgetown,31,459,14.8,393,12.7,1.17
2013,22,Minnesota,32,473,14.8,442,13.8,1.07
2013,23,Pacific,34,501,14.7,376,11.1,1.33
2013,24,Duke,32,470,14.7,343,10.7,1.37
2013,25,Saint Mary's,33,484,14.7,396,12,1.22
2013,26,NC State,34,497,14.6,420,12.4,1.18
2013,27,New Mexico,34,497,14.6,391,11.5,1.27
2013,28,Indiana,33,480,14.5,429,13,1.12
2013,29,Syracuse,35,509,14.5,442,12.6,1.15
2013,30,South Dakota State,34,493,14.5,353,10.4,1.4
2013,31,La Salle,30,431,14.4,351,11.7,1.23
2013,30,Marquette,31,445,14.4,422,13.6,1.05
2013,33,Michigan,33,471,14.3,304,9.2,1.55
2013,34,Middle Tennessee,33,467,14.2,455,13.8,1.03
2013,35,California,31,436,14.1,389,12.5,1.12
2013,36,Florida Gulf Coast,34,476,14,499,14.7,0.95
2013,37,Davidson,33,461,14,360,10.9,1.28
2013,38,Missouri,33,460,13.9,437,13.2,1.05
2013,39,Valparaiso,33,457,13.8,479,14.5,0.95
2013,49,Arizona,32,443,13.8,419,13.1,1.06
2013,41,Wichita State,34,469,13.8,435,12.8,1.08
2013,42,Ohio State,32,432,13.5,341,10.7,1.27
2013,43,Wisconsin,33,444,13.5,323,9.8,1.37
2013,44,Bucknell,33,442,13.4,312,9.5,1.42
2013,45,Michigan State,33,438,13.3,443,13.4,0.99
2013,46,Harvard,28,370,13.2,378,13.5,0.98
2013,47,Boise State,31,409,13.2,375,12.1,1.09
2013,48,Colorado State,33,431,13.1,355,10.8,1.21
2013,49,Butler,34,444,13.1,454,13.4,0.98
2013,50,Oregon,34,442,13,507,14.9,0.87
2013,51,Montana,31,400,12.9,374,12.1,1.07
2013,52,Saint Louis,32,412,12.9,361,11.3,1.14
2013,53,Ole Miss,33,417,12.6,372,11.3,1.12
2013,54,Oklahoma,31,384,12.4,367,11.8,1.05
2013,55,Villanova,33,407,12.3,517,15.7,0.79
2013,56,San Diego State,32,394,12.3,382,11.9,1.03
2013,57,Liberty,35,428,12.2,468,13.4,0.91
2013,58,Cincinnati,33,403,12.2,423,12.8,0.95
2013,59,Oklahoma State,32,386,12.1,397,12.4,0.97
2013,60,James Madison,34,399,11.7,380,11.2,1.05
2013,61,New Mexico State,34,391,11.5,490,14.4,0.8
2013,62,Southern,32,366,11.4,349,10.9,1.05
2013,63,Miami,32,359,11.2,352,11,1.02
2013,64,Western Kentucky,35,392,11.2,527,15.1,0.74
2013,65,Albany,34,380,11.2,455,13.4,0.84
2013,66,North Carolina A&T,35,388,11.1,529,15.1,0.73
2013,67,Illinois,34,348,10.2,391,11.5,0.89
2013,68,Colorado,32,321,10,424,13.3,0.76
2012,1,Iona,32,619,19.3,396,12.4,1.56
2012,2,Creighton,33,591,17.9,405,12.3,1.46
2012,3,UNLV,34,603,17.7,458,13.5,1.32
2012,4,North Carolina,33,581,17.6,393,11.9,1.48
2012,5,Belmont,34,590,17.4,421,12.4,1.4
2012,6,BYU,33,562,17,436,13.2,1.29
2012,7,Marquette,32,539,16.8,424,13.3,1.27
2012,8,UNC Asheville,33,549,16.6,444,13.5,1.24
2012,9,New Mexico,33,541,16.4,440,13.3,1.23
2012,10,Missouri,34,551,16.2,350,10.3,1.57
2012,11,California,33,530,16.1,404,12.2,1.31
2012,12,NC State,34,543,16,436,12.8,1.25
2012,13,Saint Mary's,32,509,15.9,372,11.6,1.37
2012,14,Syracuse,33,522,15.8,348,10.5,1.5
2012,15,Temple,31,484,15.6,388,12.5,1.25
2012,16,Kansas,33,515,15.6,437,13.2,1.18
2012,17,Michigan State,33,505,15.3,436,13.2,1.16
2012,18,Ohio State,33,503,15.2,385,11.7,1.31
2012,19,Baylor,34,510,15,472,13.9,1.08
2012,20,Florida,33,495,15,360,10.9,1.38
2012,21,Long Island University,33,490,14.8,534,16.2,0.92
2012,22,Memphis,34,502,14.8,433,12.7,1.16
2012,23,Wichita State,32,472,14.8,391,12.2,1.21
2012,24,Iowa State,32,467,14.6,401,12.5,1.16
2012,25,West Virginia,32,467,14.6,412,12.9,1.13
2012,26,Notre Dame,33,478,14.5,331,10,1.44
2012,27,Kansas State,31,448,14.5,449,14.5,1
2012,28,South Dakota State,34,484,14.2,357,10.5,1.36
2012,29,Long Beach State,33,463,14,425,12.9,1.09
2012,30,New Mexico State,35,491,14,516,14.7,0.95
2012,31,Saint Louis,32,443,13.8,359,11.2,1.23
2012,32,Davidson,32,443,13.8,378,11.8,1.17
2012,33,Montana,31,428,13.8,393,12.7,1.09
2012,34,Louisville,35,482,13.8,513,14.7,0.94
2012,35,St. Bonaventure,30,413,13.8,426,14.2,0.97
2012,36,Gonzaga,31,426,13.7,414,13.4,1.03
2012,37,Purdue,33,452,13.7,286,8.7,1.58
2012,38,Georgetown,31,424,13.7,393,12.7,1.08
2012,39,UConn,33,449,13.6,414,12.5,1.08
2012,40,Xavier,32,435,13.6,414,12.9,1.05
2012,41,Indiana,33,443,13.4,421,12.8,1.05
2012,42,Lehigh,33,440,13.3,375,11.4,1.17
2012,43,Kentucky,33,438,13.3,378,11.5,1.16
2012,44,Vermont,34,451,13.3,420,12.4,1.07
2012,45,Mississippi Valley State,34,449,13.2,494,14.5,0.91
2012,46,Ohio,34,448,13.2,450,13.2,1
2012,47,Lamar,34,442,13,411,12.1,1.08
2012,48,Vanderbilt,33,429,13,437,13.2,0.98
2012,49,Detroit Mercy,35,454,13,436,12.5,1.04
2012,50,Cincinnati,34,441,13,361,10.6,1.22
2012,51,Murray State,31,402,13,434,14,0.93
2012,52,Harvard,30,387,12.9,369,12.3,1.05
2012,53,Michigan,33,420,12.7,360,10.9,1.17
2012,54,Duke,33,411,12.5,402,12.2,1.02
2012,55,San Diego State,33,408,12.4,417,12.6,0.98
2012,56,Texas,33,408,12.4,415,12.6,0.98
2012,57,Colorado State,31,382,12.3,386,12.5,0.99
2012,58,Virginia,31,382,12.3,354,11.4,1.08
2012,59,Alabama,32,393,12.3,414,12.9,0.95
2012,60,VCU,34,416,12.2,389,11.4,1.07
2012,61,Norfolk State,34,408,12,520,15.3,0.78
2012,62,Loyola (MD),32,384,12,431,13.5,0.89
2012,63,Florida State,32,382,11.9,522,16.3,0.73
2012,64,South Florida,33,391,11.8,452,13.7,0.87
2012,65,Colorado,34,397,11.7,432,12.7,0.92
2012,66,Wisconsin,33,385,11.7,296,9,1.3
2012,67,Southern Miss,33,366,11.1,367,11.1,1
2012,68,Western Kentucky,33,365,11.1,496,15,0.74
2011,1,Kansas,34,608,17.9,458,13.5,1.33
2011,2,Louisville,34,594,17.5,443,13,1.34
2011,3,Pittsburgh,32,556,17.4,373,11.7,1.49
2011,4,Washington,33,566,17.2,408,12.4,1.39
2011,5,Notre Dame,32,535,16.7,342,10.7,1.56
2011,6,Illinois,32,531,16.6,407,12.7,1.3
2011,7,Missouri,33,543,16.5,422,12.8,1.29
2011,8,Belmont,34,557,16.4,473,13.9,1.18
2011,9,Oakland,34,556,16.4,466,13.7,1.19
2011,10,Syracuse,33,538,16.3,400,12.1,1.35
2011,11,Marquette,34,538,15.8,408,12,1.32
2011,12,Purdue,32,506,15.8,331,10.3,1.53
2011,13,Ohio State,34,531,15.6,346,10.2,1.53
2011,14,UNLV,32,497,15.5,405,12.7,1.23
2011,15,North Carolina,33,506,15.3,446,13.5,1.13
2011,16,Gonzaga,33,504,15.3,444,13.5,1.14
2011,17,Temple,32,488,15.3,347,10.8,1.41
2011,18,Georgia,32,486,15.2,429,13.4,1.13
2011,19,Georgetown,31,469,15.1,416,13.4,1.13
2011,20,Long Island University,32,484,15.1,491,15.3,0.99
2011,21,West Virginia,31,467,15.1,375,12.1,1.25
2011,22,Richmond,34,509,15,363,10.7,1.4
2011,23,Utah State,33,490,14.8,390,11.8,1.26
2011,24,Michigan State,33,489,14.8,438,13.3,1.12
2011,25,Bucknell,33,486,14.7,375,11.4,1.3
2011,26,UCLA,32,468,14.6,478,14.9,0.98
2011,27,Memphis,34,496,14.6,520,15.3,0.95
2011,28,Akron,35,510,14.6,424,12.1,1.2
2011,29,UNC Asheville,32,466,14.6,481,15,0.97
2011,30,BYU,34,494,14.5,374,11,1.32
2011,31,UC Santa Barbara,31,449,14.5,439,14.2,1.02
2011,32,Old Dominion,33,477,14.5,409,12.4,1.17
2011,33,Duke,34,490,14.4,416,12.2,1.18
2011,34,Wofford,33,475,14.4,391,11.8,1.21
2011,35,George Mason,32,458,14.3,350,10.9,1.31
2011,36,Cincinnati,33,471,14.3,382,11.6,1.23
2011,37,VCU,34,483,14.2,393,11.6,1.23
2011,38,Kansas State,32,453,14.2,479,15,0.95
2011,39,Arizona,34,479,14.1,437,12.9,1.1
2011,40,Villanova,32,440,13.8,383,12,1.15
2011,41,Florida,33,453,13.7,410,12.4,1.1
2011,42,UAB,30,410,13.7,368,12.3,1.11
2011,43,San Diego State,34,461,13.6,376,11.1,1.23
2011,44,Michigan,33,447,13.5,333,10.1,1.34
2011,45,Princeton,31,419,13.5,383,12.4,1.09
2011,46,Texas A&M,32,432,13.5,415,13,1.04
2011,47,Texas,34,458,13.5,402,11.8,1.14
2011,48,Vanderbilt,33,442,13.4,434,13.2,1.02
2011,49,Xavier,31,413,13.3,371,12,1.11
2011,50,Wisconsin,31,408,13.2,229,7.4,1.78
2011,51,Tennessee,33,433,13.1,436,13.2,0.99
2011,52,UConn,35,459,13.1,411,11.7,1.12
2011,53,Clemson,32,413,12.9,428,13.4,0.96
2011,54,UTSA,32,410,12.8,435,13.6,0.94
2011,55,St. John's,32,408,12.8,398,12.4,1.03
2011,56,Kentucky,33,419,12.7,352,10.7,1.19
2011,57,Indiana State,33,418,12.7,463,14,0.9
2011,58,Butler,32,401,12.5,356,11.1,1.13
2011,59,Florida State,31,387,12.5,500,16.1,0.77
2011,60,Morehead State,33,406,12.3,498,15.1,0.82
2011,61,Penn State,33,401,12.2,349,10.6,1.15
2011,62,USC,33,398,12.1,375,11.4,1.06
2011,63,Hampton,32,383,12,395,12.3,0.97
2011,64,Northern Colorado,31,367,11.8,445,14.4,0.82
2011,65,Little Rock,35,414,11.8,412,11.8,1
2011,66,Alabama State,34,391,11.5,539,15.9,0.73
2011,67,Saint Peter's,33,374,11.3,497,15.1,0.75
2011,68,Boston University,34,335,9.9,406,11.9,0.83
2010,1,Sam Houston State,32,653,20.4,431,13.5,1.52
2010,2,Syracuse,32,620,19.4,483,15.1,1.28
2010,3,Kansas,34,583,17.1,441,13,1.32
2010,4,Utah State,34,576,16.9,349,10.3,1.65
2010,5,Notre Dame,34,573,16.9,352,10.4,1.63
2010,6,Minnesota,33,556,16.8,419,12.7,1.33
2010,7,Michigan State,32,534,16.7,449,14,1.19
2010,8,Saint Mary's,31,512,16.5,359,11.6,1.43
2010,9,Cornell,31,511,16.5,380,12.3,1.34
2010,10,Maryland,31,507,16.4,367,11.8,1.38
2010,11,UNLV,33,539,16.3,387,11.7,1.39
2010,12,BYU,34,544,16,392,11.5,1.39
2010,13,Pittsburgh,32,506,15.8,397,12.4,1.27
2010,14,West Virginia,33,518,15.7,387,11.7,1.34
2010,15,Murray State,34,531,15.6,498,14.6,1.07
2010,16,Louisville,32,498,15.6,438,13.7,1.14
2010,17,Old Dominion,34,527,15.5,435,12.8,1.21
2010,18,Georgetown,33,510,15.5,455,13.8,1.12
2010,19,Missouri,32,488,15.3,416,13,1.17
2010,20,Marquette,33,500,15.2,340,10.3,1.47
2010,21,Lehigh,32,484,15.1,416,13,1.16
2010,22,Temple,33,492,14.9,347,10.5,1.42
2010,23,Kansas State,33,488,14.8,478,14.5,1.02
2010,24,UTEP,32,473,14.8,421,13.2,1.12
2010,25,Kentucky,33,484,14.7,484,14.7,1
2010,26,Ohio State,33,484,14.7,375,11.4,1.29
2010,27,Texas,33,478,14.5,459,13.9,1.04
2010,28,California,33,477,14.5,396,12,1.2
2010,29,Siena,33,477,14.5,404,12.2,1.18
2010,30,New Mexico State,33,476,14.4,426,12.9,1.12
2010,31,New Mexico,33,476,14.4,370,11.2,1.29
2010,32,Xavier,32,458,14.3,423,13.2,1.08
2010,33,Tennessee,33,471,14.3,437,13.2,1.08
2010,34,Georgia Tech,33,470,14.2,540,16.4,0.87
2010,35,Clemson,31,439,14.2,460,14.8,0.95
2010,36,Duke,33,466,14.1,367,11.1,1.27
2010,37,Ohio,35,494,14.1,447,12.8,1.11
2010,38,Florida,33,464,14.1,402,12.2,1.15
2010,39,Purdue,32,449,14,348,10.9,1.29
2010,40,Washington,33,462,14,422,12.8,1.09
2010,41,Baylor,32,448,14,446,13.9,1
2010,42,Florida State,31,431,13.9,520,16.8,0.83
2010,43,UC Santa Barbara,29,403,13.9,451,15.6,0.89
2010,44,Villanova,31,430,13.9,429,13.8,1
2010,45,Wofford,34,462,13.6,405,11.9,1.14
2010,46,San Diego State,33,448,13.6,443,13.4,1.01
2010,47,Gonzaga,32,431,13.5,418,13.1,1.03
2010,48,Oakland,34,454,13.4,468,13.8,0.97
2010,49,Vanderbilt,32,421,13.2,438,13.7,0.96
2010,50,Richmond,33,423,12.8,375,11.4,1.13
2010,51,Butler,32,410,12.8,397,12.4,1.03
2010,52,Wisconsin,31,396,12.8,275,8.9,1.44
2010,53,Morgan St,36,458,12.7,487,13.5,0.94
2010,54,Houston,34,428,12.6,309,9.1,1.39
2010,55,Oklahoma State,32,401,12.5,407,12.7,0.99
2010,56,Arkansas-Pine Bluff,32,401,12.5,543,17,0.74
2010,57,Robert Morris,34,425,12.5,499,14.7,0.85
2010,58,Montana,31,379,12.2,378,12.2,1
2010,59,Texas A&M,32,391,12.2,392,12.3,1
2010,60,North Texas,32,386,12.1,469,14.7,0.82
2010,61,Vermont,34,410,12.1,478,14.1,0.86
2010,62,Wake Forest,29,342,11.8,440,15.2,0.78
2010,63,East Tennessee State,34,371,10.9,505,14.9,0.73
2010,64,Northern Iowa,32,341,10.7,337,10.5,1.01
2010,65,Winthrop,32,341,10.7,395,12.3,0.86
2009,1,Missouri,34,628,18.5,420,12.4,1.5
2009,2,North Carolina,32,590,18.4,410,12.8,1.44
2009,3,Syracuse,35,642,18.3,534,15.3,1.2
2009,4,Pittsburgh,32,576,18,384,12,1.5
2009,5,Illinois,33,581,17.6,408,12.4,1.42
2009,6,Louisville,33,547,16.6,451,13.7,1.21
2009,7,Utah State,34,555,16.3,384,11.3,1.45
2009,8,BYU,32,522,16.3,365,11.4,1.43
2009,9,Tennessee,33,538,16.3,441,13.4,1.22
2009,10,Kansas,32,518,16.2,467,14.6,1.11
2009,11,Michigan State,32,509,15.9,449,14,1.13
2009,12,Cornell,30,471,15.7,389,13,1.21
2009,13,UCLA,33,518,15.7,408,12.4,1.27
2009,14,Arizona State,33,515,15.6,380,11.5,1.36
2009,15,Michigan,33,514,15.6,374,11.3,1.37
2009,16,Temple,33,514,15.6,417,12.6,1.23
2009,17,California,32,497,15.5,385,12,1.29
2009,18,Marquette,33,511,15.5,387,11.7,1.32
2009,19,UConn,31,477,15.4,393,12.7,1.21
2009,20,Portland State,32,491,15.3,442,13.8,1.11
2009,21,West Virginia,34,520,15.3,409,12,1.27
2009,22,Robert Morris,34,520,15.3,524,15.4,0.99
2009,23,Siena,33,504,15.3,431,13.1,1.17
2009,24,LSU,33,503,15.2,399,12.1,1.26
2009,25,Gonzaga,31,469,15.1,355,11.5,1.32
2009,26,Purdue,34,514,15.1,396,11.6,1.3
2009,27,Clemson,31,464,15,445,14.4,1.04
2009,28,North Dakota State,32,477,14.9,361,11.3,1.32
2009,29,Boston College,33,490,14.8,442,13.4,1.11
2009,30,Villanova,33,490,14.8,441,13.4,1.11
2009,31,Maryland,33,484,14.7,412,12.5,1.17
2009,32,Arizona,32,462,14.4,403,12.6,1.15
2009,33,Oklahoma,32,460,14.4,440,13.8,1.05
2009,34,Radford,32,457,14.3,521,16.3,0.88
2009,35,Alabama State,31,441,14.2,422,13.6,1.05
2009,36,Minnesota,32,454,14.2,465,14.5,0.98
2009,37,Cleveland State,35,494,14.1,437,12.5,1.13
2009,38,Dayton,33,464,14.1,455,13.8,1.02
2009,39,CSU Northridge,30,420,14,532,17.7,0.79
2009,40,Memphis,34,470,13.8,423,12.4,1.11
2009,41,VCU,33,455,13.8,419,12.7,1.09
2009,42,Chattanooga,34,466,13.7,532,15.6,0.88
2009,43,Xavier,32,431,13.5,480,15,0.9
2009,44,Utah,33,442,13.4,449,13.6,0.98
2009,45,Duke,34,455,13.4,419,12.3,1.09
2009,46,Western Kentucky,32,427,13.3,426,13.3,1
2009,57,Ohio State,32,425,13.3,419,13.1,1.01
2009,58,Stephen F. Austin,31,411,13.3,378,12.2,1.09
2009,49,Wake Forest,30,395,13.2,474,15.8,0.83
2009,50,Washington,33,432,13.1,491,14.9,0.88
2009,51,American,31,405,13.1,410,13.2,0.99
2009,52,Butler,31,405,13.1,385,12.4,1.05
2009,53,Texas,33,428,13,413,12.5,1.04
2009,54,Morehead State,34,439,12.9,516,15.2,0.85
2009,55,East Tennessee State,33,417,12.6,468,14.2,0.89
2009,56,Mississippi State,35,442,12.6,500,14.3,0.88
2009,57,Oklahoma State,33,415,12.6,410,12.4,1.01
2009,58,USC,33,409,12.4,463,14,0.88
2009,59,Akron,35,431,12.3,482,13.8,0.89
2009,60,Florida State,34,417,12.3,533,15.7,0.78
2009,61,Northern Iowa,33,403,12.2,383,11.6,1.05
2009,62,Wisconsin,31,378,12.2,314,10.1,1.2
2009,63,Texas A&M,32,390,12.2,411,12.8,0.95
2009,64,Binghamton,31,374,12.1,413,13.3,0.91
2009,65,Morgan St,34,383,11.3,449,13.2,0.85
2008,1,Notre Dame,31,587,18.9,403,13,1.46
2008,2,Kansas,34,632,18.6,440,12.9,1.44
2008,3,Tennessee,33,600,18.2,423,12.8,1.42
2008,4,Vanderbilt,33,594,18,478,14.5,1.24
2008,5,Boise State,33,590,17.9,515,15.6,1.15
2008,6,Michigan State,33,582,17.6,451,13.7,1.29
2008,7,Belmont,33,575,17.4,484,14.7,1.19
2008,8,Davidson,32,552,17.3,391,12.2,1.41
2008,9,BYU,34,574,16.9,485,14.3,1.18
2008,10,North Carolina,34,569,16.7,499,14.7,1.14
2008,11,Memphis,34,545,16,415,12.2,1.31
2008,12,Clemson,33,526,15.9,491,14.9,1.07
2008,13,Portland State,32,510,15.9,468,14.6,1.09
2008,14,Pittsburgh,35,557,15.9,427,12.2,1.3
2008,15,Kansas State,31,492,15.9,475,15.3,1.04
2008,16,Georgetown,32,502,15.7,423,13.2,1.19
2008,17,South Alabama,32,501,15.7,443,13.8,1.13
2008,18,Arizona,33,514,15.6,402,12.2,1.28
2008,19,CSU Fullerton,32,498,15.6,431,13.5,1.16
2008,20,Cornell,27,420,15.6,370,13.7,1.14
2008,21,Xavier,33,513,15.5,438,13.3,1.17
2008,22,West Virginia,34,527,15.5,379,11.1,1.39
2008,23,UMBC,32,492,15.4,306,9.6,1.61
2008,24,UNLV,32,483,15.1,345,10.8,1.4
2008,25,Duke,32,482,15.1,434,13.6,1.11
2008,26,Temple,33,497,15.1,421,12.8,1.18
2008,27,Oregon,31,462,14.9,392,12.6,1.18
2008,28,Saint Joseph's,33,491,14.9,420,12.7,1.17
2008,29,Marquette,33,490,14.8,435,13.2,1.13
2008,30,UConn,32,474,14.8,436,13.6,1.09
2008,31,Louisville,32,474,14.8,424,13.3,1.12
2008,32,Saint Mary's,30,441,14.7,413,13.8,1.07
2008,33,Drake,32,467,14.6,375,11.7,1.25
2008,34,Arkansas,33,480,14.5,510,15.5,0.94
2008,35,Gonzaga,32,465,14.5,454,14.2,1.02
2008,36,UCLA,34,493,14.5,420,12.4,1.17
2008,37,Siena,32,464,14.5,355,11.1,1.31
2008,38,Austin Peay,34,491,14.4,433,12.7,1.13
2008,39,Stanford,33,469,14.2,405,12.3,1.16
2008,40,UT Arlington,32,451,14.1,551,17.2,0.82
2008,41,Kent State,34,476,14,496,14.6,0.96
2008,42,Villanova,32,438,13.7,451,14.1,0.97
2008,43,Washington State,32,438,13.7,331,10.3,1.32
2008,44,Oral Roberts,32,435,13.6,421,13.2,1.03
2008,45,Texas A&M,34,456,13.4,434,12.8,1.05
2008,46,Purdue,32,428,13.4,413,12.9,1.04
2008,47,Miami,32,427,13.3,429,13.4,1
2008,48,San Diego,34,452,13.3,510,15,0.89
2008,49,George Mason,33,437,13.2,395,12,1.11
2008,50,Mississippi State,32,423,13.2,489,15.3,0.87
2008,51,Indiana,32,422,13.2,439,13.7,0.96
2008,52,Butler,32,416,13,328,10.3,1.27
2008,53,Winthrop,33,428,13,432,13.1,0.99
2008,54,Texas,34,438,12.9,321,9.4,1.36
2008,55,Mount St. Mary's,32,411,12.8,460,14.4,0.89
2008,56,Wisconsin,33,423,12.8,399,12.1,1.06
2008,57,Kentucky,30,382,12.7,478,15.9,0.8
2008,58,Western Kentucky,33,417,12.6,467,14.2,0.89
2008,59,Oklahoma,33,413,12.5,426,12.9,0.97
2008,60,USC,32,397,12.4,471,14.7,0.84
2008,61,Baylor,31,377,12.2,392,12.6,0.96
2008,62,American,32,381,11.9,436,13.6,0.87
2008,63,Georgia,33,386,11.7,492,14.9,0.78
2008,64,Mississippi Valley State,32,372,11.6,462,14.4,0.81
2007,1,North Carolina,34,634,18.6,474,13.9,1.34
2007,2,Texas A&M-CC,32,579,18.1,520,16.3,1.11
2007,3,Texas A&M,31,558,18,388,12.5,1.44
2007,4,Pennsylvania,30,531,17.7,423,14.1,1.26
2007,5,Notre Dame,31,542,17.5,401,12.9,1.35
2007,6,Pittsburgh,34,593,17.4,398,11.7,1.49
2007,7,Maryland,32,555,17.3,505,15.8,1.1
2007,8,Vanderbilt,31,526,17,389,12.5,1.35
2007,9,Nevada,32,537,16.8,418,13.1,1.28
2007,10,Kansas,34,570,16.8,476,14,1.2
2007,11,Winthrop,32,534,16.7,417,13,1.28
2007,12,Davidson,33,542,16.4,478,14.5,1.13
2007,13,Arizona,30,486,16.2,412,13.7,1.18
2007,14,BYU,33,532,16.1,446,13.5,1.19
2007,15,Michigan State,33,528,16,496,15,1.06
2007,16,Kentucky,32,508,15.9,470,14.7,1.08
2007,17,Florida,34,536,15.8,476,14,1.13
2007,18,Belmont,32,503,15.7,516,16.1,0.97
2007,19,Ohio State,33,514,15.6,388,11.8,1.32
2007,20,Georgia Tech,31,480,15.5,492,15.9,0.98
2007,21,Tennessee,32,495,15.5,467,14.6,1.06
2007,22,Arkansas,34,516,15.2,521,15.3,0.99
2007,23,Xavier,32,483,15.1,412,12.9,1.17
2007,24,Memphis,33,497,15.1,448,13.6,1.11
2007,25,Stanford,30,450,15,438,14.6,1.03
2007,26,Old Dominion,32,479,15,395,12.3,1.21
2007,27,UNLV,34,508,14.9,384,11.3,1.32
2007,28,Louisville,32,478,14.9,407,12.7,1.17
2007,29,Boston College,31,458,14.8,438,14.1,1.05
2007,30,UCLA,31,457,14.7,379,12.2,1.21
2007,31,George Washington,31,456,14.7,424,13.7,1.08
2007,32,Gonzaga,33,478,14.5,463,14,1.03
2007,33,Eastern Kentucky,32,463,14.5,430,13.4,1.08
2007,34,Georgetown,32,459,14.3,440,13.8,1.04
2007,35,Long Beach State,31,443,14.3,432,13.9,1.03
2007,36,Oregon,33,471,14.3,416,12.6,1.13
2007,37,Marquette,33,468,14.2,481,14.6,0.97
2007,38,Illinois,34,476,14,470,13.8,1.01
2007,39,New Mexico State,33,458,13.9,556,16.8,0.82
2007,40,Texas,33,458,13.9,405,12.3,1.13
2007,41,Washington State,32,444,13.9,330,10.3,1.35
2007,42,Weber State,31,429,13.8,498,16.1,0.86
2007,43,Purdue,32,440,13.8,455,14.2,0.97
2007,44,Wisconsin,34,467,13.7,389,11.4,1.2
2007,45,Holy Cross,33,453,13.7,501,15.2,0.9
2007,46,Florida A&M,34,464,13.6,610,17.9,0.76
2007,47,Virginia Tech,32,435,13.6,351,11,1.24
2007,48,Oral Roberts,33,448,13.6,501,15.2,0.89
2007,49,Niagara,33,448,13.6,441,13.4,1.02
2007,50,VCU,33,448,13.6,376,11.4,1.19
2007,51,Jackson State,34,459,13.5,529,15.6,0.87
2007,52,Creighton,32,429,13.4,411,12.8,1.04
2007,53,Indiana,30,401,13.4,371,12.4,1.08
2007,54,Texas Tech,33,441,13.4,390,11.8,1.13
2007,55,Duke,32,422,13.2,492,15.4,0.86
2007,56,Albany,32,420,13.1,428,13.4,0.98
2007,57,Virginia,30,391,13,417,13.9,0.94
2007,58,Miami (OH),32,411,12.8,427,13.3,0.96
2007,59,Villanova,32,411,12.8,442,13.8,0.93
2007,60,USC,34,436,12.8,500,14.7,0.87
2007,61,North Texas,33,418,12.7,518,15.7,0.81
2007,62,Central Connecticut,33,416,12.6,469,14.2,0.89
2007,63,Butler,33,404,12.2,309,9.4,1.31
2007,64,Wright State,32,390,12.2,392,12.3,0.99
2007,65,Southern Illinois,33,383,11.6,462,14,0.83
2006,1,Davidson,30,554,18.5,390,13,1.42
2006,2,Montana,29,528,18.2,416,14.3,1.27
2006,3,Kansas,32,578,18.1,498,15.6,1.16
2006,4,North Carolina,29,521,18,482,16.6,1.08
2006,5,West Virginia,30,531,17.7,254,8.5,2.09
2006,6,Boston College,33,583,17.7,435,13.2,1.34
2006,7,Northwestern State,32,559,17.5,500,15.6,1.12
2006,8,Utah State,31,538,17.4,399,12.9,1.35
2006,9,George Washington,28,485,17.3,396,14.1,1.22
2006,10,Tennessee,28,482,17.2,363,13,1.33
2006,11,Florida,33,562,17,491,14.9,1.14
2006,12,Belmont,30,509,17,489,16.3,1.04
2006,13,Texas A&M,29,486,16.8,389,13.4,1.25
2006,14,Michigan State,33,550,16.7,468,14.2,1.18
2006,15,Bradley,30,496,16.5,456,15.2,1.09
2006,16,Washington,30,496,16.5,451,15,1.1
2006,17,Pittsburgh,31,512,16.5,426,13.7,1.2
2006,18,Oral Roberts,32,514,16.1,459,14.3,1.12
2006,19,Pacific,31,496,16,404,13,1.23
2006,20,Murray State,30,480,16,374,12.5,1.28
2006,21,NC State,30,480,16,410,13.7,1.17
2006,22,UConn,30,478,15.9,426,14.2,1.12
2006,23,Winthrop,30,476,15.9,424,14.1,1.12
2006,24,Iona,30,475,15.8,453,15.1,1.05
2006,25,LSU,31,490,15.8,484,15.6,1.01
2006,26,Xavier,31,488,15.7,402,13,1.21
2006,27,Memphis,33,519,15.7,522,15.8,0.99
2006,28,Ohio State,30,471,15.7,364,12.1,1.29
2006,29,Marquette,30,469,15.6,446,14.9,1.05
2006,30,Nevada,32,499,15.6,417,13,1.2
2006,31,Syracuse,34,529,15.6,520,15.3,1.02
2006,32,Arkansas,31,482,15.5,415,13.4,1.16
2006,33,Georgetown,30,466,15.5,352,11.7,1.32
2006,34,UAB,30,465,15.5,385,12.8,1.21
2006,35,Duke,33,507,15.4,442,13.4,1.15
2006,36,Wichita State,32,487,15.2,412,12.9,1.18
2006,37,UNC Wilmington,32,486,15.2,399,12.5,1.22
2006,38,George Mason,30,455,15.2,396,13.2,1.15
2006,39,Illinois,31,468,15.1,383,12.4,1.22
2006,40,Indiana,29,434,15,424,14.6,1.02
2006,41,Texas,33,492,14.9,452,13.7,1.09
2006,42,Iowa,33,492,14.9,487,14.8,1.01
2006,43,Arizona,31,458,14.8,418,13.5,1.1
2006,44,Monmouth,32,469,14.7,483,15.1,0.97
2006,45,Bucknell,30,439,14.6,441,14.7,1
2006,46,Oklahoma,28,405,14.5,393,14,1.03
2006,47,Pennsylvania,28,403,14.4,374,13.4,1.08
2006,48,Air Force,30,430,14.3,324,10.8,1.33
2006,49,South Alabama,30,428,14.3,399,13.3,1.07
2006,50,Kentucky,33,468,14.2,442,13.4,1.06
2006,51,UCLA,33,464,14.1,480,14.5,0.97
2006,52,Gonzaga,30,421,14,400,13.3,1.05
2006,53,Northern Iowa,32,429,13.4,393,12.3,1.09
2006,54,Wisconsin,30,402,13.4,349,11.6,1.15
2006,55,Kent State,33,440,13.3,441,13.4,1
2006,56,California,30,393,13.1,371,12.4,1.06
2006,57,San Diego State,32,417,13,482,15.1,0.87
2006,58,Villanova,29,366,12.6,327,11.3,1.12
2006,59,Milwaukee,29,366,12.6,398,13.7,0.92
2006,60,Albany,31,391,12.6,439,14.2,0.89
2006,61,Seton Hall,29,363,12.5,390,13.4,0.93
2006,62,Hampton,31,383,12.4,503,16.2,0.76
2006,63,Southern,31,383,12.4,545,17.6,0.7
2006,64,Southern Illinois,32,392,12.3,458,14.3,0.86
2006,65,Alabama,29,354,12.2,392,13.5,0.9
2005,1,North Carolina,31,599,19.3,517,16.7,1.16
2005,2,Washington,32,609,19,465,14.5,1.31
2005,3,Illinois,33,613,18.6,367,11.1,1.67
2005,4,Michigan State,28,500,17.9,388,13.9,1.29
2005,5,UConn,29,505,17.4,441,15.2,1.15
2005,6,Boston College,28,487,17.4,362,12.9,1.35
2005,7,Utah State,31,534,17.2,384,12.4,1.39
2005,8,Oklahoma State,30,508,16.9,414,13.8,1.23
2005,9,Texas Tech,30,505,16.8,386,12.9,1.31
2005,10,UTEP,34,566,16.6,416,12.2,1.36
2005,11,Kansas,29,481,16.6,420,14.5,1.15
2005,12,Arizona,33,547,16.6,490,14.8,1.12
2005,13,Old Dominion,33,539,16.3,401,12.2,1.34
2005,14,West Virginia,31,502,16.2,353,11.4,1.42
2005,15,George Washington,29,465,16,434,15,1.07
2005,16,Niagara,29,461,15.9,371,12.8,1.24
2005,17,Wake Forest,31,492,15.9,451,14.5,1.09
2005,18,Oklahoma,31,492,15.9,428,13.8,1.15
2005,19,Gonzaga,29,459,15.8,393,13.6,1.17
2005,20,Louisville,33,522,15.8,480,14.5,1.09
2005,21,Vermont,30,474,15.8,356,11.9,1.33
2005,22,UAB,31,486,15.7,415,13.4,1.17
2005,23,Syracuse,33,517,15.7,441,13.4,1.17
2005,24,Northern Iowa,31,483,15.6,365,11.8,1.32
2005,25,Eastern Kentucky,30,466,15.5,434,14.5,1.07
2005,26,UCF,32,496,15.5,486,15.2,1.02
2005,27,Iowa,32,496,15.5,465,14.5,1.07
2005,28,Pittsburgh,28,429,15.3,409,14.6,1.05
2005,29,NC State,32,490,15.3,393,12.3,1.25
2005,30,Nevada,30,459,15.3,443,14.8,1.04
2005,31,Kentucky,30,458,15.3,391,13,1.17
2005,32,Fairleigh Dickinson,32,487,15.2,449,14,1.08
2005,33,New Mexico,32,485,15.2,438,13.7,1.11
2005,34,Chattanooga,36,543,15.1,613,17,0.89
2005,35,Florida,30,451,15,409,13.6,1.1
2005,36,Cincinnati,31,465,15,417,13.5,1.12
2005,37,Georgia Tech,30,449,15,459,15.3,0.98
2005,38,Pacific,29,434,15,404,13.9,1.07
2005,39,Oakland,30,448,14.9,363,12.1,1.23
2005,40,LSU,29,432,14.9,384,13.2,1.13
2005,41,Utah,32,476,14.9,453,14.2,1.05
2005,42,Winthrop,32,461,14.4,451,14.1,1.02
2005,43,Pennsylvania,28,403,14.4,438,15.6,0.92
2005,44,Minnesota,31,445,14.4,500,16.1,0.89
2005,45,UCLA,28,401,14.3,451,16.1,0.89
2005,46,Creighton,33,471,14.3,395,12,1.19
2005,47,Iowa State,29,413,14.2,375,12.9,1.1
2005,48,Charlotte,28,398,14.2,369,13.2,1.08
2005,49,Mississippi State,32,453,14.2,484,15.1,0.94
2005,50,Alabama,31,436,14.1,391,12.6,1.12
2005,51,Milwaukee,29,401,13.8,400,13.8,1
2005,52,Montana,30,409,13.6,510,17,0.8
2005,53,Southern Illinois,33,446,13.5,428,13,1.04
2005,54,Texas,30,404,13.5,428,14.3,0.94
2005,55,Duke,30,396,13.2,408,13.6,0.97
2005,56,Wisconsin,30,392,13.1,344,11.5,1.14
2005,57,Bucknell,31,386,12.5,489,15.8,0.79
2005,58,Villanova,29,359,12.4,366,12.6,0.98
2005,59,Stanford,30,368,12.3,422,14.1,0.87
2005,60,Louisiana,30,361,12,464,15.5,0.78
2005,61,SE Louisiana,32,378,11.8,443,13.8,0.85
2005,62,Ohio,31,366,11.8,403,13,0.91
2005,63,Saint Mary's,33,382,11.6,514,15.6,0.74
2005,64,Delaware State,32,341,10.7,450,14.1,0.76
2004,1,Murray State,33,628,19,466,14.1,1.35
2004,2,Arizona,30,566,18.9,454,15.1,1.25
2004,3,Gonzaga,28,520,18.6,384,13.7,1.35
2004,4,North Carolina,28,514,18.4,438,15.6,1.17
2004,5,UConn,33,602,18.2,455,13.8,1.32
2004,6,UAB,29,510,17.6,395,13.6,1.29
2004,7,Kansas,29,501,17.3,415,14.3,1.21
2004,8,Illinois,29,495,17.1,365,12.6,1.36
2004,9,UCF,30,510,17,459,15.3,1.11
2004,10,Vanderbilt,30,499,16.6,383,12.8,1.3
2004,11,Louisiana,28,465,16.6,404,14.4,1.15
2004,12,Oklahoma State,29,481,16.6,389,13.4,1.24
2004,13,Saint Joseph's,28,463,16.5,328,11.7,1.41
2004,14,Florida,29,478,16.5,427,14.7,1.12
2004,15,UTEP,31,510,16.5,431,13.9,1.18
2004,16,Stanford,30,492,16.4,419,14,1.17
2004,17,Charlotte,29,470,16.2,444,15.3,1.06
2004,18,Washington,30,482,16.1,456,15.2,1.06
2004,19,Cincinnati,30,481,16,363,12.1,1.33
2004,20,Boston College,32,509,15.9,428,13.4,1.19
2004,21,Eastern Washington,29,461,15.9,439,15.1,1.05
2004,22,Providence,28,445,15.9,418,14.9,1.06
2004,23,Georgia Tech,32,505,15.8,495,15.5,1.02
2004,24,Wake Forest,28,441,15.8,421,15,1.05
2004,25,Valparaiso,30,466,15.5,487,16.2,0.96
2004,26,Kentucky,29,449,15.5,428,14.8,1.05
2004,27,Western Michigan,30,464,15.5,399,13.3,1.16
2004,28,Syracuse,28,430,15.4,358,12.8,1.2
2004,29,East Tennessee State,32,491,15.3,508,15.9,0.97
2004,30,Louisville,29,442,15.2,403,13.9,1.1
2004,31,Pittsburgh,33,498,15.1,420,12.7,1.19
2004,32,Dayton,32,478,14.9,457,14.3,1.05
2004,33,NC State,29,431,14.9,399,13.8,1.08
2004,34,South Carolina,33,490,14.8,436,13.2,1.12
2004,35,UIC,31,458,14.8,390,12.6,1.17
2004,36,Texas Tech,32,472,14.8,399,12.5,1.18
2004,37,Michigan State,29,427,14.7,424,14.6,1.01
2004,38,BYU,29,426,14.7,400,13.8,1.07
2004,39,Vermont,30,437,14.6,377,12.6,1.16
2004,40,Duke,31,450,14.5,437,14.1,1.03
2004,41,Nevada,31,445,14.4,409,13.2,1.09
2004,42,Memphis,28,400,14.3,362,12.9,1.1
2004,43,Pacific,31,442,14.3,445,14.4,0.99
2004,44,Southern Illinois,29,409,14.1,350,12.1,1.17
2004,45,Maryland,29,406,14,441,15.2,0.92
2004,46,Texas,29,406,14,343,11.8,1.18
2004,47,Liberty,32,446,13.9,502,15.7,0.89
2004,48,Monmouth,32,442,13.8,429,13.4,1.03
2004,49,DePaul,30,412,13.7,403,13.4,1.02
2004,50,Mississippi State,28,383,13.7,433,15.5,0.88
2004,51,Wisconsin,29,394,13.6,286,9.9,1.38
2004,52,Princeton,27,365,13.5,365,13.5,1
2004,53,Xavier,33,445,13.5,414,12.5,1.07
2004,54,Air Force,28,371,13.3,302,10.8,1.23
2004,55,Seton Hall,29,383,13.2,383,13.2,1
2004,56,Northern Iowa,30,395,13.2,378,12.6,1.04
2004,57,UTSA,32,419,13.1,545,17,0.77
2004,58,VCU,30,390,13,493,16.4,0.79
2004,59,Utah,32,414,12.9,455,14.2,0.91
2004,60,Florida A&M,30,381,12.7,508,16.9,0.75
2004,61,Richmond,33,405,12.3,429,13,0.94
2004,62,Alabama,29,344,11.9,385,13.3,0.89
2004,63,Manhattan,29,313,10.8,377,13,0.83
2004,64,Alabama State,30,308,10.3,516,17.2,0.6
2003,1,Maryland,28,529,18.9,395,14.1,1.34
2003,2,Illinois,29,532,18.3,386,13.3,1.38
2003,3,Pittsburgh,30,533,17.8,453,15.1,1.18
2003,4,Arizona,28,494,17.6,414,14.8,1.19
2003,5,Oregon,32,559,17.5,487,15.2,1.15
2003,6,Kansas,32,549,17.2,476,14.9,1.15
2003,7,Milwaukee,31,527,17,463,14.9,1.14
2003,8,Notre Dame,31,524,16.9,396,12.8,1.32
2003,9,San Diego,29,489,16.9,525,18.1,0.93
2003,10,Creighton,33,555,16.8,441,13.4,1.26
2003,11,Memphis,29,482,16.6,400,13.8,1.21
2003,12,Louisville,30,498,16.6,401,13.4,1.24
2003,13,Xavier,31,510,16.5,398,12.8,1.28
2003,14,Florida,31,509,16.4,415,13.4,1.23
2003,15,Sam Houston State,29,476,16.4,458,15.8,1.04
2003,16,LSU,31,508,16.4,430,13.9,1.18
2003,17,Marquette,28,457,16.3,380,13.6,1.2
2003,18,Kentucky,31,505,16.3,431,13.9,1.17
2003,19,Wagner,31,499,16.1,464,15,1.08
2003,20,Central Michigan,30,481,16,538,17.9,0.89
2003,21,California,29,464,16,411,14.2,1.13
2003,22,Arizona State,30,477,15.9,417,13.9,1.14
2003,23,Holy Cross,30,475,15.8,417,13.9,1.14
2003,24,Colorado State,32,506,15.8,534,16.7,0.95
2003,25,Gonzaga,31,488,15.7,451,14.5,1.08
2003,26,UConn,30,469,15.6,474,15.8,0.99
2003,27,Troy,31,482,15.5,426,13.7,1.13
2003,28,Dayton,29,441,15.2,386,13.3,1.14
2003,29,Syracuse,29,434,15,395,13.6,1.1
2003,30,Pennsylvania,27,401,14.9,351,13,1.14
2003,31,Tulsa,31,458,14.8,444,14.3,1.03
2003,32,NC State,29,427,14.7,411,14.2,1.04
2003,33,East Tennessee State,30,441,14.7,546,18.2,0.81
2003,34,Mississippi State,29,426,14.7,455,15.7,0.94
2003,35,UNC Wilmington,30,440,14.7,344,11.5,1.28
2003,36,Stanford,31,454,14.6,444,14.3,1.02
2003,37,Wake Forest,29,423,14.6,438,15.1,0.97
2003,38,Vermont,32,465,14.5,462,14.4,1.01
2003,49,Texas,28,406,14.5,376,13.4,1.08
2003,40,Western Kentucky,32,463,14.5,483,15.1,0.96
2003,41,Utah State,32,458,14.3,393,12.3,1.17
2003,42,Oklahoma,29,412,14.2,344,11.9,1.2
2003,43,Weber State,31,438,14.1,392,12.6,1.12
2003,44,Saint Joseph's,29,406,14,375,12.9,1.08
2003,45,Missouri,30,418,13.9,409,13.6,1.02
2003,46,Duke,29,404,13.9,411,14.2,0.98
2003,47,Manhattan,29,402,13.9,412,14.2,0.98
2003,48,Austin Peay,30,413,13.8,458,15.3,0.9
2003,49,Indiana,33,452,13.7,382,11.6,1.18
2003,50,Michigan State,31,422,13.6,451,14.5,0.94
2003,51,Southern Illinois,30,407,13.6,375,12.5,1.09
2003,52,IUPUI,33,447,13.5,529,16,0.84
2003,53,UNC Asheville,30,406,13.5,491,16.4,0.83
2003,54,Auburn,31,417,13.5,495,16,0.84
2003,55,BYU,31,417,13.5,425,13.7,0.98
2003,56,Colorado,31,415,13.4,434,14,0.96
2003,57,Wisconsin,29,386,13.3,305,10.5,1.27
2003,58,Utah,31,411,13.3,396,12.8,1.04
2003,59,Butler,30,384,12.8,319,10.6,1.2
2003,60,Oklahoma State,30,376,12.5,442,14.7,0.85
2003,61,Cincinnati,28,344,12.3,297,10.6,1.16
2003,62,Purdue,28,343,12.3,387,13.8,0.89
2003,63,Alabama,28,339,12.1,372,13.3,0.91
2003,64,South Carolina State,30,308,10.3,584,19.5,0.53
2002,1,Kansas,32,680,21.3,526,16.4,1.29
2002,2,Maryland,30,612,20.4,413,13.8,1.48
2002,3,Notre Dame,31,593,19.1,408,13.2,1.45
2002,4,Texas Tech,31,577,18.6,382,12.3,1.51
2002,5,Duke,32,574,17.9,451,14.1,1.27
2002,6,Pennsylvania,31,544,17.5,408,13.2,1.33
2002,7,Valparaiso,32,557,17.4,418,13.1,1.33
2002,8,Tulsa,32,555,17.3,410,12.8,1.35
2002,9,Pittsburgh,32,542,16.9,457,14.3,1.19
2002,10,Hawai'i,32,536,16.8,391,12.2,1.37
2002,11,Florida,30,499,16.6,446,14.9,1.12
2002,12,Miami,31,515,16.6,449,14.5,1.15
2002,13,Illinois,32,529,16.5,468,14.6,1.13
2002,14,Mississippi State,33,543,16.5,553,16.8,0.98
2002,15,Oregon,31,508,16.4,434,14,1.17
2002,16,NC State,32,523,16.3,431,13.5,1.21
2002,17,Wake Forest,32,519,16.2,475,14.8,1.09
2002,18,Stanford,28,451,16.1,383,13.7,1.18
2002,19,Gonzaga,32,511,16,449,14,1.14
2002,20,Arizona,31,488,15.7,447,14.4,1.09
2002,21,Western Kentucky,31,486,15.7,443,14.3,1.1
2002,22,Davidson,30,467,15.6,470,15.7,0.99
2002,23,USC,31,482,15.5,373,12,1.29
2002,24,Florida Atlantic,30,464,15.5,463,15.4,1
2002,25,Georgia,30,463,15.4,428,14.3,1.08
2002,26,Texas,31,476,15.4,418,13.5,1.14
2002,27,California,30,457,15.2,398,13.3,1.15
2002,28,Ohio State,30,455,15.2,401,13.4,1.13
2002,29,Southern Illinois,33,498,15.1,460,13.9,1.08
2002,30,Creighton,30,451,15,418,13.9,1.08
2002,31,Missouri,32,477,14.9,450,14.1,1.06
2002,32,Montana,30,441,14.7,450,15,0.98
2002,33,Utah,29,426,14.7,380,13.1,1.12
2002,34,Indiana,31,453,14.6,411,13.3,1.1
2002,35,UConn,30,437,14.6,481,16,0.91
2002,36,Kentucky,29,421,14.5,423,14.6,1
2002,37,Murray State,31,450,14.5,439,14.2,1.03
2002,38,Oklahoma,31,450,14.5,386,12.5,1.17
2002,39,UC Santa Barbara,30,434,14.5,413,13.8,1.05
2002,40,San Diego State,32,462,14.4,490,15.3,0.94
2002,41,Oklahoma State,31,447,14.4,472,15.2,0.95
2002,42,Michigan State,30,430,14.3,447,14.9,0.96
2002,43,Pepperdine,30,430,14.3,438,14.6,0.98
2002,44,UCLA,30,428,14.3,456,15.2,0.94
2002,45,Hampton,32,453,14.2,481,15,0.94
2002,46,Marquette,32,450,14.1,444,13.9,1.01
2002,47,UNC Wilmington,31,430,13.9,371,12,1.16
2002,48,Charlotte,29,402,13.9,401,13.8,1
2002,49,UIC,33,456,13.8,426,12.9,1.07
2002,50,Kent State,32,441,13.8,356,11.1,1.24
2002,51,Ole Miss,30,413,13.8,457,15.2,0.9
2002,52,Boston College,31,419,13.5,440,14.2,0.95
2002,53,Wyoming,29,391,13.5,422,14.6,0.93
2002,54,Central Connecticut,31,412,13.3,460,14.8,0.9
2002,55,Holy Cross,32,425,13.3,461,14.4,0.92
2002,56,Cincinnati,33,438,13.3,394,11.9,1.11
2002,57,Alabama,33,431,13.1,459,13.9,0.94
2002,58,McNeese,29,378,13,458,15.8,0.83
2002,59,Wisconsin,30,382,12.7,391,13,0.98
2002,60,Siena,34,432,12.7,520,15.3,0.83
2002,61,Xavier,30,381,12.7,404,13.5,0.94
2002,62,Boston University,31,389,12.5,405,13.1,0.96
2002,63,Winthrop,30,354,11.8,440,14.7,0.8
2002,64,St. John's,31,357,11.5,471,15.2,0.76