Year,RK,Team,GP,BLK,PF,BLKPG,BLK/PF,,
2021,1,Florida,23,125,427,5.43,0.29,,
2021,2,VCU,26,140,485,5.38,0.29,,
2021,3,USC,29,153,450,5.28,0.34,,
2021,4,UConn,22,116,415,5.27,0.28,,
2021,5,Rutgers,26,136,459,5.23,0.3,,
2021,6,Arkansas,28,145,475,5.18,0.31,,
2021,7,Florida State,22,113,408,5.14,0.28,,
2021,8,Morehead State,30,150,432,5,0.35,,
2021,9,Tennessee,26,128,428,4.92,0.3,,
2021,10,Syracuse,25,123,364,4.92,0.34,,
2021,11,Utah State,28,136,423,4.86,0.32,,
2021,12,North Carolina,28,132,472,4.71,0.28,,
2021,13,Michigan State,27,126,535,4.67,0.24,,
2021,14,Houston,27,126,506,4.67,0.25,,
2021,15,Texas Southern,24,111,431,4.63,0.26,,
2021,16,Iowa,29,131,436,4.52,0.3,,
2021,17,Oklahoma State,28,123,470,4.39,0.26,,
2021,18,Alabama,30,131,554,4.37,0.24,,
2021,19,Virginia,24,104,310,4.33,0.34,,
2021,20,Michigan,24,103,354,4.29,0.29,,
2021,21,Mount St. Mary's,22,91,328,4.14,0.28,,
2021,22,Oral Roberts,26,106,461,4.08,0.23,,
2021,23,Texas Tech,27,110,469,4.07,0.23,,
2021,24,Kansas,28,114,427,4.07,0.27,,
2021,25,Virginia Tech,21,83,338,3.95,0.25,,
2021,26,Iona,17,67,370,3.94,0.18,,
2021,27,UNC Greensboro,29,114,524,3.93,0.22,,
2021,28,St. Bonaventure,20,78,306,3.9,0.25,,
2021,29,Texas,26,101,515,3.88,0.2,,
2021,30,Georgetown,25,97,397,3.88,0.24,,
2021,31,Wisconsin,29,110,471,3.79,0.23,,
2021,32,Baylor,24,90,412,3.75,0.22,,
2021,33,Oregon,26,94,407,3.62,0.23,,
2021,34,Wichita State,21,75,329,3.57,0.23,,
2021,35,Colgate,15,53,235,3.53,0.23,,
2021,36,Missouri,25,88,494,3.52,0.18,,
2021,37,Creighton,28,98,434,3.5,0.23,,
2021,38,Appalachian State,28,97,386,3.46,0.25,,
2021,39,Oklahoma,25,86,361,3.44,0.24,,
2021,40,Ohio State,30,103,557,3.43,0.18,,
2021,41,Purdue,27,92,473,3.41,0.19,,
2021,42,Georgia Tech,25,85,392,3.4,0.22,,
2021,43,Maryland,29,98,431,3.38,0.23,,
2021,44,Oregon State,29,96,547,3.31,0.18,,
2021,45,Norfolk State,23,76,453,3.3,0.17,,
2021,46,Abilene Christian,27,84,524,3.11,0.16,,
2021,47,Drake,29,86,455,2.97,0.19,,
2021,48,North Texas,26,77,409,2.96,0.19,,
2021,49,Grand Canyon,23,68,393,2.96,0.17,,
2021,50,Clemson,23,66,361,2.87,0.18,,
2021,51,Eastern Washington,23,66,390,2.87,0.17,,
2021,52,San Diego State,27,77,503,2.85,0.15,,
2021,53,West Virginia,27,77,442,2.85,0.17,,
2021,54,Gonzaga,26,74,433,2.85,0.17,,
2021,55,Illinois,29,82,521,2.83,0.16,,
2021,56,BYU,26,73,469,2.81,0.16,,
2021,57,LSU,27,75,467,2.78,0.16,,
2021,58,UC Santa Barbara,26,72,413,2.77,0.17,,
2021,59,Colorado,30,83,487,2.77,0.17,,
2021,60,UCLA,26,69,415,2.65,0.17,,
2021,61,Cleveland State,26,65,499,2.5,0.13,,
2021,62,Loyola Chicago,28,67,399,2.39,0.17,,
2021,63,Winthrop,24,57,436,2.38,0.13,,
2021,64,Drexel,19,45,288,2.37,0.16,,
2021,65,Liberty,28,64,407,2.29,0.16,,
2021,66,Ohio,23,49,371,2.13,0.13,,
2021,67,Hartford,23,47,371,2.04,0.13,,
2021,68,Villanova,22,32,341,1.45,0.09,,
2019,1,Duke,34,232,539,6.82,0.43,,
2019,2,Washington,34,195,625,5.74,0.31,,
2019,3,Gonzaga,33,181,530,5.48,0.34,,
2019,4,Michigan State,33,180,565,5.45,0.32,,
2019,5,Tennessee,33,179,575,5.42,0.31,,
2019,6,Kentucky,33,167,537,5.06,0.31,,
2019,7,Mississippi State,33,164,564,4.97,0.29,,
2019,8,Texas Tech,32,157,569,4.91,0.28,,
2019,9,Auburn,34,163,621,4.79,0.26,,
2019,10,Syracuse,33,158,574,4.79,0.28,,
2019,11,Maryland,32,152,495,4.75,0.31,,
2019,12,Baylor,32,152,599,4.75,0.25,,
2019,13,Georgia State,32,152,554,4.75,0.27,,
2019,14,Iowa State,34,158,502,4.65,0.31,,
2019,15,Murray State,31,142,505,4.58,0.28,,
2019,16,Old Dominion,34,155,560,4.56,0.28,,
2019,17,Cincinnati,33,150,529,4.55,0.28,,
2019,18,VCU,32,145,634,4.53,0.23,,
2019,19,Houston,33,149,629,4.52,0.24,,
2019,20,UCF,31,139,524,4.48,0.27,,
2019,21,Yale,28,121,476,4.32,0.25,,
2019,22,LSU,32,138,597,4.31,0.23,,
2019,23,Florida State,34,145,651,4.26,0.22,,
2019,24,UC Irvine,35,149,648,4.26,0.23,,
2019,25,Marquette,33,140,615,4.24,0.23,,
2019,26,Oregon,35,148,622,4.23,0.24,,
2019,27,Wisconsin,33,139,497,4.21,0.28,,
2019,28,Utah State,34,143,631,4.21,0.23,,
2019,29,Michigan,33,138,466,4.18,0.3,,
2019,30,Buffalo,34,138,617,4.06,0.22,,
2019,31,Purdue,32,129,560,4.03,0.23,,
2019,32,Vermont,33,133,541,4.03,0.25,,
2019,33,Northern Kentucky,34,136,647,4,0.21,,
2019,34,Minnesota,34,136,550,4,0.25,,
2019,35,Saint Louis,34,134,601,3.94,0.22,,
2019,36,Kansas,34,134,574,3.94,0.23,,
2019,37,Nevada,33,129,563,3.91,0.23,,
2019,38,Seton Hall,33,129,619,3.91,0.21,,
2019,39,Virginia,32,122,469,3.81,0.26,,
2019,40,Bradley,34,129,595,3.79,0.22,,
2019,41,Belmont,31,117,481,3.77,0.24,,
2019,42,Florida,34,126,582,3.71,0.22,,
2019,43,Fairleigh Dickinson,33,120,554,3.64,0.22,,
2019,44,Ole Miss,32,116,579,3.63,0.2,,
2019,45,North Carolina,33,117,566,3.55,0.21,,
2019,46,Colgate,34,120,532,3.53,0.23,,
2019,47,St. John's,33,110,628,3.33,0.18,,
2019,48,Iowa,33,108,529,3.27,0.2,,
2019,49,Arizona State,32,103,635,3.22,0.16,,
2019,50,Oklahoma,32,99,504,3.09,0.2,,
2019,51,Montana,34,103,636,3.03,0.16,,
2019,52,Villanova,34,103,558,3.03,0.18,,
2019,53,Louisville,33,99,569,3,0.17,,
2019,54,Wofford,33,99,558,3,0.18,,
2019,55,Gardner-Webb,34,99,545,2.91,0.18,,
2019,56,Iona,32,89,550,2.78,0.16,,
2019,57,North Carolina Central,33,91,590,2.76,0.15,,
2019,58,Abilene Christian,33,90,619,2.73,0.15,,
2019,59,Liberty,34,91,513,2.68,0.18,,
2019,60,New Mexico State,34,89,613,2.62,0.15,,
2019,61,Saint Mary's,33,84,559,2.55,0.15,,
2019,62,Ohio State,33,83,591,2.52,0.14,,
2019,63,North Dakota State,33,82,492,2.48,0.17,,
2019,64,Virginia Tech,32,74,489,2.31,0.15,,
2019,65,Kansas State,33,75,532,2.27,0.14,,
2019,66,Temple,32,72,559,2.25,0.13,,
2019,67,Northeastern,33,71,528,2.15,0.13,,
2019,68,Prairie View A&M,34,54,739,1.59,0.07,,
2018,1,Michigan State,33,243,596,7.36,0.41,,
2018,2,Marshall,34,202,586,5.94,0.34,,
2018,3,Texas A&M,32,189,536,5.91,0.35,,
2018,4,Syracuse,33,184,538,5.58,0.34,,
2018,5,Cincinnati,33,183,522,5.55,0.35,,
2018,6,Alabama,34,186,645,5.47,0.29,,
2018,7,Auburn,32,173,635,5.41,0.27,,
2018,8,Duke,33,177,515,5.36,0.34,,
2018,9,West Virginia,34,179,725,5.26,0.25,,
2018,10,Florida State,31,160,566,5.16,0.28,,
2018,11,Purdue,34,171,528,5.03,0.32,,
2018,12,Texas,33,164,531,4.97,0.31,,
2018,13,Kentucky,33,160,623,4.85,0.26,,
2018,14,Clemson,32,155,512,4.84,0.3,,
2018,15,Florida,32,151,552,4.72,0.27,,
2018,16,Oklahoma,31,146,533,4.71,0.27,,
2018,17,Arkansas,34,157,686,4.62,0.23,,
2018,18,Arizona,34,155,592,4.56,0.26,,
2018,19,Georgia State,33,150,603,4.55,0.25,,
2018,20,Tennessee,32,145,625,4.53,0.23,,
2018,21,Bucknell,34,151,632,4.44,0.24,,
2018,22,Texas Tech,33,141,599,4.27,0.24,,
2018,23,North Carolina,35,149,550,4.26,0.27,,
2018,24,Missouri,32,136,573,4.25,0.24,,
2018,25,Buffalo,34,143,719,4.21,0.2,,
2018,26,Kansas,34,142,519,4.18,0.27,,
2018,27,Nevada,34,139,586,4.09,0.24,,
2018,28,Iowa,33,134,548,4.06,0.24,,
2018,29,Ohio State,32,128,556,4,0.23,,
2018,30,Villanova,34,135,539,3.97,0.25,,
2018,31,Miami,31,123,505,3.97,0.24,,
2018,32,Texas Southern,34,134,599,3.94,0.22,,
2018,33,Wichita State,32,126,563,3.94,0.22,,
2018,34,UCLA,32,125,574,3.91,0.22,,
2018,35,UNC Greensboro,34,131,628,3.85,0.21,,
2018,36,NC State,32,122,579,3.81,0.21,,
2018,37,Providence,34,128,601,3.76,0.21,,
2018,38,Virginia,33,123,464,3.73,0.27,,
2018,39,Gonzaga,34,126,580,3.71,0.22,,
2018,40,Charleston,33,119,540,3.61,0.22,,
2018,41,St. Bonaventure,32,115,641,3.59,0.18,,
2018,42,TCU,32,115,537,3.59,0.21,,
2018,43,Arizona State,31,111,585,3.58,0.19,,
2018,44,Seton Hall,32,112,567,3.5,0.2,,
2018,45,Rhode Island,31,107,593,3.45,0.18,,
2018,46,Montana,33,112,695,3.39,0.16,,
2018,47,North Carolina Central,34,115,633,3.38,0.18,,
2018,48,Long Island University,34,111,668,3.26,0.17,,
2018,49,CSU Fullerton,31,101,554,3.26,0.18,,
2018,50,San Diego State,32,102,545,3.19,0.19,,
2018,51,Michigan,35,111,546,3.17,0.2,,
2018,52,Murray State,31,98,536,3.16,0.18,,
2018,53,Houston,32,101,674,3.16,0.15,,
2018,54,Lipscomb,32,100,638,3.13,0.16,,
2018,55,New Mexico State,33,102,591,3.09,0.17,,
2018,56,Iona,33,101,571,3.06,0.18,,
2018,57,Stephen F. Austin,34,104,742,3.06,0.14,,
2018,58,Kansas State,33,99,607,3,0.16,,
2018,59,Radford,34,100,556,2.94,0.18,,
2018,60,Butler,33,97,602,2.94,0.16,,
2018,61,Xavier,33,97,558,2.94,0.17,,
2018,62,Pennsylvania,31,87,539,2.81,0.16,,
2018,63,Creighton,32,85,480,2.66,0.18,,
2018,64,UMBC,34,85,562,2.5,0.15,,
2018,65,Loyola Chicago,33,82,456,2.48,0.18,,
2018,66,North Carolina A&T,34,79,614,2.32,0.13,,
2018,67,South Dakota State,34,78,547,2.29,0.14,,
2018,68,Virginia Tech,32,73,502,2.28,0.15,,
2018,69,Wright State,34,75,541,2.21,0.14,,
2018,70,Davidson,31,59,467,1.9,0.13,,
2017,1,Minnesota,33,224,556,6.79,0.4,,
2017,2,Oregon,34,226,545,6.65,0.41,,
2017,3,Rhode Island,33,201,688,6.09,0.29,,
2017,4,Louisville,32,175,622,5.47,0.28,,
2017,5,USC,33,179,524,5.42,0.34,,
2017,6,UCLA,33,178,542,5.39,0.33,,
2017,7,Kentucky,34,180,654,5.29,0.28,,
2017,8,Winthrop,32,168,583,5.25,0.29,,
2017,9,Florida State,33,168,641,5.09,0.26,,
2017,10,Cincinnati,34,173,542,5.09,0.32,,
2017,11,Northwestern,34,170,647,5,0.26,,
2017,12,Florida,32,155,594,4.84,0.26,,
2017,13,Baylor,32,154,566,4.81,0.27,,
2017,14,Michigan State,33,158,667,4.79,0.24,,
2017,15,East Tennessee State,34,162,679,4.76,0.24,,
2017,16,Arkansas,34,161,699,4.74,0.23,,
2017,17,Maryland,32,151,594,4.72,0.25,,
2017,18,Kansas,32,150,578,4.69,0.26,,
2017,19,West Virginia,34,159,694,4.68,0.23,,
2017,20,Duke,35,157,632,4.49,0.25,,
2017,21,Gonzaga,33,147,541,4.45,0.27,,
2017,22,Vermont,34,150,539,4.41,0.28,,
2017,23,Nevada,34,148,567,4.35,0.26,,
2017,24,Virginia,32,130,520,4.06,0.25,,
2017,25,Dayton,31,125,578,4.03,0.22,,
2017,26,Mount St. Mary's,34,136,612,4,0.22,,
2017,27,VCU,34,134,696,3.94,0.19,,
2017,28,Miami,32,124,498,3.88,0.25,,
2017,29,South Carolina,32,124,665,3.88,0.19,,
2017,30,Kent State,35,135,668,3.86,0.2,,
2017,31,Bucknell,34,130,630,3.82,0.21,,
2017,32,New Mexico State,33,126,609,3.82,0.21,,
2017,33,Kansas State,33,125,585,3.79,0.21,,
2017,34,Notre Dame,34,128,503,3.76,0.25,,
2017,35,Vanderbilt,34,128,565,3.76,0.23,,
2017,36,Wake Forest,32,120,643,3.75,0.19,,
2017,37,Wichita State,34,127,643,3.74,0.2,,
2017,38,Jacksonville State,34,126,614,3.71,0.21,,
2017,39,Marquette,31,112,600,3.61,0.19,,
2017,40,Iowa State,33,118,526,3.58,0.22,,
2017,41,Wisconsin,34,121,535,3.56,0.23,,
2017,42,Troy,36,127,635,3.53,0.2,,
2017,43,Florida Gulf Coast,33,115,613,3.48,0.19,,
2017,44,UNC Wilmington,34,117,679,3.44,0.17,,
2017,45,SMU,34,117,490,3.44,0.24,,
2017,46,North Carolina Central,33,113,572,3.42,0.2,,
2017,47,UC Davis,34,115,657,3.38,0.18,,
2017,48,Arizona,34,110,577,3.24,0.19,,
2017,49,North Carolina,34,110,605,3.24,0.18,,
2017,50,Saint Mary's,32,102,472,3.19,0.22,,
2017,51,Texas Southern,34,107,589,3.15,0.18,,
2017,52,Villanova,34,105,482,3.09,0.22,,
2017,53,Princeton,29,89,468,3.07,0.19,,
2017,54,New Orleans,31,95,544,3.06,0.17,,
2017,55,Oklahoma State,32,96,708,3,0.14,,
2017,56,Providence,32,96,548,3,0.18,,
2017,57,Iona,34,101,652,2.97,0.15,,
2017,58,North Dakota,31,91,647,2.94,0.14,,
2017,59,Creighton,34,99,563,2.91,0.18,,
2017,60,Middle Tennessee,34,97,614,2.85,0.16,,
2017,61,Butler,31,87,586,2.81,0.15,,
2017,62,Northern Kentucky,34,95,600,2.79,0.16,,
2017,63,Virginia Tech,32,89,525,2.78,0.17,,
2017,64,Michigan,35,97,527,2.77,0.18,,
2017,65,Xavier,34,91,636,2.68,0.14,,
2017,66,Purdue,32,80,504,2.5,0.16,,
2017,67,Seton Hall,32,79,595,2.47,0.13,,
2017,68,South Dakota State,34,79,567,2.32,0.14,,
2016,1,Oregon,34,201,607,5.91,0.33,,
2016,2,Cincinnati,32,186,498,5.81,0.37,,
2016,3,Kentucky,33,186,676,5.64,0.28,,
2016,4,Vanderbilt,32,177,610,5.53,0.29,,
2016,5,USC,33,180,576,5.45,0.31,,
2016,6,Maryland,33,178,547,5.39,0.33,,
2016,7,Oklahoma,32,168,538,5.25,0.31,,
2016,8,Michigan State,33,170,630,5.15,0.27,,
2016,9,CSU Bakersfield,32,162,686,5.06,0.24,,
2016,10,UConn,33,167,592,5.06,0.28,,
2016,11,Colorado,33,165,616,5,0.27,,
2016,12,Iowa,31,150,504,4.84,0.3,,
2016,13,California,33,159,682,4.82,0.23,,
2016,14,Chattanooga,34,163,577,4.79,0.28,,
2016,15,Arizona,33,158,599,4.79,0.26,,
2016,16,Purdue,33,154,570,4.67,0.27,,
2016,17,Seton Hall,33,154,616,4.67,0.25,,
2016,18,Stony Brook,32,148,509,4.63,0.29,,
2016,19,Green Bay,35,161,701,4.6,0.23,,
2016,20,Yale,28,128,497,4.57,0.26,,
2016,21,Dayton,32,142,610,4.44,0.23,,
2016,22,North Carolina,34,149,609,4.38,0.24,,
2016,23,Texas,32,140,664,4.38,0.21,,
2016,24,UNC Wilmington,32,140,760,4.38,0.18,,
2016,25,Utah,34,145,524,4.26,0.28,,
2016,26,Iowa State,32,135,496,4.22,0.27,,
2016,27,Texas Tech,31,130,573,4.19,0.23,,
2016,28,Duke,33,138,548,4.18,0.25,,
2016,29,Iona,32,132,621,4.13,0.21,,
2016,30,Kansas,34,139,640,4.09,0.22,,
2016,31,Syracuse,32,130,530,4.06,0.25,,
2016,32,Baylor,33,133,636,4.03,0.21,,
2016,33,Florida Gulf Coast,33,132,637,4,0.21,,
2016,34,Fresno State,34,135,741,3.97,0.18,,
2016,35,Indiana,32,127,582,3.97,0.22,,
2016,36,Notre Dame,32,125,496,3.91,0.25,,
2016,37,VCU,33,125,644,3.79,0.19,,
2016,38,Hampton,31,117,638,3.77,0.18,,
2016,39,Texas A&M,33,124,594,3.76,0.21,,
2016,40,Hawai'i,32,120,648,3.75,0.19,,
2016,41,Pittsburgh,32,118,562,3.69,0.21,,
2016,42,Wichita State,32,118,644,3.69,0.18,,
2016,43,Miami,32,116,530,3.63,0.22,,
2016,44,Buffalo,34,123,722,3.62,0.17,,
2016,45,Providence,33,119,556,3.61,0.21,,
2016,46,Stephen F. Austin,32,114,660,3.56,0.17,,
2016,47,Southern,34,121,659,3.56,0.18,,
2016,48,Middle Tennessee,33,116,672,3.52,0.17,,
2016,49,Weber State,34,119,598,3.5,0.2,,
2016,50,Saint Joseph's,33,113,524,3.42,0.22,,
2016,51,Villanova,34,116,596,3.41,0.19,,
2016,52,Oregon State,31,104,624,3.35,0.17,,
2016,53,Butler,31,104,615,3.35,0.17,,
2016,54,UNC Asheville,33,110,575,3.33,0.19,,
2016,55,Little Rock,32,103,591,3.22,0.17,,
2016,56,Wisconsin,32,102,541,3.19,0.19,,
2016,57,Temple,32,100,516,3.13,0.19,,
2016,58,Xavier,32,98,645,3.06,0.15,,
2016,59,Gonzaga,33,98,577,2.97,0.17,,
2016,60,Virginia,33,97,540,2.94,0.18,,
2016,61,Austin Peay,35,101,610,2.89,0.17,,
2016,62,Fairleigh Dickinson,32,86,694,2.69,0.12,,
2016,63,Tulsa,31,83,548,2.68,0.15,,
2016,64,Northern Iowa,34,88,515,2.59,0.17,,
2016,65,West Virginia,34,86,792,2.53,0.11,,
2016,66,Holy Cross,33,83,555,2.52,0.15,,
2016,67,South Dakota State,33,82,651,2.48,0.13,,
2016,68,Michigan,34,74,530,2.18,0.14,,
2015,1,Texas,33,260,533,7.88,0.49,,
2015,2,Kentucky,34,234,579,6.88,0.4,,
2015,3,St. John's,32,208,566,6.5,0.37,,
2015,4,LSU,32,198,506,6.19,0.39,,
2015,5,Louisville,32,176,567,5.5,0.31,,
2015,6,Cincinnati,32,174,469,5.44,0.37,,
2015,7,Purdue,33,176,623,5.33,0.28,,
2015,8,NC State,33,175,580,5.3,0.3,,
2015,9,UAB,34,176,599,5.18,0.29,,
2015,10,Ohio State,33,168,529,5.09,0.32,,
2015,11,Oklahoma State,31,156,596,5.03,0.26,,
2015,12,Oklahoma,32,161,525,5.03,0.31,,
2015,13,Utah,32,161,534,5.03,0.3,,
2015,14,UC Irvine,33,166,567,5.03,0.29,,
2015,15,San Diego State,34,171,486,5.03,0.35,,
2015,16,Kansas,34,171,599,5.03,0.29,,
2015,17,Georgetown,31,152,625,4.9,0.24,,
2015,18,Eastern Washington,34,165,600,4.85,0.28,,
2015,19,Arkansas,34,162,644,4.76,0.25,,
2015,20,Valparaiso,33,157,543,4.76,0.29,,
2015,21,Iowa,32,150,508,4.69,0.3,,
2015,22,Providence,33,154,606,4.67,0.25,,
2015,23,Georgia,32,149,587,4.66,0.25,,
2015,24,Harvard,29,133,456,4.59,0.29,,
2015,25,Michigan State,34,155,630,4.56,0.25,,
2015,26,North Carolina,35,154,674,4.4,0.23,,
2015,27,Oregon,34,147,623,4.32,0.24,,
2015,28,VCU,35,151,674,4.31,0.22,,
2015,29,SMU,33,142,537,4.3,0.26,,
2015,30,Virginia,32,137,456,4.28,0.3,,
2015,31,Maryland,33,139,545,4.21,0.26,,
2015,32,Georgia State,33,139,607,4.21,0.23,,
2015,33,North Florida,34,142,545,4.18,0.26,,
2015,34,Hampton,33,135,711,4.09,0.19,,
2015,35,Buffalo,32,129,584,4.03,0.22,,
2015,36,Villanova,34,137,562,4.03,0.24,,
2015,37,Baylor,33,131,552,3.97,0.24,,
2015,38,Wichita State,32,122,534,3.81,0.23,,
2015,39,Northeastern,34,129,484,3.79,0.27,,
2015,40,Iowa State,33,124,512,3.76,0.24,,
2015,41,Duke,33,124,528,3.76,0.23,,
2015,42,North Dakota State,32,120,482,3.75,0.25,,
2015,43,UCLA,33,123,590,3.73,0.21,,
2015,44,Ole Miss,32,118,626,3.69,0.19,,
2015,45,New Mexico State,33,121,526,3.67,0.23,,
2015,46,Stephen F. Austin,33,119,716,3.61,0.17,,
2015,47,Arizona,34,122,608,3.59,0.2,,
2015,48,Notre Dame,34,121,483,3.56,0.25,,
2015,49,Wisconsin,34,119,409,3.5,0.29,,
2015,50,Gonzaga,34,114,580,3.35,0.2,,
2015,51,Coastal Carolina,33,110,545,3.33,0.2,,
2015,52,Indiana,33,105,579,3.18,0.18,,
2015,53,Texas Southern,34,106,591,3.12,0.18,,
2015,54,BYU,34,101,697,2.97,0.14,,
2015,55,Robert Morris,33,97,612,2.94,0.16,,
2015,56,Butler,32,94,562,2.94,0.17,,
2015,57,Wyoming,34,99,464,2.91,0.21,,
2015,58,Davidson,31,89,586,2.87,0.15,,
2015,59,Xavier,34,97,612,2.85,0.16,,
2015,60,West Virginia,32,91,747,2.84,0.12,,
2015,61,Manhattan,32,89,733,2.78,0.12,,
2015,62,Lafayette,32,82,504,2.56,0.16,,
2015,63,Dayton,33,84,525,2.55,0.16,,
2015,64,Wofford,34,86,574,2.53,0.15,,
2015,65,Northern Iowa,33,82,474,2.48,0.17,,
2015,66,Boise State,33,78,564,2.36,0.14,,
2015,67,Belmont,32,64,526,2,0.12,,
2015,68,Albany,32,52,528,1.63,0.1,,
2014,1,New Mexico State,35,220,592,6.29,0.37,,
2014,2,UConn,34,211,619,6.21,0.34,,
2014,3,Kentucky,33,204,623,6.18,0.33,,
2014,4,Manhattan,32,195,772,6.09,0.25,,
2014,5,Texas,33,198,629,6,0.31,,
2014,6,Kansas,33,187,695,5.67,0.27,,
2014,7,Arizona State,32,181,617,5.66,0.29,,
2014,8,Baylor,35,195,604,5.57,0.32,,
2014,9,UMass,32,177,628,5.53,0.28,,
2014,10,Cincinnati,33,182,575,5.52,0.32,,
2014,11,San Diego State,33,170,546,5.15,0.31,,
2014,12,New Mexico,33,170,560,5.15,0.3,,
2014,13,Wichita State,34,175,573,5.15,0.31,,
2014,14,Iowa,32,162,573,5.06,0.28,,
2014,15,Harvard,30,149,534,4.97,0.28,,
2014,16,Syracuse,32,158,508,4.94,0.31,,
2014,17,Providence,34,165,588,4.85,0.28,,
2014,18,Tennessee,33,160,563,4.85,0.28,,
2014,19,Michigan State,33,158,623,4.79,0.25,,
2014,20,Oklahoma State,33,158,648,4.79,0.24,,
2014,21,North Carolina,32,153,650,4.78,0.24,,
2014,22,Memphis,32,152,578,4.75,0.26,,
2014,23,Louisville,34,157,663,4.62,0.24,,
2014,24,Saint Joseph's,32,147,509,4.59,0.29,,
2014,25,Ohio State,34,153,561,4.5,0.27,,
2014,26,North Dakota State,31,137,551,4.42,0.25,,
2014,27,Stanford,33,140,596,4.24,0.23,,
2014,28,Arizona,34,144,559,4.24,0.26,,
2014,29,VCU,33,139,647,4.21,0.21,,
2014,30,Mercer,34,143,628,4.21,0.23,,
2014,31,Saint Louis,32,134,552,4.19,0.24,,
2014,32,Louisiana,33,138,699,4.18,0.2,,
2014,33,George Washington,32,133,577,4.16,0.23,,
2014,34,Villanova,32,129,630,4.03,0.2,,
2014,35,Gonzaga,34,136,617,4,0.22,,
2014,36,North Carolina Central,33,132,646,4,0.2,,
2014,37,Weber State,30,120,541,4,0.22,,
2014,38,NC State,34,135,636,3.97,0.21,,
2014,39,Virginia,33,130,531,3.94,0.24,,
2014,40,Tulsa,33,125,705,3.79,0.18,,
2014,41,Texas Southern,33,123,536,3.73,0.23,,
2014,42,Delaware,34,122,641,3.59,0.19,,
2014,43,Wisconsin,33,116,493,3.52,0.24,,
2014,44,American,32,110,551,3.44,0.2,,
2014,45,Western Michigan,32,110,586,3.44,0.19,,
2014,46,Colorado,34,115,564,3.38,0.2,,
2014,47,Oregon,32,108,680,3.38,0.16,,
2014,48,Oklahoma,32,105,608,3.28,0.17,,
2014,49,Mount St. Mary's,32,98,600,3.06,0.16,,
2014,50,Albany,32,98,551,3.06,0.18,,
2014,51,Duke,33,101,630,3.06,0.16,,
2014,52,Stephen F. Austin,33,101,691,3.06,0.15,,
2014,53,BYU,34,103,665,3.03,0.15,,
2014,54,Pittsburgh,34,102,594,3,0.17,,
2014,55,Kansas State,32,95,694,2.97,0.14,,
2014,56,Nebraska,31,92,629,2.97,0.15,,
2014,57,Iowa State,33,97,574,2.94,0.17,,
2014,58,Xavier,33,97,657,2.94,0.15,,
2014,59,UCLA,34,99,603,2.91,0.16,,
2014,60,Florida,33,94,529,2.85,0.18,,
2014,61,Coastal Carolina,33,94,649,2.85,0.14,,
2014,62,Cal Poly,32,88,584,2.75,0.15,,
2014,63,Dayton,33,86,661,2.61,0.13,,
2014,64,Michigan,32,80,464,2.5,0.17,,
2014,65,Milwaukee,34,83,615,2.44,0.13,,
2014,66,Eastern Kentucky,33,66,686,2,0.1,,
2014,67,Wofford,32,54,564,1.69,0.1,,
2014,68,Creighton,33,46,582,1.39,0.08,,
2013,1,Kansas,34,225,575,6.62,0.39,,
2013,2,Memphis,34,214,614,6.29,0.35,,
2013,3,Syracuse,35,217,566,6.2,0.38,,
2013,4,Cincinnati,33,204,583,6.18,0.35,,
2013,5,UNLV,34,197,573,5.79,0.34,,
2013,6,Minnesota,32,183,561,5.72,0.33,,
2013,7,Akron,32,183,566,5.72,0.32,,
2013,8,New Mexico State,34,186,512,5.47,0.36,,
2013,9,Ole Miss,33,169,560,5.12,0.3,,
2013,10,Northwestern State,31,148,599,4.77,0.25,,
2013,11,Oklahoma State,32,152,574,4.75,0.26,,
2013,12,California,31,147,503,4.74,0.29,,
2013,13,North Carolina A&T,35,161,679,4.6,0.24,,
2013,14,Miami,32,147,476,4.59,0.31,,
2013,15,San Diego State,32,146,474,4.56,0.31,,
2013,16,James Madison,34,153,582,4.5,0.26,,
2013,17,Wichita State,34,152,602,4.47,0.25,,
2013,18,Ohio State,32,141,501,4.41,0.28,,
2013,19,Harvard,28,122,423,4.36,0.29,,
2013,20,Wisconsin,33,143,463,4.33,0.31,,
2013,21,NC State,34,145,521,4.26,0.28,,
2013,22,Louisville,34,144,603,4.24,0.24,,
2013,23,Bucknell,33,135,478,4.09,0.28,,
2013,24,Oregon,34,136,590,4,0.23,,
2013,25,Illinois,34,135,619,3.97,0.22,,
2013,26,Pittsburgh,32,126,546,3.94,0.23,,
2013,27,Southern,32,126,551,3.94,0.23,,
2013,28,New Mexico,34,133,521,3.91,0.26,,
2013,29,Arizona,32,125,522,3.91,0.24,,
2013,30,Georgetown,31,119,522,3.84,0.23,,
2013,31,Notre Dame,34,130,483,3.82,0.27,,
2013,32,Michigan State,33,126,525,3.82,0.24,,
2013,33,Middle Tennessee,33,125,679,3.79,0.18,,
2013,34,Duke,32,121,567,3.78,0.21,,
2013,35,Florida Gulf Coast,34,128,597,3.76,0.21,,
2013,36,Indiana,33,123,564,3.73,0.22,,
2013,37,Temple,32,118,525,3.69,0.22,,
2013,38,UCLA,34,125,506,3.68,0.25,,
2013,39,Kansas State,34,122,617,3.59,0.2,,
2013,40,La Salle,30,107,459,3.57,0.23,,
2013,41,Missouri,33,116,543,3.52,0.21,,
2013,42,Long Island University,33,116,585,3.52,0.2,,
2013,43,North Carolina,33,114,487,3.45,0.23,,
2013,44,Marquette,31,106,525,3.42,0.2,,
2013,45,Villanova,33,112,628,3.39,0.18,,
2013,46,Florida,32,108,456,3.38,0.24,,
2013,47,Valparaiso,33,109,574,3.3,0.19,,
2013,48,Western Kentucky,35,115,666,3.29,0.17,,
2013,49,Saint Louis,32,102,552,3.19,0.18,,
2013,50,VCU,33,105,652,3.18,0.16,,
2013,51,Colorado,32,100,505,3.13,0.2,,
2013,52,Montana,31,94,521,3.03,0.18,,
2013,53,Iona,33,99,564,3,0.18,,
2013,54,Saint Mary's,33,98,578,2.97,0.17,,
2013,55,Davidson,33,97,584,2.94,0.17,,
2013,56,Liberty,35,102,667,2.91,0.15,,
2013,57,Iowa State,33,96,560,2.91,0.17,,
2013,58,Michigan,33,94,430,2.85,0.22,,
2013,59,Gonzaga,33,94,517,2.85,0.18,,
2013,60,Oklahoma,31,87,537,2.81,0.16,,
2013,61,Belmont,32,88,585,2.75,0.15,,
2013,62,Creighton,34,88,551,2.59,0.16,,
2013,63,Butler,34,83,611,2.44,0.14,,
2013,64,South Dakota State,34,78,481,2.29,0.16,,
2013,65,Colorado State,33,67,562,2.03,0.12,,
2013,666,Albany,34,69,545,2.03,0.13,,
2013,67,Boise State,31,53,586,1.71,0.09,,
2013,68,Pacific,34,45,605,1.32,0.07,,
2012,1,Kentucky,33,290,470,8.79,0.62,,
2012,2,Syracuse,33,234,499,7.09,0.47,,
2012,3,UConn,33,228,472,6.91,0.48,,
2012,4,Florida State,32,190,600,5.94,0.32,,
2012,5,North Carolina,33,191,488,5.79,0.39,,
2012,6,Memphis,34,193,648,5.68,0.3,,
2012,7,Kansas,33,186,582,5.64,0.32,,
2012,8,Louisville,35,170,623,4.86,0.27,,
2012,9,Baylor,34,164,596,4.82,0.28,,
2012,10,Georgetown,31,149,545,4.81,0.27,,
2012,11,Kansas State,31,149,624,4.81,0.24,,
2012,12,UNLV,34,161,582,4.74,0.28,,
2012,13,Norfolk State,34,160,660,4.71,0.24,,
2012,14,Detroit Mercy,35,162,662,4.63,0.24,,
2012,15,Cincinnati,34,156,515,4.59,0.3,,
2012,16,Harvard,30,137,452,4.57,0.3,,
2012,17,Lamar,34,152,586,4.47,0.26,,
2012,18,Loyola (MD),32,141,600,4.41,0.24,,
2012,19,Michigan State,33,144,582,4.36,0.25,,
2012,20,BYU,33,141,600,4.27,0.24,,
2012,21,New Mexico State,35,148,616,4.23,0.24,,
2012,22,Murray State,31,130,565,4.19,0.23,,
2012,23,Temple,31,129,548,4.16,0.24,,
2012,24,Alabama,32,133,588,4.16,0.23,,
2012,25,Western Kentucky,33,135,654,4.09,0.21,,
2012,26,St. Bonaventure,30,122,556,4.07,0.22,,
2012,27,Vanderbilt,33,134,528,4.06,0.25,,
2012,28,NC State,34,138,577,4.06,0.24,,
2012,29,Duke,33,133,600,4.03,0.22,,
2012,30,Wichita State,32,126,541,3.94,0.23,,
2012,31,Xavier,32,123,600,3.84,0.21,,
2012,32,South Florida,33,126,506,3.82,0.25,,
2012,33,VCU,34,126,617,3.71,0.2,,
2012,34,Montana,31,113,566,3.65,0.2,,
2012,35,Texas,33,120,644,3.64,0.19,,
2012,36,Marquette,32,112,571,3.5,0.2,,
2012,37,Wisconsin,33,115,467,3.48,0.25,,
2012,38,Davidson,32,110,650,3.44,0.17,,
2012,39,Notre Dame,33,113,453,3.42,0.25,,
2012,40,Indiana,33,111,580,3.36,0.19,,
2012,41,Long Island University,33,109,520,3.3,0.21,,
2012,42,Gonzaga,31,102,470,3.29,0.22,,
2012,43,Florida,33,108,523,3.27,0.21,,
2012,44,New Mexico,33,108,581,3.27,0.19,,
2012,45,Colorado,34,111,580,3.26,0.19,,
2012,46,Purdue,33,107,585,3.24,0.18,,
2012,47,California,33,104,474,3.15,0.22,,
2012,48,Saint Mary's,32,99,509,3.09,0.19,,
2012,49,Saint Louis,32,97,542,3.03,0.18,,
2012,50,Lehigh,33,100,586,3.03,0.17,,
2012,51,Ohio State,33,98,529,2.97,0.19,,
2012,52,Southern Miss,33,98,624,2.97,0.16,,
2012,53,Ohio,34,100,671,2.94,0.15,,
2012,54,Missouri,34,96,480,2.82,0.2,,
2012,55,Iowa State,32,90,513,2.81,0.18,,
2012,56,Virginia,31,87,491,2.81,0.18,,
2012,57,Long Beach State,33,90,508,2.73,0.18,,
2012,58,UNC Asheville,33,88,590,2.67,0.15,,
2012,59,West Virginia,32,82,534,2.56,0.15,,
2012,60,Vermont,34,81,588,2.38,0.14,,
2012,61,Mississippi Valley State,34,80,699,2.35,0.11,,
2012,62,San Diego State,33,77,525,2.33,0.15,,
2012,63,Creighton,33,76,562,2.3,0.14,,
2012,64,Belmont,34,78,613,2.29,0.13,,
2012,65,Michigan,33,72,513,2.18,0.14,,
2012,66,Iona,32,68,540,2.13,0.13,,
2012,67,Colorado State,31,59,583,1.9,0.1,,
2012,68,South Dakota State,34,64,550,1.88,0.12,,
2011,1,Syracuse,33,225,506,6.82,0.44,,
2011,2,Kentucky,33,207,531,6.27,0.39,,
2011,3,UCLA,32,186,560,5.81,0.33,,
2011,4,Hampton,32,184,587,5.75,0.31,,
2011,5,Florida State,31,178,597,5.74,0.3,,
2011,6,Oakland,34,193,626,5.68,0.31,,
2011,7,UConn,35,197,558,5.63,0.35,,
2011,8,Memphis,34,182,686,5.35,0.27,,
2011,9,North Carolina,33,176,536,5.33,0.33,,
2011,10,Washington,33,176,668,5.33,0.26,,
2011,11,Missouri,33,168,671,5.09,0.25,,
2011,12,Georgia,32,161,528,5.03,0.3,,
2011,13,Louisville,34,168,652,4.94,0.26,,
2011,14,Texas,34,167,585,4.91,0.29,,
2011,15,Clemson,32,156,588,4.88,0.27,,
2011,16,Vanderbilt,33,160,536,4.85,0.3,,
2011,17,Michigan State,33,159,620,4.82,0.26,,
2011,18,Kansas State,32,153,653,4.78,0.23,,
2011,19,Alabama State,34,160,756,4.71,0.21,,
2011,20,Temple,32,150,510,4.69,0.29,,
2011,21,San Diego State,34,158,506,4.65,0.31,,
2011,22,Illinois,32,148,562,4.63,0.26,,
2011,23,Saint Peter's,33,152,643,4.61,0.24,,
2011,24,UNC Asheville,32,145,618,4.53,0.23,,
2011,25,Georgetown,31,138,577,4.45,0.24,,
2011,26,Duke,34,150,607,4.41,0.25,,
2011,27,Indiana State,33,144,660,4.36,0.22,,
2011,28,Old Dominion,33,144,486,4.36,0.3,,
2011,29,West Virginia,31,133,550,4.29,0.24,,
2011,30,Princeton,31,132,540,4.26,0.24,,
2011,31,UC Santa Barbara,31,130,594,4.19,0.22,,
2011,32,BYU,34,142,587,4.18,0.24,,
2011,33,Kansas,34,141,608,4.15,0.23,,
2011,34,Purdue,32,132,576,4.13,0.23,,
2011,35,Richmond,34,140,546,4.12,0.26,,
2011,36,Cincinnati,33,125,568,3.79,0.22,,
2011,37,Gonzaga,33,125,615,3.79,0.2,,
2011,38,UNLV,32,121,618,3.78,0.2,,
2011,39,Villanova,32,120,558,3.75,0.22,,
2011,40,Boston University,34,126,619,3.71,0.2,,
2011,41,Notre Dame,32,118,479,3.69,0.25,,
2011,42,VCU,34,125,620,3.68,0.2,,
2011,43,Tennessee,33,121,645,3.67,0.19,,
2011,44,Marquette,34,123,574,3.62,0.21,,
2011,45,Akron,35,125,671,3.57,0.19,,
2011,46,Florida,33,117,476,3.55,0.25,,
2011,47,Belmont,34,118,707,3.47,0.17,,
2011,48,Pittsburgh,32,110,574,3.44,0.19,,
2011,49,Long Island University,32,110,552,3.44,0.2,,
2011,50,Ohio State,34,113,485,3.32,0.23,,
2011,51,George Mason,32,106,549,3.31,0.19,,
2011,52,Utah State,33,108,566,3.27,0.19,,
2011,53,Morehead State,33,106,624,3.21,0.17,,
2011,54,Bucknell,33,105,602,3.18,0.17,,
2011,55,Wisconsin,31,98,467,3.16,0.21,,
2011,56,UAB,30,94,503,3.13,0.19,,
2011,57,Xavier,31,96,532,3.1,0.18,,
2011,58,USC,33,98,567,2.97,0.17,,
2011,59,St. John's,32,90,601,2.81,0.15,,
2011,60,Arizona,34,90,632,2.65,0.14,,
2011,61,Little Rock,35,87,715,2.49,0.12,,
2011,62,Penn State,33,82,517,2.48,0.16,,
2011,63,Wofford,33,82,633,2.48,0.13,,
2011,64,UTSA,32,76,628,2.38,0.12,,
2011,65,Michigan,33,67,547,2.03,0.12,,
2011,66,Northern Colorado,31,62,601,2,0.1,,
2011,67,Butler,32,51,604,1.59,0.08,,
2011,68,Texas A&M,32,50,581,1.56,0.09,,
2010,1,Kentucky,33,240,538,7.27,0.45,,
2010,2,Baylor,32,225,572,7.03,0.39,,
2010,3,Syracuse,32,210,468,6.56,0.45,,
2010,4,Kansas,34,218,619,6.41,0.35,,
2010,5,Florida State,31,196,553,6.32,0.35,,
2010,6,Texas,33,190,650,5.76,0.29,,
2010,7,Georgia Tech,33,185,611,5.61,0.3,,
2010,8,Murray State,34,189,580,5.56,0.33,,
2010,9,Minnesota,33,183,544,5.55,0.34,,
2010,10,Wake Forest,29,156,583,5.38,0.27,,
2010,11,Saint Mary's,31,166,520,5.35,0.32,,
2010,12,Vanderbilt,32,167,613,5.22,0.27,,
2010,13,Oakland,34,168,605,4.94,0.28,,
2010,14,Maryland,31,150,520,4.84,0.29,,
2010,15,Clemson,31,150,542,4.84,0.28,,
2010,16,Kansas State,33,157,736,4.76,0.21,,
2010,17,Georgetown,33,156,558,4.73,0.28,,
2010,18,Richmond,33,155,599,4.7,0.26,,
2010,19,Missouri,32,149,617,4.66,0.24,,
2010,20,San Diego State,33,150,536,4.55,0.28,,
2010,21,Purdue,32,143,598,4.47,0.24,,
2010,22,Duke,33,141,612,4.27,0.23,,
2010,23,Gonzaga,32,135,577,4.22,0.23,,
2010,24,Louisville,32,134,644,4.19,0.21,,
2010,25,Pittsburgh,32,133,549,4.16,0.24,,
2010,26,Ohio State,33,136,502,4.12,0.27,,
2010,27,Vermont,34,140,623,4.12,0.22,,
2010,28,Winthrop,32,130,600,4.06,0.22,,
2010,29,Morgan St,36,145,759,4.03,0.19,,
2010,30,West Virginia,33,132,604,4,0.22,,
2010,31,Washington,33,130,711,3.94,0.18,,
2010,32,Cornell,31,121,550,3.9,0.22,,
2010,33,Villanova,31,121,692,3.9,0.17,,
2010,34,Xavier,32,122,600,3.81,0.2,,
2010,35,Tennessee,33,123,653,3.73,0.19,,
2010,36,UTEP,32,119,618,3.72,0.19,,
2010,37,Wisconsin,31,112,506,3.61,0.22,,
2010,38,BYU,34,122,580,3.59,0.21,,
2010,39,Siena,33,118,455,3.58,0.26,,
2010,40,Utah State,34,120,544,3.53,0.22,,
2010,41,New Mexico,33,116,583,3.52,0.2,,
2010,42,UNLV,33,115,670,3.48,0.17,,
2010,43,Arkansas-Pine Bluff,32,110,729,3.44,0.15,,
2010,44,Texas A&M,32,109,593,3.41,0.18,,
2010,45,Montana,31,104,550,3.35,0.19,,
2010,46,New Mexico State,33,108,570,3.27,0.19,,
2010,47,East Tennessee State,34,111,648,3.26,0.17,,
2010,48,UC Santa Barbara,29,90,556,3.1,0.16,,
2010,49,Michigan State,32,99,565,3.09,0.18,,
2010,50,Notre Dame,34,102,516,3,0.2,,
2010,51,Houston,34,102,633,3,0.16,,
2010,52,Temple,33,98,490,2.97,0.2,,
2010,53,Old Dominion,34,100,533,2.94,0.19,,
2010,54,North Texas,32,94,573,2.94,0.16,,
2010,55,Florida,33,90,477,2.73,0.19,,
2010,56,Ohio,35,93,661,2.66,0.14,,
2010,57,Sam Houston State,32,84,641,2.63,0.13,,
2010,58,Oklahoma State,32,83,644,2.59,0.13,,
2010,59,Lehigh,32,81,572,2.53,0.14,,
2010,60,California,33,82,560,2.48,0.15,,
2010,61,Butler,32,79,592,2.47,0.13,,
2010,62,Robert Morris,34,78,724,2.29,0.11,,
2010,63,Marquette,33,71,560,2.15,0.13,,
2010,64,Wofford,34,72,607,2.12,0.12,,
2010,65,Northern Iowa,32,64,511,2,0.13,,
2009,1,UConn,31,248,400,8,0.62,,
2009,2,Mississippi State,35,265,582,7.57,0.46,,
2009,3,Minnesota,32,199,568,6.22,0.35,,
2009,4,Louisville,33,204,566,6.18,0.36,,
2009,5,Memphis,34,210,594,6.18,0.35,,
2009,6,LSU,33,200,571,6.06,0.35,,
2009,7,Florida State,34,198,640,5.82,0.31,,
2009,8,Clemson,31,180,556,5.81,0.32,,
2009,9,Texas,33,183,633,5.55,0.29,,
2009,10,Wake Forest,30,163,563,5.43,0.29,,
2009,11,North Carolina,32,171,509,5.34,0.34,,
2009,12,Ohio State,32,168,479,5.25,0.35,,
2009,13,Syracuse,35,181,543,5.17,0.33,,
2009,14,Gonzaga,31,160,501,5.16,0.32,,
2009,15,Xavier,32,164,596,5.13,0.28,,
2009,16,Utah,33,163,609,4.94,0.27,,
2009,17,Purdue,34,164,590,4.82,0.28,,
2009,18,Alabama State,31,147,540,4.74,0.27,,
2009,19,Siena,33,155,487,4.7,0.32,,
2009,20,USC,33,154,541,4.67,0.28,,
2009,21,Radford,32,148,590,4.63,0.25,,
2009,22,VCU,33,151,637,4.58,0.24,,
2009,23,West Virginia,34,155,639,4.56,0.24,,
2009,24,Oklahoma,32,143,557,4.47,0.26,,
2009,25,Boston College,33,144,593,4.36,0.24,,
2009,26,Kansas,32,137,617,4.28,0.22,,
2009,27,Maryland,33,141,547,4.27,0.26,,
2009,28,Binghamton,31,130,631,4.19,0.21,,
2009,29,Temple,33,137,565,4.15,0.24,,
2009,30,Duke,34,139,613,4.09,0.23,,
2009,31,Cornell,30,121,541,4.03,0.22,,
2009,32,Morehead State,34,136,632,4,0.22,,
2009,33,Pittsburgh,32,125,524,3.91,0.24,,
2009,34,East Tennessee State,33,128,604,3.88,0.21,,
2009,33,Texas A&M,32,124,548,3.88,0.23,,
2009,36,Missouri,34,131,676,3.85,0.19,,
2009,37,Tennessee,33,123,627,3.73,0.2,,
2009,38,BYU,32,118,587,3.69,0.2,,
2009,39,Illinois,33,119,497,3.61,0.24,,
2009,40,Dayton,33,116,627,3.52,0.19,,
2009,41,Robert Morris,34,114,676,3.35,0.17,,
2009,42,Cleveland State,35,116,644,3.31,0.18,,
2009,43,Butler,31,101,547,3.26,0.18,,
2009,44,North Dakota State,32,104,517,3.25,0.2,,
2009,45,UCLA,33,106,557,3.21,0.19,,
2009,46,Villanova,33,106,626,3.21,0.17,,
2009,47,Morgan St,34,109,648,3.21,0.17,,
2009,48,Stephen F. Austin,31,99,571,3.19,0.17,,
2009,49,Western Kentucky,32,102,555,3.19,0.18,,
2009,50,Arizona,32,98,500,3.06,0.2,,
2009,51,Marquette,33,98,589,2.97,0.17,,
2009,52,Michigan State,32,91,609,2.84,0.15,,
2009,53,Portland State,32,91,535,2.84,0.17,,
2009,54,Washington,33,93,642,2.82,0.14,,
2009,55,CSU Northridge,30,81,665,2.7,0.12,,
2009,56,Michigan,33,88,499,2.67,0.18,,
2009,57,Wisconsin,31,82,490,2.65,0.17,,
2009,58,American,31,78,556,2.52,0.14,,
2009,59,Utah State,34,85,518,2.5,0.16,,
2009,60,Oklahoma State,33,81,704,2.45,0.12,,
2009,61,Northern Iowa,33,80,598,2.42,0.13,,
2009,62,Chattanooga,34,77,620,2.26,0.12,,
2009,63,Akron,35,79,722,2.26,0.11,,
2009,64,Arizona State,33,69,525,2.09,0.13,,
2009,65,California,32,64,538,2,0.12,,
2008,1,UConn,32,281,487,8.78,0.58,,
2008,2,Mississippi State,32,254,530,7.94,0.48,,
2008,3,Kansas,34,211,592,6.21,0.36,,
2008,4,Memphis,34,207,593,6.09,0.35,,
2008,5,Clemson,33,182,639,5.52,0.28,,
2008,6,Saint Mary's,30,160,521,5.33,0.31,,
2008,7,Arkansas,33,175,626,5.3,0.28,,
2008,8,Stanford,33,172,566,5.21,0.3,,
2008,9,Texas,34,176,555,5.18,0.32,,
2008,10,West Virginia,34,174,646,5.12,0.27,,
2008,11,Georgetown,32,158,561,4.94,0.28,,
2008,12,Louisville,32,157,582,4.91,0.27,,
2008,13,Kentucky,30,144,563,4.8,0.26,,
2008,14,Gonzaga,32,152,565,4.75,0.27,,
2008,15,Miami,32,150,599,4.69,0.25,,
2008,16,Saint Joseph's,33,154,574,4.67,0.27,,
2008,17,North Carolina,34,157,577,4.62,0.27,,
2008,18,Temple,33,146,589,4.42,0.25,,
2008,19,Baylor,31,137,650,4.42,0.21,,
2008,20,USC,32,141,504,4.41,0.28,,
2008,21,Michigan State,33,144,602,4.36,0.24,,
2008,22,Purdue,32,137,627,4.28,0.22,,
2008,23,Texas A&M,34,143,580,4.21,0.25,,
2008,24,Duke,32,128,613,4,0.21,,
2008,25,Oral Roberts,32,127,539,3.97,0.24,,
2008,26,BYU,34,134,603,3.94,0.22,,
2008,27,Oklahoma,33,130,558,3.94,0.23,,
2008,28,Kent State,34,133,639,3.91,0.21,,
2008,29,Marquette,33,126,689,3.82,0.18,,
2008,30,Indiana,32,122,551,3.81,0.22,,
2008,31,Notre Dame,31,117,465,3.77,0.25,,
2008,32,UCLA,34,125,486,3.68,0.26,,
2008,33,Western Kentucky,33,121,696,3.67,0.17,,
2008,34,Winthrop,33,121,576,3.67,0.21,,
2008,35,Mount St. Mary's,32,117,637,3.66,0.18,,
2008,36,Siena,32,115,494,3.59,0.23,,
2008,37,Kansas State,31,111,622,3.58,0.18,,
2008,38,Vanderbilt,33,118,601,3.58,0.2,,
2008,39,UMBC,32,114,519,3.56,0.22,,
2008,40,Arizona,33,117,542,3.55,0.22,,
2008,41,Davidson,32,111,581,3.47,0.19,,
2008,42,Georgia,33,114,589,3.45,0.19,,
2008,43,Xavier,33,114,572,3.45,0.2,,
2008,44,Tennessee,33,112,680,3.39,0.16,,
2008,45,Wisconsin,33,110,473,3.33,0.23,,
2008,46,Pittsburgh,35,115,566,3.29,0.2,,
2008,47,Portland State,32,105,571,3.28,0.18,,
2008,48,George Mason,33,106,511,3.21,0.21,,
2008,49,Cornell,27,85,493,3.15,0.17,,
2008,50,San Diego,34,107,588,3.15,0.18,,
2008,51,UNLV,32,98,559,3.06,0.18,,
2008,52,South Alabama,32,96,548,3,0.18,,
2008,53,Villanova,32,93,666,2.91,0.14,,
2008,54,Washington State,32,92,490,2.88,0.19,,
2008,55,Mississippi Valley State,32,85,573,2.66,0.15,,
2008,56,American,32,84,561,2.63,0.15,,
2008,57,UT Arlington,32,84,626,2.63,0.13,,
2008,58,Oregon,31,79,560,2.55,0.14,,
2008,59,Butler,32,81,542,2.53,0.15,,
2008,60,Drake,32,81,471,2.53,0.17,,
2008,61,Boise State,33,80,578,2.42,0.14,,
2008,62,Austin Peay,34,74,597,2.18,0.12,,
2008,63,Belmont,33,63,605,1.91,0.1,,
2008,64,CSU Fullerton,32,50,604,1.56,0.08,,
2007,1,Maryland,32,221,583,6.91,0.38,,
2007,2,Kansas,34,227,634,6.68,0.36,,
2007,3,Arkansas,34,218,591,6.41,0.37,,
2007,4,Stanford,30,183,548,6.1,0.33,,
2007,5,Ohio State,33,196,448,5.94,0.44,,
2007,6,Memphis,33,195,652,5.91,0.3,,
2007,7,Boston College,31,179,477,5.77,0.38,,
2007,8,Texas,33,190,570,5.76,0.33,,
2007,9,UNLV,34,187,607,5.5,0.31,,
2007,10,Georgetown,32,161,528,5.03,0.3,,
2007,11,Florida,34,164,533,4.82,0.31,,
2007,12,Michigan State,33,159,605,4.82,0.26,,
2007,13,Kentucky,32,154,507,4.81,0.3,,
2007,14,Virginia Tech,32,153,584,4.78,0.26,,
2007,15,Duke,32,151,558,4.72,0.27,,
2007,16,North Carolina,34,156,588,4.59,0.27,,
2007,17,Oral Roberts,33,150,588,4.55,0.26,,
2007,18,Washington State,32,143,520,4.47,0.28,,
2007,19,Indiana,30,134,624,4.47,0.21,,
2007,20,North Texas,33,146,664,4.42,0.22,,
2007,21,George Washington,31,137,585,4.42,0.23,,
2007,22,Louisville,32,136,644,4.25,0.21,,
2007,23,Nevada,32,134,533,4.19,0.25,,
2007,24,Miami (OH),32,131,545,4.09,0.24,,
2007,25,USC,34,134,606,3.94,0.22,,
2007,26,Holy Cross,33,123,598,3.73,0.21,,
2007,27,Winthrop,32,117,553,3.66,0.21,,
2007,28,Gonzaga,33,118,637,3.58,0.19,,
2007,29,Georgia Tech,31,110,642,3.55,0.17,,
2007,30,Xavier,32,113,563,3.53,0.2,,
2007,31,BYU,33,116,639,3.52,0.18,,
2007,32,Notre Dame,31,108,560,3.48,0.19,,
2007,33,Pittsburgh,34,118,560,3.47,0.21,,
2007,34,Old Dominion,32,109,599,3.41,0.18,,
2007,35,Central Connecticut,33,112,532,3.39,0.21,,
2007,36,Texas A&M,31,105,605,3.39,0.17,,
2007,37,Marquette,33,111,672,3.36,0.17,,
2007,38,UCLA,31,104,500,3.35,0.21,,
2007,39,Villanova,32,105,619,3.28,0.17,,
2007,40,Southern Illinois,33,108,672,3.27,0.16,,
2007,41,Wisconsin,34,111,508,3.26,0.22,,
2007,42,Belmont,32,104,587,3.25,0.18,,
2007,43,Arizona,30,97,402,3.23,0.24,,
2007,44,Tennessee,32,103,634,3.22,0.16,,
2007,45,Jackson State,34,106,704,3.12,0.15,,
2007,46,Virginia,30,93,601,3.1,0.15,,
2007,47,VCU,33,102,595,3.09,0.17,,
2007,48,Pennsylvania,30,91,553,3.03,0.16,,
2007,49,Illinois,34,98,581,2.88,0.17,,
2007,50,New Mexico State,33,94,676,2.85,0.14,,
2007,51,Long Beach State,31,88,537,2.84,0.16,,
2007,52,Texas A&M-CC,32,90,605,2.81,0.15,,
2007,53,Purdue,32,87,631,2.72,0.14,,
2007,54,Vanderbilt,31,84,528,2.71,0.16,,
2007,55,Davidson,33,89,585,2.7,0.15,,
2007,56,Eastern Kentucky,32,83,435,2.59,0.19,,
2007,57,Creighton,32,82,534,2.56,0.15,,
2007,58,Albany,32,78,615,2.44,0.13,,
2007,59,Weber State,31,75,598,2.42,0.13,,
2007,60,Oregon,33,68,529,2.06,0.13,,
2007,61,Texas Tech,33,62,576,1.88,0.11,,
2007,62,Butler,33,61,632,1.85,0.1,,
2007,63,Florida A&M,34,60,621,1.76,0.1,,
2007,64,Niagara,33,52,573,1.58,0.09,,
2007,65,Wright State,32,49,559,1.53,0.09,,
2006,1,UConn,30,280,462,9.33,0.61,,
2006,2,Memphis,33,223,667,6.76,0.33,,
2006,3,Syracuse,34,219,609,6.44,0.36,,
2006,4,LSU,31,196,489,6.32,0.4,,
2006,5,Arkansas,31,190,525,6.13,0.36,,
2006,6,Kansas,32,184,574,5.75,0.32,,
2006,7,Duke,33,179,577,5.42,0.31,,
2006,8,Texas,33,169,505,5.12,0.33,,
2006,9,Villanova,29,146,533,5.03,0.27,,
2006,10,Alabama,29,146,401,5.03,0.36,,
2006,11,Florida,33,163,532,4.94,0.31,,
2006,12,Iowa,33,162,499,4.91,0.32,,
2006,13,Xavier,31,151,547,4.87,0.28,,
2006,14,NC State,30,146,531,4.87,0.27,,
2006,15,Bradley,30,145,562,4.83,0.26,,
2006,16,Murray State,30,145,549,4.83,0.26,,
2006,17,Nevada,32,153,513,4.78,0.3,,
2006,18,George Washington,28,131,501,4.68,0.26,,
2006,19,Boston College,33,144,537,4.36,0.27,,
2006,20,Iona,30,125,557,4.17,0.22,,
2006,21,Oral Roberts,32,133,566,4.16,0.23,,
2006,22,North Carolina,29,114,504,3.93,0.23,,
2006,23,Pittsburgh,31,119,529,3.84,0.22,,
2006,24,Southern,31,118,554,3.81,0.21,,
2006,25,Northern Iowa,32,121,465,3.78,0.26,,
2006,26,Arizona,31,117,511,3.77,0.23,,
2006,27,Belmont,30,107,596,3.57,0.18,,
2006,28,Georgetown,30,106,448,3.53,0.24,,
2006,29,George Mason,30,106,462,3.53,0.23,,
2006,30,Washington,30,105,568,3.5,0.18,,
2006,31,UAB,30,104,540,3.47,0.19,,
2006,32,Monmouth,32,110,542,3.44,0.2,,
2006,33,Oklahoma,28,96,474,3.43,0.2,,
2006,34,Wisconsin,30,101,516,3.37,0.2,,
2006,35,Northwestern State,32,106,653,3.31,0.16,,
2006,36,Winthrop,30,99,515,3.3,0.19,,
2006,37,Southern Illinois,32,103,639,3.22,0.16,,
2006,38,Montana,29,90,537,3.1,0.17,,
2006,39,San Diego State,32,99,526,3.09,0.19,,
2006,40,Kentucky,33,102,558,3.09,0.18,,
2006,41,Hampton,31,95,647,3.06,0.15,,
2006,42,Tennessee,28,85,504,3.04,0.17,,
2006,43,Michigan State,33,99,601,3,0.16,,
2006,44,Marquette,30,90,577,3,0.16,,
2006,45,Milwaukee,29,87,562,3,0.15,,
2006,46,Texas A&M,29,86,626,2.97,0.14,,
2006,47,West Virginia,30,87,380,2.9,0.23,,
2006,48,Utah State,31,89,478,2.87,0.19,,
2006,49,Gonzaga,30,84,564,2.8,0.15,,
2006,50,UCLA,33,91,533,2.76,0.17,,
2006,51,Pennsylvania,28,77,512,2.75,0.15,,
2006,52,California,30,82,500,2.73,0.16,,
2006,53,Ohio State,30,81,462,2.7,0.18,,
2006,54,Seton Hall,29,75,545,2.59,0.14,,
2006,55,Albany,31,80,592,2.58,0.14,,
2006,56,Illinois,31,78,539,2.52,0.14,,
2006,57,Kent State,33,81,663,2.45,0.12,,
2006,58,Indiana,29,69,528,2.38,0.13,,
2006,59,Air Force,30,66,459,2.2,0.14,,
2006,60,Pacific,31,65,479,2.1,0.14,,
2006,61,Wichita State,32,58,494,1.81,0.12,,
2006,62,Bucknell,30,53,523,1.77,0.1,,
2006,63,UNC Wilmington,32,54,660,1.69,0.08,,
2006,64,Davidson,30,48,550,1.6,0.09,,
2006,65,South Alabama,30,40,560,1.33,0.07,,
2005,1,UConn,29,265,459,9.14,0.58,,
2005,2,Cincinnati,31,213,548,6.87,0.39,,
2005,3,Duke,30,206,553,6.87,0.37,,
2005,4,Villanova,29,165,534,5.69,0.31,,
2005,5,Iowa,32,173,598,5.41,0.29,,
2005,6,Georgia Tech,30,159,604,5.3,0.26,,
2005,7,Nevada,30,159,470,5.3,0.34,,
2005,8,Syracuse,33,154,526,4.67,0.29,,
2005,9,Minnesota,31,144,493,4.65,0.29,,
2005,10,Old Dominion,33,151,568,4.58,0.27,,
2005,11,Alabama,31,140,451,4.52,0.31,,
2005,12,Florida,30,134,546,4.47,0.25,,
2005,13,Fairleigh Dickinson,32,142,605,4.44,0.23,,
2005,14,Kentucky,30,133,504,4.43,0.26,,
2005,15,Northern Iowa,31,136,541,4.39,0.25,,
2005,16,NC State,32,139,603,4.34,0.23,,
2005,17,UCF,32,137,600,4.28,0.23,,
2005,18,George Washington,29,124,504,4.28,0.25,,
2005,19,Texas,30,128,532,4.27,0.24,,
2005,20,LSU,29,122,463,4.21,0.26,,
2005,21,Pittsburgh,28,117,476,4.18,0.25,,
2005,22,Oklahoma,31,129,566,4.16,0.23,,
2005,23,Boston College,28,115,417,4.11,0.28,,
2005,24,Eastern Kentucky,30,121,579,4.03,0.21,,
2005,25,Texas Tech,30,119,511,3.97,0.23,,
2005,26,Winthrop,32,125,597,3.91,0.21,,
2005,27,Kansas,29,112,558,3.86,0.2,,
2005,28,Louisville,33,127,618,3.85,0.21,,
2005,29,North Carolina,31,119,562,3.84,0.21,,
2005,30,Iowa State,29,110,484,3.79,0.23,,
2005,31,SE Louisiana,32,120,551,3.75,0.22,,
2005,32,West Virginia,31,116,454,3.74,0.26,,
2005,33,Wake Forest,31,113,598,3.65,0.19,,
2005,34,Milwaukee,29,105,553,3.62,0.19,,
2005,35,Arizona,33,118,543,3.58,0.22,,
2005,36,New Mexico,32,111,538,3.47,0.21,,
2005,37,Saint Mary's,33,114,599,3.45,0.19,,
2005,38,Gonzaga,29,100,505,3.45,0.2,,
2005,39,Illinois,33,113,512,3.42,0.22,,
2005,40,Niagara,29,96,551,3.31,0.17,,
2005,41,Creighton,33,108,582,3.27,0.19,,
2005,42,Pacific,29,94,419,3.24,0.22,,
2005,43,Mississippi State,32,103,494,3.22,0.21,,
2005,44,Pennsylvania,28,90,551,3.21,0.16,,
2005,45,Charlotte,28,90,475,3.21,0.19,,
2005,46,Montana,30,93,517,3.1,0.18,,
2005,47,UAB,31,95,600,3.06,0.16,,
2005,48,UTEP,34,103,560,3.03,0.18,,
2005,49,Southern Illinois,33,99,634,3,0.16,,
2005,50,Bucknell,31,93,585,3,0.16,,
2005,51,Utah State,31,89,425,2.87,0.21,,
2005,52,Oklahoma State,30,86,546,2.87,0.16,,
2005,53,Delaware State,32,91,515,2.84,0.18,,
2005,54,Louisiana,30,85,583,2.83,0.15,,
2005,55,Stanford,30,84,541,2.8,0.16,,
2005,56,Utah,32,88,454,2.75,0.19,,
2005,57,Michigan State,28,75,540,2.68,0.14,,
2005,58,Ohio,31,81,550,2.61,0.15,,
2005,59,Washington,32,83,658,2.59,0.13,,
2005,60,UCLA,28,72,517,2.57,0.14,,
2005,61,Oakland,30,75,531,2.5,0.14,,
2005,62,Chattanooga,36,71,602,1.97,0.12,,
2005,63,Wisconsin,30,59,460,1.97,0.13,,
2005,64,Vermont,30,57,475,1.9,0.12,,
2004,1,UConn,33,288,530,8.73,0.54,,
2004,2,Maryland,29,199,562,6.86,0.35,,
2004,3,Syracuse,28,192,494,6.86,0.39,,
2004,4,Duke,31,210,568,6.77,0.37,,
2004,5,East Tennessee State,32,189,540,5.91,0.35,,
2004,6,South Carolina,33,173,594,5.24,0.29,,
2004,7,Louisville,29,151,593,5.21,0.25,,
2004,8,Memphis,28,143,510,5.11,0.28,,
2004,9,Kansas,29,148,580,5.1,0.26,,
2004,10,Cincinnati,30,152,583,5.07,0.26,,
2004,11,Providence,28,141,451,5.04,0.31,,
2004,12,Pittsburgh,33,164,483,4.97,0.34,,
2004,13,Georgia Tech,32,155,679,4.84,0.23,,
2004,14,Arizona,30,141,483,4.7,0.29,,
2004,15,UCF,30,141,550,4.7,0.26,,
2004,16,Nevada,31,145,568,4.68,0.26,,
2004,17,Mississippi State,28,126,455,4.5,0.28,,
2004,18,Stanford,30,133,518,4.43,0.26,,
2004,19,Murray State,33,144,600,4.36,0.24,,
2004,20,Richmond,33,141,618,4.27,0.23,,
2004,21,North Carolina,28,118,518,4.21,0.23,,
2004,22,Manhattan,29,121,589,4.17,0.21,,
2004,23,Texas,29,113,560,3.9,0.2,,
2004,24,VCU,30,116,527,3.87,0.22,,
2004,25,Illinois,29,112,554,3.86,0.2,,
2004,26,UAB,29,108,607,3.72,0.18,,
2004,27,Gonzaga,28,104,446,3.71,0.23,,
2004,28,Oklahoma State,29,107,557,3.69,0.19,,
2004,29,Saint Joseph's,28,100,477,3.57,0.21,,
2004,30,Texas Tech,32,113,535,3.53,0.21,,
2004,31,Vanderbilt,30,105,534,3.5,0.2,,
2004,32,Utah,32,111,554,3.47,0.2,,
2004,33,Kentucky,29,99,534,3.41,0.19,,
2004,34,BYU,29,97,542,3.34,0.18,,
2004,35,Princeton,27,90,489,3.33,0.18,,
2004,36,Seton Hall,29,95,523,3.28,0.18,,
2004,37,Pacific,31,101,532,3.26,0.19,,
2004,38,Wake Forest,28,91,583,3.25,0.16,,
2004,39,Valparaiso,30,97,672,3.23,0.14,,
2004,40,Liberty,32,103,619,3.22,0.17,,
2004,41,Alabama State,30,94,561,3.13,0.17,,
2004,42,Florida,29,90,545,3.1,0.17,,
2004,43,Southern Illinois,29,90,562,3.1,0.16,,
2004,44,Alabama,29,90,532,3.1,0.17,,
2004,45,Boston College,32,97,509,3.03,0.19,,
2004,46,UTSA,32,96,620,3,0.15,,
2004,47,Charlotte,29,86,548,2.97,0.16,,
2004,48,Vermont,30,86,458,2.87,0.19,,
2004,49,Washington,30,86,637,2.87,0.14,,
2004,50,Dayton,32,91,547,2.84,0.17,,
2004,51,Wisconsin,29,80,443,2.76,0.18,,
2004,52,UIC,31,85,547,2.74,0.16,,
2004,53,Western Michigan,30,82,581,2.73,0.14,,
2004,54,UTEP,31,84,545,2.71,0.15,,
2004,55,Monmouth,32,84,561,2.63,0.15,,
2004,56,DePaul,30,71,522,2.37,0.14,,
2004,57,Air Force,28,66,466,2.36,0.14,,
2004,58,NC State,29,68,537,2.34,0.13,,
2004,59,Xavier,33,74,549,2.24,0.13,,
2004,60,Louisiana,28,60,517,2.14,0.12,,
2004,61,Northern Iowa,30,62,501,2.07,0.12,,
2004,62,Michigan State,29,54,604,1.86,0.09,,
2004,63,Eastern Washington,29,47,589,1.62,0.08,,
2004,64,Florida A&M,30,48,657,1.6,0.07,,
2003,1,UConn,30,232,552,7.73,0.42,,
2003,2,Syracuse,29,211,481,7.28,0.44,,
2003,3,Colorado,31,206,549,6.65,0.38,,
2003,4,Maryland,28,185,532,6.61,0.35,,
2003,5,Sam Houston State,29,167,562,5.76,0.3,,
2003,6,Notre Dame,31,175,503,5.65,0.35,,
2003,7,Oklahoma State,30,168,607,5.6,0.28,,
2003,8,Saint Joseph's,29,161,544,5.55,0.3,,
2003,9,Indiana,33,175,601,5.3,0.29,,
2003,10,Troy,31,161,513,5.19,0.31,,
2003,11,Duke,29,150,617,5.17,0.24,,
2003,12,Auburn,31,158,508,5.1,0.31,,
2003,13,Kansas,32,163,526,5.09,0.31,,
2003,14,Memphis,29,147,544,5.07,0.27,,
2003,15,East Tennessee State,30,152,569,5.07,0.27,,
2003,16,Tulsa,31,155,537,5,0.29,,
2003,17,Kentucky,31,154,540,4.97,0.29,,
2003,18,Louisville,30,142,680,4.73,0.21,,
2003,19,Austin Peay,30,140,550,4.67,0.25,,
2003,20,Holy Cross,30,137,557,4.57,0.25,,
2003,21,Colorado State,32,145,663,4.53,0.22,,
2003,22,Creighton,33,147,570,4.45,0.26,,
2003,23,Missouri,30,132,512,4.4,0.26,,
2003,24,Wake Forest,29,127,536,4.38,0.24,,
2003,25,Arizona State,30,130,584,4.33,0.22,,
2003,26,Cincinnati,28,119,531,4.25,0.22,,
2003,27,Arizona,28,118,497,4.21,0.24,,
2003,28,LSU,31,129,507,4.16,0.25,,
2003,29,Pittsburgh,30,123,539,4.1,0.23,,
2003,30,Florida,31,127,524,4.1,0.24,,
2003,31,Central Michigan,30,117,625,3.9,0.19,,
2003,32,Manhattan,29,113,636,3.9,0.18,,
2003,33,Texas,28,108,570,3.86,0.19,,
2003,34,Utah,31,118,618,3.81,0.19,,
2003,35,Oklahoma,29,110,549,3.79,0.2,,
2003,36,Mississippi State,29,110,458,3.79,0.24,,
2003,37,Alabama,28,106,505,3.79,0.21,,
2003,38,Michigan State,31,115,621,3.71,0.19,,
2003,39,Marquette,28,102,522,3.64,0.2,,
2003,40,Western Kentucky,32,115,592,3.59,0.19,,
2003,41,Milwaukee,31,111,623,3.58,0.18,,
2003,42,Gonzaga,31,109,578,3.52,0.19,,
2003,43,San Diego,29,101,584,3.48,0.17,,
2003,44,Stanford,31,104,574,3.35,0.18,,
2003,45,Southern Illinois,30,96,580,3.2,0.17,,
2003,46,Illinois,29,90,557,3.1,0.16,,
2003,47,UNC Asheville,30,93,578,3.1,0.16,,
2003,48,Vermont,32,99,504,3.09,0.2,,
2003,49,NC State,29,89,534,3.07,0.17,,
2003,50,Xavier,31,94,483,3.03,0.19,,
2003,51,Dayton,29,85,510,2.93,0.17,,
2003,52,Purdue,28,82,555,2.93,0.15,,
2003,53,South Carolina State,30,87,622,2.9,0.14,,
2003,54,Wisconsin,29,82,430,2.83,0.19,,
2003,55,Wagner,31,87,545,2.81,0.16,,
2003,56,California,29,81,496,2.79,0.16,,
2003,57,Oregon,32,89,670,2.78,0.13,,
2003,58,BYU,31,78,664,2.52,0.12,,
2003,59,Pennsylvania,27,58,480,2.15,0.12,,
2003,60,Utah State,32,68,513,2.13,0.13,,
2003,61,UNC Wilmington,30,57,553,1.9,0.1,,
2003,62,Butler,30,55,484,1.83,0.11,,
2003,63,IUPUI,33,60,641,1.82,0.09,,
2003,64,Weber State,31,24,581,0.77,0.04,,
2002,1,UConn,30,214,541,7.13,0.4,,
2002,2,Maryland,30,188,536,6.27,0.35,,
2002,3,Miami,31,186,561,6,0.33,,
2002,4,Kansas,32,184,575,5.75,0.32,,
2002,5,Indiana,31,172,523,5.55,0.33,,
2002,6,McNeese,29,149,559,5.14,0.27,,
2002,7,Pepperdine,30,152,625,5.07,0.24,,
2002,8,Murray State,31,156,598,5.03,0.26,,
2002,9,Notre Dame,31,153,509,4.94,0.3,,
2002,10,Kentucky,29,140,524,4.83,0.27,,
2002,11,Southern Illinois,33,159,677,4.82,0.23,,
2002,12,Florida,30,138,559,4.6,0.25,,
2002,13,Pittsburgh,32,143,560,4.47,0.26,,
2002,14,Tulsa,32,141,533,4.41,0.26,,
2002,15,Xavier,30,132,475,4.4,0.28,,
2002,16,Missouri,32,140,596,4.38,0.23,,
2002,17,Cincinnati,33,142,594,4.3,0.24,,
2002,18,Stanford,28,120,545,4.29,0.22,,
2002,19,Texas Tech,31,132,485,4.26,0.27,,
2002,20,Wake Forest,32,136,622,4.25,0.22,,
2002,21,Siena,34,143,727,4.21,0.2,,
2002,22,Winthrop,30,126,588,4.2,0.21,,
2002,23,Valparaiso,32,131,544,4.09,0.24,,
2002,24,California,30,121,576,4.03,0.21,,
2002,25,Creighton,30,121,556,4.03,0.22,,
2002,26,Texas,31,125,611,4.03,0.2,,
2002,27,Wyoming,29,116,571,4,0.2,,
2002,28,USC,31,123,604,3.97,0.2,,
2002,29,Illinois,32,126,643,3.94,0.2,,
2002,30,Oklahoma,31,122,606,3.94,0.2,,
2002,31,St. John's,31,119,617,3.84,0.19,,
2002,32,San Diego State,32,122,673,3.81,0.18,,
2002,33,Montana,30,114,623,3.8,0.18,,
2002,34,Mississippi State,33,120,581,3.64,0.21,,
2002,35,Georgia,30,109,506,3.63,0.22,,
2002,36,Davidson,30,108,546,3.6,0.2,,
2002,37,Hampton,32,115,585,3.59,0.2,,
2002,38,Florida Atlantic,30,107,584,3.57,0.18,,
2002,39,Oklahoma State,31,108,555,3.48,0.19,,
2002,40,Gonzaga,32,111,539,3.47,0.21,,
2002,41,Hawai'i,32,110,583,3.44,0.19,,
2002,42,Pennsylvania,31,106,540,3.42,0.2,,
2002,43,Marquette,32,109,581,3.41,0.19,,
2002,44,Oregon,31,104,567,3.35,0.18,,
2002,45,Western Kentucky,31,102,584,3.29,0.17,,
2002,46,Boston College,31,102,639,3.29,0.16,,
2002,47,Central Connecticut,31,102,500,3.29,0.2,,
2002,48,Alabama,33,107,619,3.24,0.17,,
2002,49,UNC Wilmington,31,99,547,3.19,0.18,,
2002,50,Holy Cross,32,100,583,3.13,0.17,,
2002,51,Duke,32,98,600,3.06,0.16,,
2002,52,Michigan State,30,91,553,3.03,0.16,,
2002,53,Arizona,31,88,563,2.84,0.16,,
2002,54,Utah,29,81,543,2.79,0.15,,
2002,55,UC Santa Barbara,30,81,532,2.7,0.15,,
2002,56,UCLA,30,80,506,2.67,0.16,,
2002,57,Boston University,31,82,583,2.65,0.14,,
2002,58,Charlotte,29,70,525,2.41,0.13,,
2002,59,Ohio State,30,68,565,2.27,0.12,,
2002,60,NC State,32,71,608,2.22,0.12,,
2002,61,Kent State,32,65,607,2.03,0.11,,
2002,62,Ole Miss,30,56,594,1.87,0.09,,
2002,63,Wisconsin,30,56,500,1.87,0.11,,
2002,64,UIC,33,46,676,1.39,0.07,,