Year,RK,Team,GP,PPG,FGM,FGA,FGM,FGA,FG%,2PM,2PA,2P%,PPS,FG%
2021,1,Gonzaga,26,92.1,34.2,62,888,1612,0.551,698,1092,0.639,1.49,0.61
2021,2,Loyola Chicago,28,71.5,26.3,52,735,1456,0.505,534,910,0.587,1.38,0.574
2021,3,Illinois,29,81.4,29.3,58.9,851,1707,0.499,654,1183,0.553,1.38,0.556
2021,4,Colgate,15,86.3,31.5,63.1,472,947,0.498,336,607,0.554,1.37,0.57
2021,5,Drake,29,77.4,29.9,60.6,868,1757,0.494,664,1205,0.551,1.28,0.552
2021,6,Baylor,24,84.4,31.1,63,746,1513,0.493,498,920,0.541,1.34,0.575
2021,7,Grand Canyon,23,75.6,28.1,57.1,646,1314,0.492,490,844,0.581,1.32,0.551
2021,8,Liberty,28,74.9,27.2,55.3,761,1549,0.491,472,809,0.583,1.35,0.585
2021,9,Ohio,23,80.9,29.8,61,686,1403,0.489,491,863,0.569,1.33,0.558
2021,10,UC Santa Barbara,26,76.5,27.6,56.8,717,1477,0.485,541,976,0.554,1.35,0.545
2021,11,Michigan,24,76.3,27.8,57.6,668,1382,0.483,487,914,0.533,1.32,0.55
2021,12,BYU,26,78.7,28.9,59.9,751,1557,0.482,518,941,0.55,1.31,0.557
2021,13,Virginia,24,68.6,25.3,52.8,608,1266,0.48,404,731,0.553,1.3,0.561
2021,14,Drexel,19,71.5,26.1,54.6,495,1038,0.477,357,667,0.535,1.31,0.543
2021,15,Creighton,28,77,28.5,59.8,797,1675,0.476,525,933,0.563,1.29,0.557
2021,16,North Texas,26,69.8,25.7,54,668,1405,0.475,471,881,0.535,1.29,0.546
2021,17,Florida State,22,78.9,28.2,59.4,620,1307,0.474,439,843,0.521,1.33,0.544
2021,18,Georgia Tech,25,75.5,27.8,58.6,695,1466,0.474,506,925,0.547,1.29,0.539
2021,19,Oregon,26,74.4,27.5,58.3,715,1515,0.472,497,940,0.529,1.28,0.544
2021,20,Iowa,29,83.8,29.8,63.4,863,1839,0.469,580,1106,0.524,1.32,0.546
2021,21,Oklahoma State,28,77.1,27.7,59.2,775,1658,0.467,596,1129,0.528,1.3,0.521
2021,22,USC,29,74.8,27.2,58.2,788,1687,0.467,605,1161,0.521,1.29,0.521
2021,23,Eastern Washington,23,78,27.7,59.4,638,1367,0.467,444,819,0.542,1.31,0.538
2021,24,Florida,23,74,26.3,56.7,605,1303,0.464,448,863,0.519,1.31,0.525
2021,25,LSU,27,82.1,29,62.7,784,1692,0.463,564,1064,0.53,1.31,0.528
2021,26,UCLA,26,72.8,26.4,57.1,686,1485,0.462,513,1014,0.506,1.28,0.52
2021,27,Morehead State,30,68.8,24.6,53.4,738,1601,0.461,541,1039,0.521,1.29,0.522
2021,28,Winthrop,24,79.5,28.1,61,674,1463,0.461,471,888,0.53,1.3,0.53
2021,29,Abilene Christian,27,77.6,27.7,60.3,749,1628,0.46,535,1022,0.523,1.29,0.526
2021,30,Ohio State,30,77.3,26.3,57.3,790,1719,0.46,543,1042,0.521,1.35,0.531
2021,31,Maryland,29,68.8,24.1,52.9,699,1533,0.456,465,870,0.534,1.3,0.532
2021,32,Arkansas,28,82.4,29.5,64.8,825,1814,0.455,605,1165,0.519,1.27,0.515
2021,33,San Diego State,27,74.1,25.7,56.6,695,1529,0.455,466,918,0.508,1.31,0.529
2021,34,Colorado,30,73,25.8,56.8,774,1704,0.454,550,1093,0.503,1.29,0.52
2021,35,Oral Roberts,26,81.8,28.2,62.2,734,1617,0.454,440,863,0.51,1.31,0.545
2021,36,Texas,26,75.2,26.3,58,684,1507,0.454,459,875,0.525,1.3,0.529
2021,37,Cleveland State,26,71.5,26.3,58.2,684,1514,0.452,518,994,0.521,1.23,0.507
2021,38,Virginia Tech,21,72.1,25.4,56.3,534,1183,0.451,361,698,0.517,1.28,0.525
2021,39,VCU,26,71.7,25.3,56.2,659,1460,0.451,491,950,0.517,1.28,0.509
2021,40,Purdue,27,71.1,25.5,56.6,689,1527,0.451,497,954,0.521,1.26,0.514
2021,41,Rutgers,26,70,26.8,59.4,696,1544,0.451,539,1039,0.519,1.18,0.502
2021,42,Texas Southern,24,74.8,27.1,60.1,650,1443,0.45,540,1045,0.517,1.24,0.489
2021,43,Villanova,22,75.5,26.4,58.7,581,1291,0.45,378,715,0.529,1.29,0.529
2021,44,Missouri,25,73.6,25.8,57.6,646,1439,0.449,473,899,0.526,1.28,0.509
2021,45,St. Bonaventure,20,70.5,26.1,58.1,521,1161,0.449,390,791,0.493,1.21,0.505
2021,46,Utah State,28,73.3,26.8,60.1,751,1682,0.446,570,1144,0.498,1.22,0.5
2021,47,Iona,17,72.2,24.9,55.9,423,951,0.445,296,593,0.499,1.29,0.512
2021,48,Houston,27,77.6,27.4,61.6,739,1664,0.444,487,965,0.505,1.26,0.52
2021,49,Tennessee,26,72.5,25.4,57.4,661,1492,0.443,488,979,0.498,1.26,0.501
2021,50,Texas Tech,27,73,25.4,57.4,686,1549,0.443,518,1064,0.487,1.27,0.497
2021,51,Oklahoma,25,74.8,26.8,60.7,670,1517,0.442,470,926,0.508,1.23,0.508
2021,52,Syracuse,25,75.8,27,61.3,676,1533,0.441,473,935,0.506,1.24,0.507
2021,53,North Carolina,28,75.7,27.7,62.9,776,1761,0.441,619,1265,0.489,1.2,0.485
2021,54,Kansas,28,73.1,26.3,59.9,737,1676,0.44,528,1068,0.494,1.22,0.502
2021,55,UConn,22,72.5,26.4,60.1,581,1323,0.439,433,883,0.49,1.21,0.495
2021,56,Norfolk State,23,75.2,25.7,59,591,1357,0.436,411,868,0.474,1.27,0.502
2021,57,Oregon State,29,70.7,24.6,56.5,712,1638,0.435,509,1063,0.479,1.25,0.497
2021,58,Hartford,23,65.9,23.6,54.4,543,1251,0.434,369,718,0.514,1.21,0.504
2021,59,Alabama,30,79.6,27.8,64.6,834,1937,0.431,514,1025,0.501,1.23,0.513
2021,60,West Virginia,27,77.3,26.3,61.5,711,1660,0.428,515,1111,0.464,1.26,0.487
2021,61,Clemson,23,65.3,23.5,55,541,1264,0.428,349,709,0.492,1.19,0.504
2021,62,Mount St. Mary's,22,63.7,23.1,54.2,508,1192,0.426,362,759,0.477,1.18,0.487
2021,63,Georgetown,25,71.4,24.8,58.5,621,1463,0.424,413,895,0.461,1.22,0.496
2021,64,Michigan State,27,69,24.7,58.3,668,1574,0.424,496,1037,0.478,1.18,0.479
2021,65,UNC Greensboro,29,73.6,27.7,65.3,803,1894,0.424,582,1158,0.503,1.13,0.482
2021,66,Wisconsin,29,69.6,24.5,58.3,711,1690,0.421,463,1000,0.463,1.19,0.494
2021,67,Appalachian State,28,70.9,24.1,58.1,674,1626,0.415,447,925,0.483,1.22,0.484
2021,68,Wichita State,21,72.4,24.5,60,514,1261,0.408,339,749,0.453,1.21,0.477
2019,1,Gonzaga,33,88.8,32.2,60.5,1062,1997,0.532,805,1293,0.623,1.47,0.596
2019,2,Belmont,31,87.4,31.8,63.7,987,1976,0.499,662,1105,0.599,1.37,0.582
2019,3,Tennessee,33,82.3,30,60.2,991,1988,0.498,766,1359,0.564,1.37,0.555
2019,4,Montana,34,76.8,28.1,56.6,955,1923,0.497,674,1184,0.569,1.36,0.57
2019,5,Murray State,31,83.3,30.3,61,938,1890,0.496,696,1195,0.582,1.37,0.56
2019,6,Yale,28,80.6,29.8,60.3,834,1687,0.494,617,1101,0.56,1.34,0.559
2019,7,Wofford,33,83,30.2,61.3,997,2022,0.493,633,1148,0.551,1.35,0.583
2019,8,Liberty,34,74,27.1,55.2,921,1878,0.49,621,1061,0.585,1.34,0.57
2019,9,Michigan State,33,79.2,27.9,57.2,922,1889,0.488,649,1177,0.551,1.38,0.56
2019,10,Gardner-Webb,34,78.3,27.4,56.2,933,1912,0.488,661,1216,0.544,1.39,0.559
2019,11,Northeastern,33,76.1,26.2,54.3,864,1791,0.482,542,961,0.564,1.4,0.572
2019,12,Northern Kentucky,34,79.1,28.1,58.4,956,1986,0.481,655,1163,0.563,1.35,0.557
2019,13,Colgate,34,75.8,27.4,57,930,1939,0.48,625,1153,0.542,1.33,0.558
2019,14,Kentucky,33,76.7,26.6,55.6,878,1835,0.478,679,1288,0.527,1.38,0.533
2019,15,Virginia,32,71.8,25.6,53.6,820,1715,0.478,549,1052,0.522,1.34,0.557
2019,16,Fairleigh Dickinson,33,75.4,26.5,55.6,876,1834,0.478,622,1205,0.516,1.36,0.547
2019,17,Duke,34,83.5,30.5,63.9,1037,2173,0.477,790,1355,0.583,1.31,0.534
2019,18,Iowa State,34,77.4,28,58.6,951,1994,0.477,663,1205,0.55,1.32,0.549
2019,19,Virginia Tech,32,74,25.8,54.2,824,1733,0.475,517,954,0.542,1.37,0.564
2019,20,Abilene Christian,33,74.5,26.7,56.3,880,1858,0.474,634,1221,0.519,1.32,0.54
2019,21,Utah State,34,79.2,27.6,58.4,940,1985,0.474,673,1233,0.546,1.36,0.541
2019,22,Saint Mary's,33,72.9,26.5,56.1,876,1850,0.474,631,1202,0.525,1.3,0.54
2019,23,Mississippi State,33,77.3,27.6,58.5,911,1930,0.472,627,1178,0.532,1.32,0.546
2019,24,Texas Tech,32,73.1,26.2,55.5,837,1775,0.472,605,1144,0.529,1.32,0.537
2019,25,Georgia State,32,77.2,27,58.1,865,1858,0.466,549,1044,0.526,1.33,0.551
2019,26,Nevada,33,80.7,27.4,58.9,905,1944,0.466,613,1113,0.551,1.37,0.541
2019,27,North Carolina,33,86.1,31,66.9,1023,2207,0.464,734,1416,0.518,1.29,0.529
2019,28,UCF,31,72.1,24.7,53.3,765,1652,0.463,554,1056,0.525,1.35,0.527
2019,29,Buffalo,34,84.9,30.4,65.7,1033,2234,0.462,708,1265,0.56,1.29,0.535
2019,30,Kansas,34,75.4,27.3,59.1,928,2008,0.462,682,1306,0.522,1.28,0.523
2019,31,LSU,32,81.4,28.5,61.7,912,1975,0.462,693,1297,0.534,1.32,0.517
2019,32,Ole Miss,32,75.4,26.5,57.6,847,1844,0.459,586,1115,0.526,1.31,0.53
2019,33,UC Irvine,35,72.9,27,58.8,945,2058,0.459,707,1398,0.506,1.24,0.517
2019,34,New Mexico State,34,78.1,27.6,60,937,2041,0.459,618,1089,0.567,1.3,0.537
2019,35,Marquette,33,77.7,26.3,57.4,869,1895,0.459,558,1104,0.505,1.35,0.541
2019,36,Vermont,33,73.9,25.5,55.6,841,1834,0.459,584,1105,0.529,1.33,0.529
2019,37,North Dakota State,33,73.2,25.1,55,828,1816,0.456,513,955,0.537,1.33,0.543
2019,38,North Carolina Central,33,71.4,25.8,56.5,850,1865,0.456,638,1193,0.535,1.26,0.513
2019,39,Iowa,33,78.3,26.1,57.4,862,1894,0.455,595,1155,0.515,1.36,0.526
2019,40,Maryland,32,71.3,25.2,55.5,807,1777,0.454,575,1120,0.513,1.28,0.519
2019,41,St. John's,33,77.5,27.9,61.5,922,2031,0.454,641,1253,0.512,1.26,0.523
2019,42,Iona,32,76.8,26.1,57.6,835,1842,0.453,553,1038,0.533,1.33,0.53
2019,43,Wisconsin,33,69.1,25.9,57.1,854,1885,0.453,619,1243,0.498,1.21,0.515
2019,44,Washington,34,69.8,24.6,54.3,835,1845,0.453,581,1111,0.523,1.29,0.521
2019,45,Michigan,33,70.7,25.9,57.4,855,1894,0.451,589,1137,0.518,1.23,0.522
2019,46,Oregon,35,70.5,25.3,56.3,886,1971,0.45,620,1196,0.518,1.25,0.517
2019,47,Auburn,34,79.4,27.4,60.9,930,2071,0.449,549,1059,0.518,1.3,0.541
2019,48,Houston,33,76.2,26.8,59.6,883,1968,0.449,578,1130,0.512,1.28,0.526
2019,49,Arizona State,32,77.8,26.6,59.5,851,1903,0.447,619,1223,0.506,1.31,0.508
2019,50,Purdue,32,76.2,26.8,60,857,1920,0.446,546,1066,0.512,1.27,0.527
2019,51,Oklahoma,32,71.2,25.9,58.3,830,1864,0.445,618,1245,0.496,1.22,0.502
2019,52,Florida State,34,74.9,25.9,58.4,879,1984,0.443,624,1224,0.51,1.28,0.507
2019,53,VCU,32,71.4,25,56.6,801,1811,0.442,572,1066,0.537,1.26,0.506
2019,54,Seton Hall,33,73.9,26.2,59.4,863,1959,0.441,632,1245,0.508,1.25,0.499
2019,55,Baylor,32,71.7,25.5,57.9,816,1854,0.44,562,1106,0.508,1.24,0.509
2019,56,Villanova,34,74.5,24.7,56.2,840,1912,0.439,479,889,0.539,1.32,0.534
2019,57,Temple,32,74.8,26.4,60.2,845,1927,0.439,605,1201,0.504,1.24,0.501
2019,58,Prairie View A&M,34,75,25.7,58.7,875,1997,0.438,665,1322,0.503,1.28,0.491
2019,59,Minnesota,34,70.8,24.7,56.5,840,1922,0.437,662,1368,0.484,1.25,0.483
2019,60,Ohio State,33,69.6,24.2,55.3,797,1824,0.437,548,1099,0.499,1.26,0.505
2019,61,Louisville,33,74.5,25.1,57.8,828,1908,0.434,543,1074,0.506,1.29,0.509
2019,62,Bradley,34,66.6,23.2,53.6,790,1822,0.434,559,1190,0.47,1.24,0.497
2019,63,Cincinnati,33,71.8,24.9,57.7,822,1903,0.432,602,1274,0.473,1.24,0.49
2019,64,Kansas State,33,65.8,23.8,55.1,784,1819,0.431,551,1125,0.49,1.19,0.495
2019,65,Florida,34,68.3,23.9,56.1,814,1907,0.427,537,1079,0.498,1.22,0.499
2019,66,Syracuse,33,69.7,23.8,56.2,787,1856,0.424,525,1061,0.495,1.24,0.495
2019,67,Saint Louis,34,67.4,23.9,57.1,814,1941,0.419,617,1311,0.471,1.18,0.47
2019,68,Old Dominion,34,66.2,23.7,57.6,805,1959,0.411,547,1228,0.445,1.15,0.477
2018,1,Loyola Chicago,33,72.4,26.3,51.9,869,1714,0.507,623,1096,0.568,1.39,0.579
2018,2,Arizona,34,80.9,28.8,57,980,1939,0.505,745,1315,0.567,1.42,0.566
2018,3,Villanova,34,87.1,31,61.5,1055,2092,0.504,667,1117,0.597,1.41,0.597
2018,4,Michigan State,33,81,28.6,56.7,943,1872,0.504,666,1201,0.555,1.43,0.578
2018,5,Gonzaga,34,84.5,30.9,61.3,1049,2085,0.503,740,1259,0.588,1.38,0.577
2018,6,TCU,32,83,30,60.2,960,1925,0.499,689,1248,0.552,1.38,0.569
2018,7,Kansas,34,81.5,30.1,60.5,1024,2058,0.498,679,1201,0.565,1.35,0.581
2018,9,Virginia Tech,32,79.7,28.2,56.6,901,1811,0.498,621,1084,0.573,1.41,0.575
2018,9,Creighton,32,84.3,30.8,61.9,985,1982,0.497,651,1093,0.596,1.36,0.581
2018,10,Purdue,34,81.1,28.2,56.7,958,1928,0.497,632,1152,0.549,1.43,0.581
2018,11,Duke,33,84.7,30.5,61.9,1008,2044,0.493,734,1319,0.556,1.37,0.56
2018,12,Xavier,33,84.3,28.9,58.8,953,1942,0.491,695,1243,0.559,1.43,0.557
2018,13,Stephen F. Austin,34,81.1,28.9,59.2,982,2012,0.488,745,1375,0.542,1.37,0.547
2018,14,Davidson,31,77,27.6,56.9,856,1763,0.486,520,907,0.573,1.35,0.581
2018,15,Ohio State,32,75.8,27.9,57.6,894,1842,0.485,678,1230,0.551,1.32,0.544
2018,16,Murray State,31,78.9,27.4,56.5,849,1752,0.485,585,1056,0.554,1.4,0.56
2018,17,Iowa,33,79.7,28.7,59.8,946,1975,0.479,694,1303,0.533,1.33,0.543
2018,18,Wichita State,32,83,29.1,60.8,930,1944,0.478,638,1186,0.538,1.37,0.553
2018,19,Arkansas,34,81.1,29,60.7,985,2063,0.477,720,1402,0.514,1.34,0.542
2018,20,Florida State,31,81.8,29.2,61.7,906,1912,0.474,658,1206,0.546,1.33,0.539
2018,21,Buffalo,34,84.8,30.7,64.9,1045,2206,0.474,716,1319,0.543,1.31,0.548
2018,22,Butler,33,79.1,29.2,61.8,964,2041,0.472,694,1282,0.541,1.28,0.538
2018,23,Bucknell,34,81.1,27.7,58.7,942,1995,0.472,673,1211,0.556,1.38,0.54
2018,24,Kansas State,33,72.4,25.9,54.9,854,1811,0.472,625,1145,0.546,1.32,0.535
2018,25,Montana,33,78.1,28.1,59.5,926,1965,0.471,743,1431,0.519,1.31,0.518
2018,26,Michigan,35,74.5,26.9,57.2,943,2003,0.471,623,1135,0.549,1.3,0.551
2018,27,CSU Fullerton,31,73.2,25.4,53.9,786,1671,0.47,623,1189,0.524,1.36,0.519
2018,28,NC State,32,81.2,29.3,62.3,937,1993,0.47,685,1316,0.521,1.3,0.533
2018,29,South Dakota State,34,84.9,28.8,61.3,979,2084,0.47,618,1188,0.52,1.38,0.556
2018,30,Houston,32,78.1,27.8,59.3,891,1898,0.469,613,1184,0.518,1.32,0.543
2018,31,Kentucky,33,76.7,27.1,57.8,895,1908,0.469,717,1411,0.508,1.33,0.516
2018,32,Marshall,34,84.3,29.2,62.2,992,2116,0.469,651,1153,0.565,1.35,0.549
2018,33,Seton Hall,32,79,28.6,61,914,1951,0.468,681,1311,0.519,1.3,0.528
2018,34,Nevada,34,83.1,28.3,60.5,963,2056,0.468,633,1226,0.516,1.37,0.549
2018,35,North Carolina Central,34,72.8,27.3,58.6,928,1991,0.466,716,1365,0.525,1.24,0.519
2018,36,Arizona State,31,83.5,28,60.3,867,1868,0.464,590,1107,0.533,1.39,0.538
2018,37,Oklahoma,31,85.2,29.8,64.3,925,1993,0.464,629,1177,0.534,1.32,0.538
2018,38,North Carolina A&T,34,75.6,26.7,57.6,909,1959,0.464,702,1269,0.553,1.31,0.517
2018,39,Texas Tech,33,75.2,26.2,56.4,863,1860,0.464,631,1226,0.515,1.33,0.526
2018,40,Miami,31,74.2,27.4,59.1,850,1832,0.464,607,1163,0.522,1.25,0.531
2018,41,Georgia State,33,75.4,27,58.3,891,1924,0.463,584,1129,0.517,1.29,0.543
2018,42,Rhode Island,31,76.8,28.4,61.4,879,1904,0.462,669,1304,0.513,1.25,0.517
2018,43,Iona,33,79.8,28.2,61.1,931,2017,0.462,612,1195,0.512,1.31,0.541
2018,44,Virginia,33,67.5,25,54.2,825,1788,0.461,582,1165,0.5,1.25,0.529
2018,45,UCLA,32,81.9,28.3,61.4,906,1964,0.461,606,1181,0.513,1.33,0.538
2018,46,San Diego State,32,77.5,27.6,59.8,882,1913,0.461,647,1220,0.53,1.3,0.522
2018,47,Pennsylvania,31,76.7,27.3,59.4,847,1840,0.46,575,1057,0.544,1.29,0.534
2018,49,North Carolina,35,82,29.9,65.1,1048,2279,0.46,758,1483,0.511,1.26,0.523
2018,50,New Mexico State,33,75.9,28.5,61.9,939,2042,0.46,690,1294,0.533,1.23,0.521
2018,51,Charleston,33,75.1,25.8,56.2,852,1853,0.46,598,1155,0.518,1.34,0.528
2018,51,Alabama,34,72.4,25.3,55.2,860,1877,0.458,643,1208,0.532,1.31,0.516
2018,52,Long Island University,34,77.5,26.9,59,916,2005,0.457,644,1216,0.53,1.31,0.525
2018,53,Texas A&M,32,75,27.7,60.7,887,1942,0.457,676,1297,0.521,1.24,0.511
2018,54,Lipscomb,32,82.6,28.2,61.8,901,1976,0.456,641,1191,0.538,1.34,0.522
2018,55,St. Bonaventure,32,77.9,26.4,57.8,844,1851,0.456,596,1228,0.485,1.35,0.523
2018,56,Missouri,32,73.3,24.3,53.6,778,1716,0.453,480,941,0.51,1.37,0.54
2018,57,Cincinnati,33,75,26.5,58.4,873,1926,0.453,629,1245,0.505,1.29,0.517
2018,58,Clemson,32,73.3,25.3,55.8,809,1786,0.453,543,1060,0.512,1.31,0.527
2018,59,UNC Greensboro,34,73.5,26.4,59.1,896,2009,0.446,568,1092,0.52,1.24,0.528
2018,60,UMBC,34,73.9,26.1,58.6,886,1993,0.445,540,1099,0.491,1.26,0.531
2018,61,Providence,34,73.7,25.6,58.1,872,1975,0.442,655,1324,0.495,1.27,0.496
2018,62,Texas Southern,34,77.6,25.8,58.5,878,1989,0.441,612,1257,0.487,1.33,0.508
2018,63,Tennessee,32,74.3,25.3,57.3,810,1835,0.441,561,1187,0.473,1.3,0.509
2018,64,Auburn,32,83.4,27.1,61.8,868,1977,0.439,556,1125,0.494,1.35,0.518
2018,65,Texas,33,71.7,25.8,58.9,851,1943,0.438,617,1201,0.514,1.22,0.498
2018,66,Wright State,34,72.1,25.1,57.6,854,1959,0.436,621,1277,0.486,1.25,0.495
2018,67,Florida,32,76.1,26.3,60.5,841,1937,0.434,549,1159,0.474,1.26,0.51
2018,68,West Virginia,34,79.6,27.8,64,944,2176,0.434,645,1329,0.485,1.24,0.503
2018,69,Radford,34,67.4,23.6,55.4,802,1882,0.426,539,1130,0.477,1.22,0.496
2018,70,Syracuse,33,67.5,22.8,54.4,751,1796,0.418,558,1196,0.467,1.24,0.472
2017,1,UCLA,33,90.4,33.7,65,1113,2144,0.519,786,1337,0.588,1.39,0.595
2017,2,Gonzaga,33,84.6,30.4,58.6,1002,1935,0.518,761,1304,0.584,1.44,0.58
2017,3,Creighton,34,82.1,30.9,60.9,1052,2071,0.508,755,1327,0.569,1.35,0.58
2017,4,Florida Gulf Coast,33,79.4,29.6,59.1,978,1949,0.502,765,1341,0.57,1.34,0.556
2017,5,Villanova,34,77.7,26.9,54,913,1837,0.497,613,1027,0.597,1.44,0.579
2017,6,Saint Mary's,32,72,26.3,53.1,842,1698,0.496,560,992,0.565,1.36,0.579
2017,7,Vermont,34,73.6,26.9,54.4,916,1848,0.496,697,1254,0.556,1.35,0.555
2017,8,East Tennessee State,34,79.9,27.5,56,935,1904,0.491,679,1235,0.55,1.43,0.558
2017,9,Middle Tennessee,34,75,28.3,57.7,961,1962,0.49,744,1372,0.542,1.3,0.545
2017,10,Virginia Tech,32,79.3,27,55.1,864,1764,0.49,581,1061,0.548,1.44,0.57
2017,11,Marquette,31,82.5,28.8,59.2,894,1835,0.487,569,1080,0.527,1.39,0.576
2017,12,Kansas,32,82.7,29.6,60.7,946,1943,0.487,667,1254,0.532,1.36,0.559
2017,13,Florida State,33,82.5,29.8,61.6,982,2032,0.483,755,1395,0.541,1.34,0.539
2017,14,North Dakota,31,80.5,28.8,59.7,894,1850,0.483,676,1287,0.525,1.35,0.542
2017,15,Michigan,35,74.8,26.3,54.4,920,1905,0.483,592,1045,0.567,1.37,0.569
2017,16,UNC Wilmington,34,85.2,30.8,63.8,1046,2170,0.482,720,1279,0.563,1.33,0.557
2017,17,Oregon,34,79.1,28.1,58.3,954,1982,0.481,662,1209,0.548,1.36,0.555
2017,18,Bucknell,34,76.1,26.9,55.9,915,1902,0.481,638,1168,0.546,1.36,0.554
2017,19,Purdue,32,80.1,27.9,58.3,894,1864,0.48,606,1155,0.525,1.38,0.557
2017,20,Butler,31,76.3,26.8,56.1,831,1740,0.478,594,1088,0.546,1.36,0.546
2017,21,Duke,35,80.7,27.7,58,968,2030,0.477,680,1264,0.538,1.39,0.548
2017,22,Kentucky,34,85.9,30.2,63.3,1026,2152,0.477,786,1473,0.534,1.36,0.533
2017,23,Arizona,34,76.3,26.2,55.1,891,1873,0.476,662,1297,0.51,1.38,0.537
2017,24,SMU,34,74.5,26.2,55.3,890,1879,0.474,613,1197,0.512,1.35,0.547
2017,25,Wichita State,34,82.1,27.9,59,949,2005,0.473,653,1280,0.51,1.39,0.547
2017,26,Wake Forest,32,82.7,28.1,59.4,898,1902,0.472,639,1232,0.519,1.39,0.54
2017,27,North Carolina,34,84.9,31,65.9,1055,2239,0.471,809,1567,0.516,1.29,0.526
2017,28,Baylor,32,72.7,26.2,55.6,838,1779,0.471,622,1177,0.528,1.31,0.532
2017,29,New Orleans,31,73.1,25.8,54.9,801,1701,0.471,663,1272,0.521,1.33,0.511
2017,30,Dayton,31,76.5,25.9,55,802,1705,0.47,551,1056,0.522,1.39,0.544
2017,31,Iowa State,33,80.9,29.4,62.8,971,2072,0.469,642,1254,0.512,1.29,0.548
2017,32,Michigan State,33,71.7,25.8,55.1,850,1817,0.468,591,1128,0.524,1.3,0.539
2017,33,New Mexico State,33,78.9,26.8,57.4,885,1893,0.468,641,1168,0.549,1.38,0.532
2017,34,Oklahoma State,32,85.5,28.8,62.1,922,1986,0.464,635,1270,0.5,1.38,0.537
2017,35,Virginia,32,66.6,24.9,53.7,797,1717,0.464,573,1147,0.5,1.24,0.529
2017,36,VCU,34,74.7,26.9,58.4,916,1985,0.461,719,1396,0.515,1.28,0.511
2017,37,Arkansas,34,79.8,27.7,60.2,943,2046,0.461,721,1436,0.502,1.33,0.515
2017,38,Notre Dame,34,78,27.6,59.8,937,2033,0.461,617,1203,0.513,1.3,0.54
2017,39,Northern Kentucky,34,76.1,26.5,57.8,902,1964,0.459,610,1137,0.536,1.32,0.534
2017,40,South Dakota State,34,77.6,25.4,55.3,863,1880,0.459,550,1017,0.541,1.4,0.542
2017,41,Kansas State,33,71.7,24.8,54,817,1782,0.458,583,1133,0.515,1.33,0.524
2017,42,West Virginia,34,82,29,63.3,986,2153,0.458,729,1442,0.506,1.29,0.518
2017,43,Jacksonville State,34,69.7,24.5,53.6,834,1823,0.457,586,1157,0.506,1.3,0.526
2017,44,Troy,36,78.4,26.6,58.2,958,2095,0.457,652,1250,0.522,1.35,0.53
2017,45,North Carolina Central,33,75.1,26.8,58.7,886,1938,0.457,636,1203,0.529,1.28,0.522
2017,46,Winthrop,32,79.7,27.1,59.2,866,1895,0.457,562,1081,0.52,1.35,0.537
2017,47,Louisville,32,77.5,27.9,61.3,893,1961,0.455,665,1325,0.502,1.27,0.514
2017,48,Iona,34,80.5,28,61.5,951,2091,0.455,619,1255,0.493,1.31,0.534
2017,49,Cincinnati,34,74.5,26.9,59.3,916,2016,0.454,664,1282,0.518,1.26,0.517
2017,50,Xavier,34,74.6,25.8,56.7,876,1929,0.454,637,1226,0.52,1.32,0.516
2017,51,USC,33,78.7,27.2,59.9,897,1977,0.454,638,1264,0.505,1.31,0.519
2017,52,Miami,32,69.4,24.8,54.6,792,1748,0.453,587,1177,0.499,1.27,0.512
2017,53,Rhode Island,33,73.4,26.1,57.6,860,1901,0.452,653,1292,0.505,1.27,0.507
2017,54,Princeton,29,72.1,25.9,57.2,750,1659,0.452,460,901,0.511,1.26,0.539
2017,55,Wisconsin,34,71.9,26.2,58,891,1972,0.452,634,1249,0.508,1.24,0.517
2017,56,Maryland,32,74.2,25.2,55.8,805,1786,0.451,540,1056,0.511,1.33,0.525
2017,57,Seton Hall,32,73.3,26.4,58.7,846,1879,0.45,650,1299,0.5,1.25,0.502
2017,58,Nevada,34,80,26.7,59.3,907,2017,0.45,595,1206,0.493,1.35,0.527
2017,59,Florida,32,78.3,26.6,59.2,851,1893,0.45,603,1208,0.499,1.32,0.515
2017,60,Providence,32,70.3,24.3,54.5,779,1744,0.447,549,1119,0.491,1.29,0.513
2017,61,Mount St. Mary's,34,68.3,24.4,55.1,831,1873,0.444,585,1183,0.495,1.24,0.509
2017,62,UC Davis,34,70.5,24.4,55.8,830,1898,0.437,618,1299,0.476,1.26,0.493
2017,63,Northwestern,34,71.1,25.3,58,860,1973,0.436,619,1266,0.489,1.23,0.497
2017,64,Minnesota,33,75.3,26.2,60.2,863,1985,0.435,660,1396,0.473,1.25,0.486
2017,65,Vanderbilt,34,71.3,23.4,54.1,794,1841,0.431,457,946,0.483,1.32,0.523
2017,66,Texas Southern,34,74.4,24.8,57.6,844,1957,0.431,646,1289,0.501,1.29,0.482
2017,67,Kent State,35,76.9,27.3,63.8,955,2232,0.428,707,1451,0.487,1.21,0.483
2017,68,South Carolina,32,72.1,24.6,59.3,787,1899,0.414,571,1260,0.453,1.21,0.471
2016,1,Iowa State,32,81.8,31.2,62.2,998,1990,0.502,733,1293,0.567,1.32,0.568
2016,2,Indiana,32,82.3,29.2,58.3,934,1864,0.501,618,1102,0.561,1.41,0.586
2016,3,Kansas,34,81.6,28.7,58.1,976,1974,0.494,693,1310,0.529,1.4,0.566
2016,4,Utah,34,77.6,27.3,55.8,928,1898,0.489,669,1185,0.565,1.39,0.557
2016,5,Maryland,33,76.1,26.5,54.4,876,1794,0.488,624,1121,0.557,1.4,0.559
2016,6,Virginia,33,70.4,25.7,52.8,849,1743,0.487,651,1254,0.519,1.33,0.544
2016,7,Gonzaga,33,79.7,28.2,57.9,929,1910,0.486,671,1228,0.546,1.38,0.554
2016,8,Michigan State,33,80.2,28.9,59.5,954,1964,0.486,652,1270,0.513,1.35,0.563
2016,9,Weber State,34,76.7,26.1,53.9,887,1831,0.484,600,1063,0.564,1.42,0.563
2016,10,Stephen F. Austin,32,80.7,28.9,59.8,926,1915,0.484,672,1224,0.549,1.35,0.55
2016,11,Arizona,33,81.2,28.1,58.2,926,1922,0.482,711,1360,0.523,1.39,0.538
2016,12,North Carolina,34,82.3,30.8,64.3,1047,2187,0.479,864,1604,0.539,1.28,0.521
2016,13,Kentucky,33,79.6,28.6,59.7,943,1971,0.478,717,1358,0.528,1.33,0.536
2016,14,Miami,32,75.6,26.2,54.9,837,1756,0.477,618,1157,0.534,1.38,0.539
2016,15,Florida Gulf Coast,33,77,28.8,60.3,949,1991,0.477,773,1498,0.516,1.28,0.521
2016,16,Stony Brook,32,76.8,28.5,59.9,913,1917,0.476,696,1333,0.522,1.28,0.533
2016,17,Purdue,33,78.2,27.7,58.3,913,1925,0.474,657,1237,0.531,1.34,0.541
2016,18,Notre Dame,32,75.7,27.2,57.6,869,1844,0.471,634,1207,0.525,1.31,0.535
2016,19,Yale,28,75.2,26.6,56.4,744,1580,0.471,563,1096,0.514,1.33,0.528
2016,20,Villanova,34,77,26.6,56.9,905,1936,0.467,614,1089,0.564,1.35,0.543
2016,21,Oregon,34,78.8,27.4,58.7,933,1997,0.467,699,1327,0.527,1.34,0.526
2016,22,Baylor,33,77.2,27.4,58.6,903,1935,0.467,699,1379,0.507,1.32,0.519
2016,23,Michigan,34,74.3,26.4,56.6,898,1926,0.466,572,1077,0.531,1.31,0.551
2016,24,Butler,31,80.6,28,60.1,868,1864,0.466,648,1295,0.5,1.34,0.525
2016,25,Austin Peay,35,76,26.3,56.8,920,1988,0.463,701,1358,0.516,1.34,0.518
2016,26,Fairleigh Dickinson,32,77.9,28.3,61.2,906,1958,0.463,676,1325,0.51,1.27,0.521
2016,27,Hawai'i,32,77.6,26.3,57,843,1824,0.462,613,1120,0.547,1.36,0.525
2016,28,California,33,75.1,26.3,57,867,1881,0.461,634,1249,0.508,1.32,0.523
2016,29,Vanderbilt,32,76.8,26.3,57.1,841,1826,0.461,571,1131,0.505,1.35,0.535
2016,30,Pittsburgh,32,76,26.9,58.5,860,1871,0.46,659,1293,0.51,1.3,0.513
2016,31,Dayton,32,73.2,25.6,55.6,818,1780,0.46,603,1160,0.52,1.32,0.52
2016,32,UConn,33,73.5,26.6,57.9,878,1911,0.459,647,1275,0.507,1.27,0.52
2016,33,Duke,33,81.5,27.4,59.8,905,1972,0.459,599,1181,0.507,1.36,0.537
2016,34,Oklahoma,32,80.4,27.6,60.3,884,1928,0.459,550,1144,0.481,1.33,0.545
2016,35,UNC Asheville,33,75.6,26.6,58.1,877,1916,0.458,687,1330,0.517,1.3,0.507
2016,36,USC,33,80.8,28.9,63.2,954,2085,0.458,694,1410,0.492,1.28,0.52
2016,37,Northern Iowa,34,68,23.6,51.5,801,1751,0.457,523,1009,0.518,1.32,0.537
2016,38,Chattanooga,34,75.8,25.6,56,869,1904,0.456,610,1192,0.512,1.35,0.524
2016,39,Little Rock,32,71,25.3,55.5,810,1775,0.456,567,1152,0.492,1.28,0.525
2016,40,Iona,32,79.6,27.8,60.8,888,1947,0.456,568,1087,0.523,1.31,0.538
2016,41,UNC Wilmington,32,79.2,28.1,61.6,898,1971,0.456,679,1320,0.514,1.29,0.511
2016,42,West Virginia,34,79.2,27.3,60.3,927,2050,0.452,721,1423,0.507,1.31,0.502
2016,43,Xavier,32,81.3,27.4,60.6,876,1938,0.452,633,1266,0.5,1.34,0.515
2016,44,VCU,33,77.3,28,62.1,925,2048,0.452,685,1383,0.495,1.25,0.51
2016,45,CSU Bakersfield,32,73,26.5,58.8,849,1881,0.451,675,1375,0.491,1.24,0.498
2016,46,South Dakota State,33,76.3,25.8,57.3,853,1891,0.451,608,1205,0.505,1.33,0.516
2016,47,Middle Tennessee,33,72.7,26,57.6,857,1902,0.451,597,1229,0.486,1.26,0.519
2016,48,Iowa,31,78.1,27.6,61.2,855,1898,0.45,600,1231,0.487,1.28,0.518
2016,49,Texas A&M,33,75.9,26.6,59.1,878,1950,0.45,623,1228,0.507,1.28,0.516
2016,50,Seton Hall,33,74.8,26.4,58.7,872,1937,0.45,670,1364,0.491,1.28,0.502
2016,51,Saint Joseph's,33,77.3,27,60.1,891,1984,0.449,655,1264,0.518,1.29,0.509
2016,52,Green Bay,35,84.2,29.3,65.5,1027,2294,0.448,781,1591,0.491,1.29,0.501
2016,53,Texas Tech,31,72.4,24.5,54.8,760,1700,0.447,582,1183,0.492,1.32,0.499
2016,54,Southern,34,72.9,26.1,58.6,887,1991,0.446,679,1401,0.485,1.25,0.498
2016,55,Tulsa,31,74,25.7,57.8,796,1793,0.444,580,1137,0.51,1.28,0.504
2016,56,Oregon State,31,72.1,25.4,57.5,786,1783,0.441,575,1213,0.474,1.25,0.5
2016,57,Buffalo,34,77.6,26.2,59.9,892,2037,0.438,639,1287,0.497,1.29,0.5
2016,58,Fresno State,34,75.3,26.5,61,900,2073,0.434,688,1453,0.474,1.24,0.485
2016,59,Wichita State,32,73.2,25,57.7,801,1846,0.434,567,1136,0.499,1.27,0.497
2016,60,Texas,32,71.3,24.7,57.1,789,1828,0.432,566,1171,0.483,1.25,0.493
2016,61,Wisconsin,32,68.9,23.5,54.6,751,1748,0.43,540,1158,0.466,1.26,0.49
2016,62,Cincinnati,32,73.2,25.7,60.2,823,1925,0.428,581,1224,0.475,1.22,0.49
2016,63,Syracuse,32,70.2,23.9,56.1,766,1796,0.427,486,1020,0.476,1.25,0.504
2016,64,Colorado,33,76,25.5,60,842,1979,0.425,592,1342,0.441,1.27,0.489
2016,65,Providence,33,74,25.2,59.8,833,1974,0.422,599,1245,0.481,1.24,0.481
2016,66,Hampton,31,74.8,25.6,61.6,793,1911,0.415,590,1252,0.471,1.21,0.468
2016,67,Holy Cross,33,65.3,22.3,54.1,737,1785,0.413,501,1064,0.471,1.21,0.479
2016,68,Temple,32,68.7,24.8,61.2,792,1957,0.405,541,1218,0.444,1.12,0.469
2015,1,Gonzaga,34,79.1,28.6,54.6,973,1856,0.524,731,1263,0.579,1.45,0.589
2015,2,Notre Dame,34,78.8,27.8,54.5,945,1853,0.51,664,1137,0.584,1.45,0.586
2015,3,Duke,33,80.6,28.6,57,944,1880,0.502,694,1232,0.563,1.41,0.569
2015,4,Stephen F. Austin,33,79.5,27.1,55.1,894,1819,0.491,637,1153,0.552,1.44,0.562
2015,5,Arizona,34,76.4,26.7,54.6,908,1855,0.489,736,1377,0.534,1.4,0.536
2015,6,Lafayette,32,74.2,26.6,54.5,851,1744,0.488,594,1122,0.529,1.36,0.562
2015,7,Ohio State,33,75.8,27.8,57.2,916,1886,0.486,691,1281,0.539,1.33,0.545
2015,8,Northeastern,34,68.6,23.9,49.1,811,1670,0.486,611,1155,0.529,1.4,0.546
2015,9,Utah,32,72.1,24.6,50.8,788,1624,0.485,541,1013,0.534,1.42,0.561
2015,10,Northern Iowa,33,65.4,22.3,46.2,735,1523,0.483,493,914,0.539,1.42,0.562
2015,11,Georgia State,33,72,25.9,53.9,854,1778,0.48,691,1286,0.537,1.34,0.526
2015,12,Iowa State,33,78.4,27.8,57.8,916,1908,0.48,659,1205,0.547,1.36,0.547
2015,13,Eastern Washington,34,80.8,28,58.3,951,1981,0.48,616,1149,0.536,1.39,0.565
2015,14,Wisconsin,34,71.9,25.3,52.7,860,1793,0.48,623,1130,0.551,1.36,0.546
2015,15,SMU,33,69.4,24.6,51.4,812,1695,0.479,674,1311,0.514,1.35,0.52
2015,16,Belmont,32,74.5,26,54.6,831,1746,0.476,510,905,0.564,1.36,0.568
2015,17,North Carolina,35,77.9,29.1,61.3,1019,2144,0.475,852,1660,0.513,1.27,0.514
2015,18,Xavier,34,73.6,26,55,885,1870,0.473,671,1257,0.534,1.34,0.53
2015,19,Davidson,31,79.9,28.3,60,877,1861,0.471,540,1012,0.534,1.33,0.562
2015,20,Michigan State,34,71.9,26.5,56.2,901,1912,0.471,645,1249,0.516,1.28,0.538
2015,21,Villanova,34,76.3,25.3,53.9,861,1833,0.47,555,1046,0.531,1.41,0.553
2015,22,North Florida,34,75.7,25.6,54.6,872,1858,0.469,564,1070,0.527,1.39,0.552
2015,23,Kentucky,34,74.9,26,55.4,883,1884,0.469,698,1355,0.515,1.35,0.518
2015,24,BYU,34,83.6,27.9,59.8,948,2032,0.467,663,1298,0.511,1.4,0.537
2015,25,Indiana,33,77.5,27.2,58.5,899,1930,0.466,591,1166,0.507,1.32,0.546
2015,26,New Mexico State,33,68.5,23.9,51.3,788,1692,0.466,628,1257,0.5,1.34,0.513
2015,27,Dayton,33,68.2,22.7,49.1,750,1620,0.463,537,1015,0.529,1.39,0.529
2015,28,Virginia,32,65.3,23.8,51.4,761,1644,0.463,599,1195,0.501,1.27,0.512
2015,29,Wyoming,34,61.7,21.4,46.3,726,1573,0.462,526,953,0.552,1.33,0.525
2015,30,UC Irvine,33,67.9,25.2,54.5,830,1799,0.461,618,1255,0.492,1.25,0.52
2015,31,Oregon,34,75.6,27.6,59.7,937,2031,0.461,689,1343,0.513,1.26,0.522
2015,32,Valparaiso,33,69.8,24.8,53.9,817,1780,0.459,593,1187,0.5,1.29,0.522
2015,33,Wofford,34,67,23.5,51.3,800,1745,0.458,585,1173,0.499,1.31,0.52
2015,34,Boise State,33,70.8,24.5,53.6,809,1768,0.458,518,1030,0.503,1.32,0.54
2015,35,LSU,32,73.7,27.1,59.4,868,1902,0.456,684,1359,0.503,1.24,0.505
2015,36,Georgetown,31,70.7,24.2,53.2,750,1650,0.455,569,1129,0.504,1.33,0.509
2015,37,Purdue,33,70,24.3,53.6,801,1768,0.453,610,1197,0.51,1.31,0.508
2015,38,Cincinnati,32,62.4,22.4,49.4,716,1581,0.453,555,1098,0.505,1.26,0.504
2015,39,Arkansas,34,78,27.4,61.3,932,2083,0.447,705,1435,0.491,1.27,0.502
2015,40,Wichita State,32,69.7,24.5,54.9,784,1756,0.446,560,1137,0.493,1.27,0.51
2015,41,Robert Morris,33,69,24.3,54.5,802,1798,0.446,591,1243,0.475,1.27,0.505
2015,42,Texas Southern,34,68.2,23.4,52.6,794,1789,0.444,614,1227,0.5,1.3,0.494
2015,43,Providence,33,70.2,24.5,55.5,808,1830,0.442,647,1310,0.494,1.27,0.486
2015,44,St. John's,32,71.2,25.3,57.2,808,1831,0.441,613,1279,0.479,1.24,0.495
2015,45,UCLA,33,72,25.7,58.4,849,1927,0.441,644,1363,0.472,1.23,0.494
2015,46,Albany,32,65.5,22.1,50.2,706,1605,0.44,509,1058,0.481,1.31,0.501
2015,47,Kansas,34,71.2,24.2,55,822,1869,0.44,624,1341,0.465,1.3,0.493
2015,48,Oklahoma State,31,67.3,22.8,51.8,706,1607,0.439,490,989,0.495,1.3,0.507
2015,49,Coastal Carolina,33,71.7,24.5,55.8,808,1841,0.439,587,1220,0.481,1.29,0.499
2015,50,Butler,32,69.6,24.3,55.3,777,1771,0.439,593,1257,0.472,1.26,0.491
2015,51,Maryland,33,69.5,22.5,51.3,741,1693,0.438,500,1046,0.478,1.35,0.509
2015,52,NC State,33,70.4,24.8,56.8,820,1875,0.437,601,1269,0.474,1.24,0.496
2015,53,Oklahoma,32,71.9,25.6,58.6,818,1874,0.436,602,1245,0.484,1.23,0.494
2015,54,Texas,33,67.9,23.6,54.2,779,1787,0.436,573,1180,0.486,1.25,0.494
2015,55,Harvard,29,64.2,22.4,51.5,650,1493,0.435,509,1094,0.465,1.25,0.483
2015,56,Georgia,32,68.3,22.8,52.3,728,1673,0.435,548,1149,0.477,1.31,0.489
2015,57,Buffalo,32,75,25.5,58.7,817,1878,0.435,624,1311,0.476,1.28,0.486
2015,58,Manhattan,32,69.9,22.9,52.7,733,1686,0.435,524,1071,0.489,1.33,0.497
2015,59,Baylor,33,69.5,24.1,55.5,794,1831,0.434,565,1224,0.462,1.25,0.496
2015,60,North Dakota State,32,64.5,22.3,51.8,714,1659,0.43,494,1080,0.457,1.24,0.497
2015,61,UAB,34,68.9,24.1,56.1,820,1907,0.43,633,1344,0.471,1.23,0.479
2015,62,Louisville,32,69.2,24.5,57.1,783,1827,0.429,602,1232,0.489,1.21,0.478
2015,63,Iowa,32,69.4,23.7,55.5,758,1776,0.427,577,1231,0.469,1.25,0.478
2015,64,Ole Miss,32,72.6,24.6,57.8,788,1850,0.426,581,1238,0.469,1.26,0.482
2015,65,VCU,35,72.5,24.9,59.3,872,2076,0.42,589,1248,0.472,1.22,0.488
2015,66,San Diego State,34,61.8,22.2,53.1,756,1805,0.419,578,1249,0.463,1.16,0.468
2015,67,West Virginia,32,73.9,25.4,61.7,813,1975,0.412,600,1306,0.459,1.2,0.466
2015,68,Hampton,33,67.2,22.8,56,753,1847,0.408,566,1232,0.459,1.2,0.458
2014,1,North Dakota State,31,76.4,27.3,53.6,846,1661,0.509,678,1203,0.564,1.43,0.56
2014,2,Creighton,33,79.5,27.5,55.1,907,1818,0.499,565,1006,0.562,1.44,0.593
2014,3,Gonzaga,34,76.9,27.2,54.7,925,1859,0.498,685,1250,0.548,1.41,0.562
2014,4,Kansas,33,79.6,27.4,55.3,904,1826,0.495,720,1293,0.557,1.44,0.545
2014,5,American,32,63.9,23,46.6,737,1490,0.495,534,959,0.557,1.37,0.563
2014,6,New Mexico State,35,77.2,26,52.9,910,1853,0.491,721,1346,0.536,1.46,0.542
2014,7,UCLA,34,81.8,29.1,59.3,988,2016,0.49,771,1461,0.528,1.38,0.544
2014,8,Eastern Kentucky,33,79,26,53.1,859,1753,0.49,556,977,0.569,1.49,0.576
2014,9,Weber State,30,73.2,23.9,49.6,716,1488,0.481,501,939,0.534,1.48,0.553
2014,10,Michigan,32,75,25.9,53.8,828,1722,0.481,554,1034,0.536,1.39,0.56
2014,11,Memphis,32,77.6,28.3,59.2,907,1895,0.479,734,1378,0.533,1.31,0.524
2014,12,Mercer,34,79.3,27.4,57.7,933,1963,0.475,656,1242,0.528,1.37,0.546
2014,13,Michigan State,33,76.2,27.3,57.5,900,1899,0.474,628,1216,0.516,1.32,0.546
2014,14,Louisville,34,82.1,28.9,61,983,2075,0.474,709,1337,0.53,1.35,0.54
2014,15,Iowa State,33,82.9,29.3,62.1,966,2049,0.471,692,1268,0.546,1.33,0.538
2014,16,Xavier,33,72.2,25.6,54.4,846,1795,0.471,674,1309,0.515,1.33,0.519
2014,17,Louisiana,33,81.4,28.2,60.2,931,1986,0.469,700,1358,0.515,1.35,0.527
2014,18,Arizona,34,73.1,26.2,56,892,1904,0.468,712,1399,0.509,1.3,0.516
2014,19,Saint Joseph's,32,71.5,24.7,52.7,789,1685,0.468,552,1063,0.519,1.36,0.539
2014,20,Oregon,32,81.8,27.4,58.6,877,1874,0.468,628,1239,0.507,1.4,0.534
2014,21,Harvard,30,73.6,24.9,53.2,746,1596,0.467,574,1151,0.499,1.38,0.521
2014,22,BYU,34,84.2,29.2,62.5,992,2125,0.467,820,1646,0.498,1.35,0.507
2014,23,Dayton,33,73.4,25.7,55.1,847,1817,0.466,630,1243,0.507,1.33,0.526
2014,24,Western Michigan,32,72.5,23.8,51.1,762,1635,0.466,571,1060,0.539,1.42,0.524
2014,25,Duke,33,79.1,26.8,57.4,883,1895,0.466,590,1145,0.515,1.38,0.543
2014,26,Oklahoma State,33,80.3,26.4,56.8,872,1876,0.465,636,1235,0.515,1.41,0.528
2014,27,Iowa,32,82,28,60.2,895,1926,0.465,708,1396,0.507,1.36,0.513
2014,28,Stephen F. Austin,33,76.5,26.5,57.1,875,1884,0.464,640,1209,0.529,1.34,0.527
2014,29,Stanford,33,73.5,25.3,54.4,834,1796,0.464,639,1270,0.503,1.35,0.519
2014,40,George Washington,32,73.4,25.4,54.9,814,1756,0.464,629,1254,0.502,1.34,0.516
2014,31,Florida,33,71,24.4,52.8,806,1741,0.463,581,1127,0.516,1.35,0.528
2014,32,North Carolina,32,76.3,27.7,59.9,887,1916,0.463,753,1517,0.496,1.27,0.498
2014,33,North Carolina Central,33,73.9,24.8,53.5,817,1767,0.462,638,1238,0.515,1.38,0.513
2014,34,Texas Southern,33,76.2,25.2,54.7,833,1804,0.462,620,1214,0.511,1.39,0.521
2014,35,Pittsburgh,34,72.5,24.9,53.9,845,1832,0.461,670,1341,0.5,1.34,0.509
2014,36,New Mexico,33,74.6,25.1,54.5,828,1798,0.461,635,1226,0.518,1.37,0.514
2014,37,UMass,32,76.1,27.3,59.2,872,1895,0.46,698,1394,0.501,1.28,0.506
2014,38,Villanova,32,78.5,25.8,56.1,824,1794,0.459,535,993,0.539,1.4,0.54
2014,39,Wichita State,34,75.5,24.9,54.2,846,1842,0.459,612,1170,0.523,1.39,0.523
2014,40,NC State,34,70.8,26.3,57.3,893,1947,0.459,741,1445,0.513,1.24,0.498
2014,41,Wisconsin,33,73.5,24.2,52.9,799,1745,0.458,543,1059,0.513,1.39,0.531
2014,42,Baylor,35,75.2,25.5,56.1,894,1963,0.455,629,1284,0.49,1.34,0.523
2014,43,Kentucky,33,76.4,25.4,55.9,838,1846,0.454,668,1325,0.504,1.37,0.5
2014,44,Virginia,33,65.8,23.1,51.1,763,1686,0.453,581,1185,0.49,1.29,0.507
2014,45,Wofford,32,67.7,24.7,54.7,790,1751,0.451,595,1226,0.485,1.24,0.507
2014,46,Manhattan,32,77.4,25.2,55.8,805,1786,0.451,600,1227,0.489,1.39,0.508
2014,47,Oklahoma,32,82.2,27.6,61.3,884,1962,0.451,611,1240,0.493,1.34,0.52
2014,48,Arizona State,32,75,25.3,56.1,809,1796,0.45,549,1123,0.489,1.34,0.523
2014,49,Ohio State,34,69.8,24.1,53.7,819,1825,0.449,622,1220,0.51,1.3,0.503
2014,50,UConn,34,71.9,24.4,54.4,829,1849,0.448,587,1224,0.48,1.32,0.514
2014,51,Tennessee,33,71.3,24.7,55.3,816,1826,0.447,627,1263,0.496,1.29,0.499
2014,52,Delaware,34,79.5,26.9,60.4,916,2053,0.446,672,1346,0.499,1.32,0.506
2014,53,Saint Louis,32,70,24.3,54.8,777,1752,0.443,596,1184,0.503,1.28,0.495
2014,54,Tulsa,33,73.1,24.7,55.8,814,1842,0.442,624,1258,0.496,1.31,0.493
2014,55,Mount St. Mary's,32,76.3,25.7,58.2,821,1863,0.441,537,1066,0.504,1.31,0.517
2014,56,Albany,32,66,22.4,51.1,718,1635,0.439,561,1204,0.466,1.29,0.487
2014,57,Coastal Carolina,33,72.7,25.5,58.2,840,1919,0.438,637,1310,0.486,1.25,0.491
2014,58,San Diego State,33,70.6,24.5,56.1,810,1852,0.437,641,1380,0.464,1.26,0.483
2014,59,Syracuse,32,68.2,24.1,55.1,770,1762,0.437,610,1284,0.475,1.24,0.482
2014,60,Colorado,34,70.9,23.5,53.8,799,1829,0.437,622,1276,0.487,1.32,0.485
2014,61,Kansas State,32,69.7,24.3,55.8,779,1787,0.436,586,1210,0.484,1.25,0.49
2014,62,Milwaukee,34,70.9,23.2,53.7,790,1825,0.433,551,1095,0.503,1.32,0.498
2014,63,Texas,33,74.1,25.8,59.8,851,1975,0.431,682,1454,0.469,1.24,0.474
2014,64,Cincinnati,33,68.7,23.8,55.6,784,1836,0.427,592,1263,0.469,1.24,0.479
2014,65,Nebraska,31,67,22.5,52.6,696,1630,0.427,512,1087,0.471,1.27,0.483
2014,66,Providence,34,73.2,24.1,56.8,821,1931,0.425,607,1319,0.46,1.29,0.481
2014,67,VCU,33,75.4,26.3,62.6,868,2066,0.42,621,1362,0.456,1.2,0.48
2014,68,Cal Poly,32,63.2,22.3,54.4,713,1741,0.41,506,1130,0.448,1.16,0.469
2013,1,Creighton,34,75.4,26.7,52.6,907,1787,0.508,609,1079,0.564,1.43,0.591
2013,2,Gonzaga,33,77.6,27.8,55.2,917,1820,0.504,707,1254,0.564,1.41,0.562
2013,3,Belmont,32,77.2,27.7,56,886,1793,0.494,615,1091,0.564,1.38,0.57
2013,4,NC State,34,77.5,28.1,56.9,956,1935,0.494,776,1477,0.525,1.36,0.541
2013,5,Valparaiso,33,71.7,24.4,49.8,804,1645,0.489,558,990,0.564,1.44,0.564
2013,6,Indiana,33,80,26.9,55.3,887,1824,0.486,646,1238,0.522,1.45,0.552
2013,7,Florida,32,71.9,26.3,54.4,843,1740,0.484,577,1043,0.553,1.32,0.561
2013,8,Michigan,33,75.2,28,57.8,923,1908,0.484,676,1263,0.535,1.3,0.548
2013,9,Long Island University,33,79.5,27.1,56,894,1849,0.484,651,1218,0.534,1.42,0.549
2013,10,Harvard,28,68.9,22.8,47.4,639,1326,0.482,461,882,0.523,1.46,0.549
2013,11,Kansas,34,75.4,26.6,55.5,905,1886,0.48,700,1328,0.527,1.36,0.534
2013,12,Memphis,34,75.9,27.6,57.6,937,1958,0.479,727,1404,0.518,1.32,0.532
2013,13,Duke,32,78.3,27.3,57.4,875,1837,0.476,627,1226,0.511,1.36,0.544
2013,14,Pittsburgh,32,69.6,25.6,53.8,818,1721,0.475,656,1271,0.516,1.29,0.522
2013,15,Saint Mary's,33,75.5,26.4,55.6,870,1835,0.474,608,1136,0.535,1.36,0.546
2013,16,Montana,31,71.1,24.2,51,749,1581,0.474,534,1023,0.522,1.39,0.542
2013,17,South Dakota State,34,73.9,26.1,55.5,887,1887,0.47,621,1212,0.512,1.33,0.541
2013,18,Marquette,31,69,24.5,52.5,760,1629,0.467,628,1190,0.528,1.31,0.507
2013,19,Middle Tennessee,33,71.2,25,54,826,1783,0.463,649,1315,0.494,1.32,0.513
2013,20,Notre Dame,34,70.4,25.6,55.2,870,1878,0.463,646,1278,0.505,1.27,0.523
2013,21,Davidson,33,73.7,24.8,53.5,818,1767,0.463,568,1090,0.521,1.38,0.534
2013,22,New Mexico State,34,68,24,52,815,1767,0.461,680,1345,0.506,1.31,0.499
2013,23,Northwestern State,31,81,29.1,63.1,901,1956,0.461,715,1370,0.522,1.28,0.508
2013,24,Florida Gulf Coast,34,73.1,26.5,57.6,902,1960,0.46,672,1282,0.524,1.27,0.519
2013,25,Michigan State,33,68.2,24.5,53.4,810,1761,0.46,646,1281,0.504,1.28,0.507
2013,26,Missouri,33,76.2,27.3,59.3,900,1958,0.46,692,1346,0.514,1.28,0.513
2013,27,Boise State,31,73.3,25.7,56,798,1737,0.459,556,1118,0.497,1.31,0.529
2013,28,Miami,32,69.4,24.9,54.3,797,1739,0.458,584,1133,0.515,1.28,0.52
2013,29,Iona,33,80.7,28.3,61.8,933,2041,0.457,656,1298,0.505,1.3,0.525
2013,30,Akron,32,72.7,26.2,57.2,837,1831,0.457,609,1155,0.527,1.27,0.519
2013,31,Georgetown,31,64.6,23,50.4,713,1563,0.456,531,1054,0.504,1.28,0.514
2013,32,Ohio State,32,69.9,25.2,55.3,807,1771,0.456,609,1220,0.499,1.26,0.512
2013,33,Bucknell,33,67.3,24.1,52.9,795,1745,0.456,643,1323,0.486,1.27,0.499
2013,34,UCLA,34,74.7,27.7,60.8,941,2068,0.455,774,1576,0.491,1.23,0.495
2013,35,Iowa State,33,79.6,27.6,60.6,910,2000,0.455,585,1122,0.521,1.31,0.536
2013,36,Butler,34,69.3,24.3,53.5,825,1820,0.453,600,1173,0.512,1.29,0.515
2013,37,VCU,33,78,28.3,62.5,933,2064,0.452,666,1314,0.507,1.25,0.517
2013,38,Pacific,34,67.5,23.7,52.5,806,1785,0.452,590,1221,0.483,1.29,0.512
2013,39,Arizona,32,73.3,25,55.7,801,1781,0.45,556,1106,0.503,1.32,0.519
2013,40,La Salle,30,72.4,25.7,57.4,772,1722,0.448,544,1107,0.491,1.26,0.515
2013,41,Colorado State,33,73.1,25.4,56.7,837,1870,0.448,669,1364,0.49,1.29,0.493
2013,42,Saint Louis,32,68.9,23.3,52,745,1665,0.447,547,1094,0.5,1.32,0.507
2013,43,Oregon,34,71.7,25.5,57,866,1937,0.447,695,1407,0.494,1.26,0.491
2013,44,California,31,67.5,25.3,56.8,785,1760,0.446,660,1349,0.489,1.19,0.482
2013,45,Louisville,34,73.6,25.9,58.1,879,1974,0.445,681,1375,0.495,1.27,0.495
2013,46,North Carolina,33,77.2,28.8,64.8,950,2139,0.444,708,1487,0.476,1.19,0.501
2013,47,Wichita State,34,69.4,24.6,55.5,836,1887,0.443,612,1222,0.501,1.25,0.502
2013,48,Minnesota,32,68.4,23.9,54,764,1727,0.442,597,1215,0.491,1.27,0.491
2013,49,Syracuse,35,71.3,25.7,58.3,899,2042,0.44,687,1408,0.488,1.22,0.492
2013,50,Oklahoma State,32,72.4,24.8,56.3,793,1802,0.44,615,1239,0.496,1.29,0.489
2013,51,UNLV,34,71.7,25.1,57.1,853,1943,0.439,632,1274,0.496,1.25,0.496
2013,52,San Diego State,32,69.2,24.6,56.2,788,1799,0.438,600,1219,0.492,1.23,0.49
2013,53,Albany,34,64.4,21.8,49.9,742,1696,0.438,538,1136,0.474,1.29,0.498
2013,54,Ole Miss,33,78.2,27.2,62.2,898,2053,0.437,671,1368,0.49,1.26,0.493
2013,55,Colorado,32,68.2,23.7,54.3,758,1737,0.436,585,1239,0.472,1.26,0.486
2013,56,Oklahoma,31,71.1,25.2,57.7,780,1789,0.436,626,1317,0.475,1.23,0.479
2013,57,Kansas State,34,69.2,24.9,57.2,848,1945,0.436,614,1300,0.472,1.21,0.496
2013,58,Southern,32,67.7,23.2,53.5,743,1711,0.434,527,1115,0.473,1.27,0.497
2013,59,Western Kentucky,35,67.2,23.3,54.1,816,1893,0.431,593,1204,0.493,1.24,0.49
2013,60,Temple,32,72.8,25.2,58.6,806,1874,0.43,573,1176,0.487,1.24,0.492
2013,61,Liberty,35,69.1,23.3,54.3,815,1900,0.429,574,1254,0.458,1.27,0.492
2013,62,Wisconsin,33,66.2,23.9,56.2,790,1853,0.426,541,1117,0.484,1.18,0.494
2013,63,New Mexico,34,67.4,22,51.7,747,1759,0.425,529,1144,0.462,1.3,0.487
2013,64,James Madison,34,65.2,22.5,53.6,766,1823,0.42,571,1238,0.461,1.22,0.474
2013,65,Illinois,34,69.1,24.1,58,819,1971,0.416,554,1156,0.479,1.19,0.483
2013,66,Villanova,33,67.8,21.4,51.5,705,1698,0.415,505,1102,0.458,1.32,0.474
2013,67,Cincinnati,33,66.6,23.2,57.5,764,1899,0.402,539,1190,0.453,1.16,0.462
2013,68,North Carolina A&T,35,62.2,20.9,52.4,732,1834,0.399,531,1161,0.457,1.19,0.454
2012,1,Creighton,33,80,28,55.1,925,1817,0.509,655,1181,0.555,1.45,0.583
2012,2,Iona,32,83.3,30.9,61.3,990,1963,0.504,742,1332,0.557,1.36,0.567
2012,3,Missouri,34,80.3,28,55.6,952,1890,0.504,672,1182,0.569,1.44,0.578
2012,4,Memphis,34,75.3,26.8,54.3,912,1845,0.494,729,1349,0.54,1.39,0.544
2012,5,Indiana,33,77.3,26,53.3,857,1759,0.487,646,1272,0.508,1.45,0.547
2012,6,Kentucky,33,77.1,27.5,56.4,906,1860,0.487,717,1363,0.526,1.37,0.538
2012,7,Ohio State,33,75.1,27.7,56.9,913,1879,0.486,752,1390,0.541,1.32,0.529
2012,8,Wichita State,32,77.7,27.8,57.2,888,1830,0.485,663,1226,0.541,1.36,0.547
2012,9,Kansas,33,75,26.6,54.9,879,1812,0.485,681,1259,0.541,1.37,0.54
2012,10,UNC Asheville,33,81.2,27.2,56.3,899,1858,0.484,685,1252,0.547,1.44,0.541
2012,11,Belmont,34,81.5,28.1,58,954,1972,0.484,655,1182,0.554,1.41,0.56
2012,12,California,33,71.7,26.4,55.2,872,1820,0.479,719,1404,0.512,1.3,0.521
2012,13,Murray State,31,74.2,24.9,52.2,771,1617,0.477,541,1051,0.515,1.42,0.548
2012,14,Michigan State,33,72.3,25.9,54.4,855,1796,0.476,676,1302,0.519,1.33,0.526
2012,15,Colorado State,31,71,24.1,50.7,748,1573,0.476,562,1114,0.504,1.4,0.535
2012,16,Long Island University,33,81.9,27.2,57.3,898,1890,0.475,681,1301,0.523,1.43,0.533
2012,17,Saint Mary's,32,74.9,25.9,54.6,830,1747,0.475,589,1059,0.556,1.37,0.544
2012,18,Gonzaga,31,74,24.9,52.7,773,1634,0.473,575,1107,0.519,1.4,0.534
2012,19,New Mexico State,35,78.5,26.9,57,943,1996,0.472,782,1503,0.52,1.38,0.513
2012,20,Temple,31,76,27.3,57.9,846,1794,0.472,620,1232,0.503,1.31,0.535
2012,21,Baylor,34,74.9,26.4,56.2,899,1911,0.47,668,1304,0.512,1.33,0.531
2012,22,Long Beach State,33,74,25.8,55,852,1815,0.469,635,1213,0.523,1.35,0.529
2012,23,South Dakota State,34,77.3,26.4,56.3,897,1913,0.469,623,1215,0.513,1.37,0.541
2012,24,BYU,33,78.2,28,59.9,924,1976,0.468,705,1336,0.528,1.31,0.523
2012,25,Harvard,30,65.4,22.3,47.8,670,1434,0.467,494,940,0.526,1.37,0.529
2012,26,Syracuse,33,74.6,27.5,59.2,909,1953,0.465,698,1342,0.52,1.26,0.52
2012,27,Montana,31,70.6,24.6,52.9,762,1639,0.465,570,1124,0.507,1.34,0.524
2012,28,North Carolina,33,82,30.1,64.9,992,2143,0.463,825,1657,0.498,1.26,0.502
2012,29,NC State,34,73.4,26.7,57.6,907,1960,0.463,725,1448,0.501,1.27,0.509
2012,30,New Mexico,33,73.2,25.1,54.2,828,1790,0.463,576,1135,0.507,1.35,0.533
2012,31,Georgetown,31,69.1,24.5,53,760,1643,0.463,587,1144,0.513,1.3,0.515
2012,32,UNLV,34,76.7,27,58.6,919,1991,0.462,637,1228,0.519,1.31,0.532
2012,33,Florida,33,76.3,26.4,57.4,872,1893,0.461,544,1052,0.517,1.33,0.547
2012,34,St. Bonaventure,30,70.8,24.2,52.6,727,1579,0.46,565,1105,0.511,1.35,0.512
2012,35,Vanderbilt,33,73,24.8,53.9,818,1778,0.46,530,1041,0.509,1.35,0.541
2012,36,Virginia,31,63.1,22.7,49.3,703,1529,0.46,551,1078,0.511,1.28,0.509
2012,37,Marquette,32,75.9,26.5,57.7,848,1847,0.459,666,1307,0.51,1.32,0.508
2012,38,Duke,33,77.5,25.8,56.3,850,1857,0.458,582,1144,0.509,1.38,0.53
2012,39,Xavier,32,71.3,25.3,55.4,809,1773,0.456,650,1325,0.491,1.29,0.501
2012,40,Michigan,33,66.5,23.8,52.2,786,1723,0.456,517,958,0.54,1.27,0.534
2012,41,San Diego State,33,71.2,25.5,55.8,840,1842,0.456,651,1287,0.506,1.28,0.507
2012,42,Florida State,32,69.9,25,55.1,801,1764,0.454,609,1211,0.503,1.27,0.509
2012,43,Detroit Mercy,35,72.8,25.2,55.6,883,1945,0.454,721,1409,0.512,1.31,0.496
2012,44,UConn,33,68.8,25.4,55.9,837,1844,0.454,659,1306,0.505,1.23,0.502
2012,45,Saint Louis,32,69.2,24.2,53.6,775,1716,0.452,549,1091,0.503,1.29,0.517
2012,46,Alabama,32,64.9,23.6,52.3,756,1674,0.452,627,1221,0.514,1.24,0.49
2012,47,Davidson,32,78.4,26.8,59.7,858,1909,0.449,607,1168,0.52,1.31,0.515
2012,48,Iowa State,32,73.2,24.9,55.4,796,1773,0.449,512,1025,0.5,1.32,0.529
2012,49,Lehigh,33,76.2,26,58,859,1914,0.449,614,1228,0.5,1.31,0.513
2012,50,Colorado,34,67.6,23.2,52.2,790,1775,0.445,603,1230,0.49,1.29,0.498
2012,51,Vermont,34,67.2,23.5,53,798,1801,0.443,614,1269,0.484,1.27,0.494
2012,52,Kansas State,31,71.4,24.8,56.1,770,1740,0.443,593,1223,0.485,1.27,0.493
2012,53,Norfolk State,34,69,24.1,54.5,820,1853,0.443,636,1261,0.504,1.27,0.492
2012,54,Purdue,33,72.2,25.5,57.9,843,1912,0.441,572,1193,0.479,1.25,0.512
2012,55,West Virginia,32,71.6,25.7,58.3,822,1865,0.441,651,1299,0.501,1.23,0.487
2012,56,South Florida,33,59.2,21.4,49.1,707,1620,0.436,553,1133,0.488,1.21,0.484
2012,57,Texas,33,73.1,24.7,56.7,816,1870,0.436,626,1289,0.486,1.29,0.487
2012,58,Lamar,34,73.9,25.9,59.6,882,2027,0.435,733,1586,0.462,1.24,0.472
2012,59,Notre Dame,33,66.5,22.9,53.1,756,1751,0.432,544,1107,0.491,1.25,0.492
2012,60,Ohio,34,70.7,24.7,57.5,839,1954,0.429,588,1211,0.486,1.23,0.494
2012,61,Loyola (MD),32,67.6,23,53.8,736,1721,0.428,576,1251,0.46,1.26,0.474
2012,62,Louisville,35,68.8,24.2,57.1,848,1997,0.425,642,1334,0.481,1.21,0.476
2012,63,Wisconsin,33,63.9,22.1,52.2,730,1723,0.424,479,1027,0.466,1.22,0.497
2012,64,Cincinnati,34,68.5,25.1,59.7,852,2029,0.42,609,1320,0.461,1.15,0.48
2012,65,Southern Miss,33,71.6,24.2,58,797,1915,0.416,590,1337,0.441,1.23,0.47
2012,66,VCU,34,68.4,23.2,56.6,789,1924,0.41,537,1177,0.456,1.21,0.476
2012,67,Mississippi Valley State,34,69.5,24,59.4,817,2021,0.404,557,1240,0.449,1.17,0.469
2012,68,Western Kentucky,33,65.1,22,55.4,725,1827,0.397,538,1220,0.441,1.18,0.448
2011,1,Kansas,34,82.4,29.6,57.6,1006,1959,0.514,759,1321,0.575,1.43,0.577
2011,2,Oakland,34,85.6,30,60.6,1019,2062,0.494,739,1324,0.558,1.41,0.562
2011,3,Ohio State,34,77.1,27.4,55.6,933,1890,0.494,682,1282,0.532,1.39,0.56
2011,4,Wofford,33,73.8,26.1,54.5,861,1797,0.479,668,1323,0.505,1.36,0.533
2011,5,Gonzaga,33,76.7,26.7,55.7,880,1838,0.479,688,1314,0.524,1.38,0.531
2011,6,Georgetown,31,71,25.5,53.3,789,1651,0.478,571,1046,0.546,1.33,0.544
2011,7,George Mason,32,73.3,25.9,54.6,829,1748,0.474,614,1206,0.509,1.34,0.536
2011,8,Pittsburgh,32,74.1,26.1,55,835,1761,0.474,647,1279,0.506,1.35,0.528
2011,9,Washington,33,83.5,30.4,64.5,1002,2128,0.471,711,1344,0.529,1.3,0.539
2011,10,Arizona,34,76.5,25.4,54,864,1836,0.471,594,1160,0.512,1.42,0.544
2011,11,Utah State,33,72.2,24.8,52.7,817,1738,0.47,617,1194,0.517,1.37,0.528
2011,12,Duke,34,81.1,28.1,60,956,2039,0.469,684,1314,0.521,1.35,0.536
2011,13,Syracuse,33,73.6,26.9,57.3,887,1892,0.469,677,1295,0.523,1.28,0.524
2011,14,Marquette,34,76.1,26.6,56.9,905,1935,0.468,726,1427,0.509,1.34,0.514
2011,15,Illinois,32,71.3,26.3,56.3,843,1803,0.468,624,1237,0.504,1.27,0.528
2011,16,San Diego State,34,72.2,26.7,57.2,909,1946,0.467,708,1362,0.52,1.26,0.519
2011,17,Long Island University,32,82.6,28,60.1,897,1924,0.466,676,1320,0.512,1.37,0.524
2011,18,Notre Dame,32,76,25.1,53.8,803,1723,0.466,544,1062,0.512,1.41,0.541
2011,19,Princeton,31,69.6,24.6,53,764,1644,0.465,574,1127,0.509,1.31,0.523
2011,20,Belmont,34,80.4,27.2,58.7,926,1996,0.464,605,1154,0.524,1.37,0.544
2011,21,Richmond,34,70.2,24.9,53.9,848,1831,0.463,581,1163,0.5,1.3,0.536
2011,22,Xavier,31,72.6,24.6,53.2,763,1649,0.463,592,1136,0.521,1.37,0.515
2011,23,Florida,33,71.5,25.9,56.2,856,1854,0.462,651,1278,0.509,1.27,0.517
2011,24,UNLV,32,71.9,25.7,55.7,821,1782,0.461,644,1248,0.516,1.29,0.51
2011,25,Missouri,33,81.4,29.1,63.1,959,2082,0.461,720,1432,0.503,1.29,0.518
2011,26,Kentucky,33,76.4,26.8,58.2,884,1920,0.46,641,1308,0.49,1.31,0.524
2011,27,Morehead State,33,69.8,24.6,53.6,812,1769,0.459,619,1201,0.515,1.3,0.514
2011,28,Vanderbilt,33,76.2,25,54.8,825,1807,0.457,568,1112,0.511,1.39,0.528
2011,29,UC Santa Barbara,31,68.4,23.4,51.3,725,1589,0.456,503,997,0.505,1.33,0.526
2011,30,UCLA,32,70,24.5,53.8,785,1721,0.456,619,1216,0.509,1.3,0.504
2011,31,St. John's,32,70.1,24.4,53.6,780,1715,0.455,644,1303,0.494,1.31,0.494
2011,32,UNC Asheville,32,74.2,26.2,57.5,837,1841,0.455,676,1357,0.498,1.29,0.498
2011,33,Texas,34,74.9,26.5,58.3,900,1983,0.454,706,1468,0.481,1.28,0.503
2011,34,Louisville,34,75.4,27.3,60.3,927,2049,0.452,628,1220,0.515,1.25,0.525
2011,35,BYU,34,81.6,27.6,61.1,939,2076,0.452,657,1298,0.506,1.34,0.52
2011,36,Georgia,32,68.8,25,55.4,800,1772,0.451,649,1328,0.489,1.24,0.494
2011,37,Memphis,34,72,25.4,56.5,865,1921,0.45,661,1297,0.51,1.27,0.503
2011,38,Bucknell,33,70.8,24.6,54.7,811,1804,0.45,584,1240,0.471,1.29,0.512
2011,39,North Carolina,33,76.7,27.9,62.1,921,2049,0.449,748,1530,0.489,1.23,0.492
2011,40,Temple,32,70.9,25.6,57.1,819,1828,0.448,624,1277,0.489,1.24,0.501
2011,41,Purdue,32,72.7,25.7,57.4,822,1836,0.448,600,1231,0.487,1.27,0.508
2011,42,Butler,32,72.8,24.9,55.9,797,1788,0.446,558,1126,0.496,1.3,0.513
2011,43,Wisconsin,31,68.2,23.9,53.6,740,1662,0.445,490,989,0.495,1.27,0.52
2011,44,Texas A&M,32,68.9,23.2,52.1,742,1668,0.445,570,1159,0.492,1.32,0.496
2011,45,USC,33,66.8,24.2,54.4,798,1794,0.445,595,1226,0.485,1.23,0.501
2011,46,Michigan,33,66.1,23.8,53.7,787,1772,0.444,520,1015,0.512,1.23,0.519
2011,47,Clemson,32,68.3,23.7,53.7,759,1719,0.442,551,1123,0.491,1.27,0.502
2011,48,Old Dominion,33,65.8,23.8,54,787,1783,0.441,626,1294,0.484,1.22,0.487
2011,49,UAB,30,68.9,24.6,55.9,738,1677,0.44,511,1003,0.509,1.23,0.508
2011,50,Villanova,32,72.7,24.3,55.2,777,1767,0.44,574,1185,0.484,1.32,0.497
2011,51,Kansas State,32,73.1,25.2,57.4,805,1837,0.438,579,1235,0.469,1.27,0.5
2011,52,Penn State,33,63,22.5,51.3,741,1694,0.437,533,1075,0.496,1.23,0.499
2011,53,Florida State,31,69.3,24.5,56.2,759,1741,0.436,567,1160,0.489,1.23,0.491
2011,54,Cincinnati,33,69,24.2,55.5,797,1830,0.436,585,1204,0.486,1.24,0.493
2011,55,VCU,34,71.5,24.3,55.7,825,1895,0.435,547,1121,0.488,1.28,0.509
2011,56,Tennessee,33,70.6,24.9,57.5,822,1898,0.433,650,1333,0.488,1.23,0.478
2011,57,UConn,35,73.4,26,60.1,910,2102,0.433,706,1487,0.475,1.22,0.481
2011,58,Akron,35,70.5,24.8,57.4,869,2009,0.433,593,1245,0.476,1.23,0.501
2011,59,Michigan State,33,68.5,24,55.5,792,1832,0.432,582,1237,0.47,1.23,0.49
2011,60,UTSA,32,70.9,23.8,55.1,761,1764,0.431,535,1130,0.473,1.29,0.495
2011,61,Northern Colorado,31,72.2,23,53.3,712,1653,0.431,466,1018,0.458,1.35,0.505
2011,62,Indiana State,33,66.5,22.6,52.7,747,1738,0.43,519,1110,0.468,1.26,0.495
2011,63,West Virginia,31,69.5,23.7,55.4,734,1718,0.427,540,1139,0.474,1.25,0.484
2011,64,Little Rock,35,68,22.9,53.8,801,1882,0.426,568,1296,0.438,1.26,0.488
2011,65,Hampton,32,67.3,22.7,55.8,727,1787,0.407,518,1143,0.453,1.2,0.465
2011,66,Saint Peter's,33,61.4,21.1,52.2,696,1724,0.404,504,1172,0.43,1.18,0.459
2011,67,Boston University,34,65.2,21.5,53.3,731,1812,0.403,475,1091,0.435,1.22,0.474
2011,68,Alabama State,34,61.3,20.8,52.3,706,1779,0.397,548,1222,0.448,1.17,0.441
2010,1,Syracuse,32,81.5,30.1,58.3,962,1865,0.516,747,1307,0.572,1.4,0.573
2010,2,Murray State,34,77.5,27.5,54.6,934,1857,0.503,724,1287,0.563,1.42,0.56
2010,3,Georgetown,33,73.2,26.5,53.2,874,1754,0.498,670,1228,0.546,1.38,0.556
2010,4,Ohio State,33,73.8,26.6,53.9,878,1778,0.494,641,1158,0.554,1.37,0.56
2010,5,Gonzaga,32,77.6,27.1,54.8,866,1754,0.494,690,1269,0.544,1.42,0.544
2010,6,Utah State,34,73.7,27,54.9,917,1866,0.491,680,1301,0.523,1.34,0.555
2010,7,Baylor,32,77.6,27.6,56.5,884,1807,0.489,655,1220,0.537,1.37,0.553
2010,8,Kansas,34,81.8,28.6,58.5,971,1988,0.488,724,1384,0.523,1.4,0.551
2010,9,Saint Mary's,31,79.5,28.2,57.9,875,1795,0.487,612,1156,0.529,1.37,0.561
2010,10,Montana,31,70,24.8,51,769,1582,0.486,565,1077,0.525,1.37,0.551
2010,11,BYU,34,83,28.6,58.9,972,2002,0.486,695,1341,0.518,1.41,0.555
2010,12,Cornell,31,75.3,27,56.3,837,1745,0.48,533,1044,0.511,1.34,0.567
2010,13,Kentucky,33,79.4,28,58.4,924,1927,0.48,725,1348,0.538,1.36,0.531
2010,14,California,33,78,27.9,58.5,921,1929,0.477,704,1347,0.523,1.33,0.534
2010,15,San Diego State,33,70.6,25.9,54.4,855,1794,0.477,679,1248,0.544,1.3,0.526
2010,16,UTEP,32,75.8,27.1,56.9,867,1822,0.476,670,1254,0.534,1.33,0.53
2010,17,Minnesota,33,73.3,26.4,55.6,871,1835,0.475,639,1260,0.507,1.32,0.538
2010,18,Notre Dame,34,76,26.4,55.7,897,1894,0.474,642,1247,0.515,1.36,0.541
2010,19,Michigan State,32,72.6,26.9,56.8,861,1819,0.473,708,1360,0.521,1.28,0.515
2010,20,Maryland,31,79.3,29.2,61.9,905,1918,0.472,723,1444,0.501,1.28,0.519
2010,21,Vanderbilt,32,77.3,26.2,55.6,837,1779,0.47,638,1239,0.515,1.39,0.526
2010,22,Texas,33,81.2,29.7,63.3,979,2089,0.469,792,1547,0.512,1.28,0.513
2010,23,Sam Houston State,32,79.9,27.7,59.2,886,1895,0.468,605,1151,0.526,1.35,0.542
2010,24,Xavier,32,80,27.6,59.2,883,1893,0.466,660,1293,0.51,1.35,0.525
2010,25,Villanova,31,82.5,27.6,59.4,856,1842,0.465,617,1207,0.511,1.39,0.53
2010,26,UNLV,33,73.3,26.5,57.3,874,1892,0.462,652,1219,0.535,1.28,0.521
2010,27,New Mexico State,33,78.6,27.2,58.8,896,1940,0.462,617,1187,0.52,1.34,0.534
2010,28,Georgia Tech,33,73.6,26.8,57.9,883,1912,0.462,681,1368,0.498,1.27,0.515
2010,29,North Texas,32,74.2,24.4,52.9,781,1693,0.461,607,1174,0.517,1.4,0.513
2010,30,Siena,33,75.5,27.5,59.9,907,1978,0.459,750,1492,0.503,1.26,0.498
2010,31,Lehigh,32,75.1,25.5,56,817,1791,0.456,604,1259,0.48,1.34,0.516
2010,32,Florida State,31,68.5,24.6,54,762,1674,0.455,582,1138,0.511,1.27,0.509
2010,33,Marquette,33,72.9,25.3,55.7,834,1839,0.454,572,1194,0.479,1.31,0.525
2010,34,Clemson,31,73.3,26.5,58.5,823,1815,0.453,619,1208,0.512,1.25,0.51
2010,35,Butler,32,70.1,22.7,50.2,727,1606,0.453,511,974,0.525,1.4,0.52
2010,36,Tennessee,33,73.6,26.8,59.1,883,1951,0.453,689,1332,0.517,1.25,0.502
2010,37,Washington,33,79.8,27.9,61.7,920,2035,0.452,749,1509,0.496,1.29,0.494
2010,38,Oakland,34,76.8,26.5,58.7,901,1996,0.451,699,1377,0.508,1.31,0.502
2010,39,Kansas State,33,79.6,26.3,58.5,868,1930,0.45,646,1306,0.495,1.36,0.507
2010,40,Oklahoma State,32,74.3,25.5,56.8,817,1817,0.45,549,1055,0.52,1.31,0.523
2010,41,Old Dominion,34,67.5,25.9,57.6,879,1960,0.448,722,1463,0.494,1.17,0.489
2010,42,UC Santa Barbara,29,68.2,22.6,50.3,654,1460,0.448,455,935,0.487,1.35,0.516
2010,43,Louisville,32,76.3,26.6,59.4,850,1900,0.447,593,1142,0.519,1.29,0.515
2010,44,Richmond,33,69.8,24.8,55.7,820,1837,0.446,585,1173,0.499,1.25,0.51
2010,45,Purdue,32,71.1,24.8,55.7,794,1781,0.446,622,1242,0.501,1.28,0.494
2010,46,Pittsburgh,32,68.1,23.6,52.9,754,1692,0.446,584,1197,0.488,1.29,0.496
2010,47,Wisconsin,31,67.5,23.6,53.1,732,1647,0.444,495,991,0.499,1.27,0.516
2010,48,Florida,33,71.6,25.9,58.4,856,1928,0.444,663,1312,0.505,1.23,0.494
2010,49,Duke,33,78.4,26.8,60.5,883,1996,0.442,631,1341,0.471,1.3,0.506
2010,50,Texas A&M,32,71.8,23.9,54.1,765,1730,0.442,568,1139,0.499,1.33,0.499
2010,51,Vermont,34,70.6,23.6,53.5,803,1818,0.442,642,1316,0.488,1.32,0.486
2010,52,Missouri,32,77.6,27.4,62,876,1985,0.441,630,1322,0.477,1.25,0.503
2010,53,Wofford,34,69.4,23.7,53.7,805,1825,0.441,605,1252,0.483,1.29,0.496
2010,54,New Mexico,33,76.6,25.4,57.7,839,1904,0.441,576,1202,0.479,1.33,0.51
2010,55,Wake Forest,29,73,26.2,59.8,760,1735,0.438,634,1333,0.476,1.22,0.474
2010,56,Robert Morris,34,68.5,23.3,53.3,793,1813,0.437,601,1287,0.467,1.28,0.49
2010,57,Temple,33,65.2,24.4,55.8,805,1843,0.437,612,1269,0.482,1.17,0.489
2010,58,East Tennessee State,34,69.2,24.5,56.3,832,1914,0.435,659,1356,0.486,1.23,0.48
2010,59,West Virginia,33,73,25.3,58.2,834,1922,0.434,605,1240,0.488,1.25,0.493
2010,60,Morgan St,36,76.8,26.2,60.5,942,2178,0.433,740,1580,0.468,1.27,0.479
2010,61,Northern Iowa,32,63.3,21.5,49.9,688,1597,0.431,477,999,0.477,1.27,0.497
2010,62,Ohio,35,74.2,24.9,58.3,871,2040,0.427,616,1330,0.463,1.27,0.489
2010,63,Houston,34,78.6,27.4,65.4,933,2222,0.42,650,1428,0.455,1.2,0.484
2010,64,Arkansas-Pine Bluff,32,64.4,21.6,52.5,691,1681,0.411,560,1250,0.448,1.23,0.45
2010,65,Winthrop,32,62.4,22.5,58.7,719,1878,0.383,597,1400,0.426,1.06,0.415
2009,1,Utah State,34,72.9,25.8,51.8,877,1760,0.498,662,1220,0.543,1.41,0.559
2009,2,UCLA,33,76,28.1,56.8,926,1874,0.494,679,1254,0.541,1.34,0.56
2009,3,North Dakota State,32,80.8,28.7,58.6,917,1874,0.489,689,1320,0.522,1.38,0.55
2009,4,Wake Forest,30,81.4,29.3,60,880,1799,0.489,759,1418,0.535,1.36,0.523
2009,5,Oklahoma,32,79.2,27.3,55.8,872,1785,0.489,651,1167,0.558,1.42,0.55
2009,6,Syracuse,35,81.1,29.5,60.4,1032,2115,0.488,794,1432,0.554,1.34,0.544
2009,7,Gonzaga,31,78.9,28.6,58.7,887,1820,0.487,657,1236,0.532,1.34,0.551
2009,8,BYU,32,77.4,27.7,56.9,886,1820,0.487,655,1212,0.54,1.36,0.55
2009,9,California,32,75,27.1,55.9,867,1789,0.485,664,1321,0.503,1.34,0.541
2009,10,Pittsburgh,32,78,29.4,60.8,941,1944,0.484,743,1385,0.536,1.28,0.535
2009,11,Ohio State,32,66.7,23.6,48.7,754,1558,0.484,545,1007,0.541,1.37,0.551
2009,12,Arizona State,33,69.5,23.8,49.4,785,1630,0.482,518,901,0.575,1.41,0.563
2009,13,North Carolina,32,90.2,31.9,66.4,1020,2124,0.48,799,1536,0.52,1.36,0.532
2009,14,Kansas,32,77.1,27.1,56.5,866,1809,0.479,659,1264,0.521,1.36,0.536
2009,15,Cornell,30,74.1,26.6,55.7,798,1672,0.477,563,1106,0.509,1.33,0.548
2009,16,Utah,33,71.2,24,50.4,792,1663,0.476,558,1040,0.537,1.41,0.547
2009,17,Robert Morris,34,70.7,25.1,52.9,855,1798,0.476,634,1242,0.51,1.34,0.537
2009,18,Arizona,32,72.2,25.7,54.1,821,1730,0.475,623,1229,0.507,1.34,0.532
2009,19,USC,33,68.4,24.9,52.6,822,1735,0.474,698,1358,0.514,1.3,0.51
2009,20,Siena,33,77.7,28.9,61.1,954,2016,0.473,783,1506,0.52,1.27,0.516
2009,21,Missouri,34,81.1,29.4,62.4,1000,2120,0.472,760,1449,0.524,1.3,0.528
2009,22,Alabama State,31,69.6,25.7,54.6,798,1694,0.471,619,1159,0.534,1.27,0.524
2009,23,UConn,31,77.3,27.4,58.3,849,1806,0.47,702,1382,0.508,1.33,0.511
2009,24,Radford,32,76,26.9,57.4,862,1837,0.469,704,1391,0.506,1.32,0.512
2009,25,East Tennessee State,33,78.6,27.9,59.7,921,1969,0.468,730,1401,0.521,1.32,0.516
2009,26,Clemson,31,79,28.7,61.5,891,1906,0.467,640,1244,0.514,1.28,0.533
2009,27,American,31,64.5,23.4,50.1,724,1552,0.466,504,968,0.521,1.29,0.537
2009,28,Xavier,32,72.4,24.3,52.6,779,1682,0.463,559,1131,0.494,1.38,0.529
2009,29,VCU,33,72,25.6,55.4,846,1829,0.463,630,1243,0.507,1.3,0.522
2009,30,Illinois,33,64.6,25.1,54.6,828,1802,0.459,645,1283,0.503,1.18,0.51
2009,31,Washington,33,78.9,27.9,60.8,922,2007,0.459,782,1595,0.49,1.3,0.494
2009,32,Oklahoma State,33,81.1,27,59.2,892,1952,0.457,584,1150,0.508,1.37,0.536
2009,33,Villanova,33,76.5,26,56.9,857,1877,0.457,639,1284,0.498,1.35,0.515
2009,34,Marquette,33,78.8,26.5,58.1,874,1916,0.456,641,1249,0.513,1.36,0.517
2009,35,Northern Iowa,33,67.7,22.6,49.6,746,1638,0.455,536,1032,0.519,1.36,0.52
2009,36,Tennessee,33,78.5,28.3,62.1,933,2049,0.455,715,1354,0.528,1.26,0.509
2009,37,Michigan State,32,71.9,25.4,55.8,812,1785,0.455,647,1317,0.491,1.29,0.501
2009,38,CSU Northridge,30,73.7,26.6,58.5,797,1754,0.454,589,1163,0.506,1.26,0.514
2009,39,Portland State,32,73.8,26.3,57.9,841,1853,0.454,532,1039,0.512,1.27,0.537
2009,40,Louisville,33,73.9,26.8,59.4,884,1961,0.451,618,1223,0.505,1.24,0.519
2009,41,Duke,34,78,26.6,59.3,904,2016,0.448,658,1311,0.502,1.32,0.509
2009,42,Western Kentucky,32,71.8,25.4,56.6,812,1811,0.448,567,1141,0.497,1.27,0.516
2009,43,Purdue,34,69.4,24.8,55.6,844,1890,0.447,616,1240,0.497,1.25,0.507
2009,44,Texas A&M,32,71.7,23.9,53.6,766,1716,0.446,573,1188,0.482,1.34,0.503
2009,45,LSU,33,74.9,26.7,59.8,881,1974,0.446,683,1438,0.475,1.25,0.496
2009,46,Stephen F. Austin,31,66.3,24.8,55.5,768,1722,0.446,593,1182,0.502,1.19,0.497
2009,47,Boston College,33,74.9,26.3,58.9,867,1945,0.446,656,1319,0.497,1.27,0.5
2009,48,Temple,33,69,25.1,56.3,827,1857,0.445,575,1171,0.491,1.23,0.513
2009,49,Chattanooga,34,76.8,25.3,56.9,860,1936,0.444,576,1140,0.505,1.35,0.518
2009,50,Memphis,34,74.1,26,58.7,884,1995,0.443,686,1376,0.499,1.26,0.493
2009,51,Minnesota,32,66.5,23.8,53.7,760,1718,0.442,576,1156,0.498,1.24,0.496
2009,52,Wisconsin,31,64.4,22.5,50.8,697,1576,0.442,496,1031,0.481,1.27,0.506
2009,53,Texas,33,72.3,26.2,59.3,865,1956,0.442,713,1482,0.481,1.22,0.481
2009,54,Morehead State,34,70.6,24.3,55.2,827,1876,0.441,647,1337,0.484,1.28,0.489
2009,55,Butler,31,67.6,22,50.2,683,1557,0.439,434,849,0.511,1.35,0.519
2009,56,Binghamton,31,70.2,24.2,55.3,751,1713,0.438,566,1153,0.491,1.27,0.492
2009,57,Mississippi State,35,74.8,24.9,57.1,870,1999,0.435,579,1198,0.483,1.31,0.508
2009,58,Florida State,34,68.6,23.5,54.1,800,1840,0.435,588,1222,0.481,1.27,0.492
2009,59,Cleveland State,35,66.1,23.7,54.8,829,1919,0.432,658,1379,0.477,1.21,0.477
2009,60,West Virginia,34,72.4,25.5,59.4,868,2018,0.43,642,1335,0.481,1.22,0.486
2009,61,Dayton,33,67.5,23.9,55.9,790,1846,0.428,608,1296,0.469,1.21,0.477
2009,62,Michigan,33,67.2,23.3,54.6,770,1803,0.427,485,944,0.514,1.23,0.506
2009,63,Morgan St,34,67,24.6,57.9,835,1970,0.424,660,1456,0.453,1.16,0.468
2009,64,Maryland,33,71.5,26.2,62.2,866,2054,0.422,676,1480,0.457,1.15,0.468
2009,65,Akron,35,66.8,22.9,54.6,802,1912,0.419,554,1159,0.478,1.22,0.484
2008,1,Boise State,33,82,29.3,57.6,968,1902,0.509,701,1229,0.57,1.42,0.579
2008,2,Kansas,34,81.5,29.5,58.4,1004,1987,0.505,771,1402,0.55,1.39,0.564
2008,3,Cornell,27,77.1,27.4,55.7,740,1503,0.492,520,971,0.536,1.39,0.566
2008,4,Georgetown,32,69.7,25.1,51.6,803,1652,0.486,552,992,0.556,1.35,0.562
2008,5,Oregon,31,76.8,27,55.6,836,1724,0.485,566,1051,0.539,1.38,0.563
2008,,Gonzaga,32,76.5,27,55.7,864,1783,0.485,656,1224,0.536,1.37,0.543
2008,7,North Carolina,34,88.7,31.9,66,1083,2245,0.482,895,1747,0.512,1.34,0.524
2008,8,USC,32,69.1,25,51.9,799,1660,0.481,621,1196,0.519,1.33,0.535
2008,9,Michigan State,33,71.3,26.3,54.9,869,1811,0.48,705,1371,0.514,1.3,0.525
2008,10,UT Arlington,32,73.7,26.4,55.2,844,1765,0.478,647,1201,0.539,1.34,0.534
2008,11,Arizona,33,72.1,24.9,52.1,822,1719,0.478,607,1168,0.52,1.38,0.541
2008,12,Washington State,32,67.1,23.3,48.6,744,1556,0.478,540,1021,0.529,1.38,0.544
2008,13,Xavier,33,75.3,25.5,53.3,840,1759,0.478,584,1106,0.528,1.41,0.55
2008,14,UCLA,34,74.1,26.5,55.6,902,1889,0.478,717,1352,0.53,1.33,0.526
2008,15,Saint Joseph's,33,73.3,25.3,53.1,835,1751,0.477,594,1125,0.528,1.38,0.546
2008,16,CSU Fullerton,32,82.6,29.8,62.6,953,2002,0.476,675,1282,0.527,1.32,0.545
2008,17,South Alabama,32,75.5,25.6,53.9,819,1724,0.475,605,1139,0.531,1.4,0.537
2008,18,Western Kentucky,33,76.8,27.5,58,906,1914,0.473,665,1295,0.514,1.32,0.536
2008,19,Davidson,32,78.7,29.2,61.7,934,1975,0.473,643,1175,0.547,1.27,0.547
2008,20,Temple,33,72.6,25.3,53.7,836,1773,0.472,576,1075,0.536,1.35,0.545
2008,21,George Mason,33,69.9,24.5,52.2,808,1721,0.469,606,1147,0.528,1.34,0.528
2008,22,Kentucky,30,68.6,23.7,50.6,712,1518,0.469,538,1045,0.515,1.36,0.526
2008,23,Kent State,34,69.2,24.1,51.5,818,1750,0.467,621,1216,0.511,1.35,0.524
2008,24,Vanderbilt,33,80.6,27.4,58.6,903,1934,0.467,604,1194,0.506,1.37,0.544
2008,25,Portland State,32,74.3,25.8,55.2,825,1767,0.467,540,1043,0.518,1.35,0.548
2008,26,Texas A&M,34,71.5,25.4,54.4,862,1848,0.466,661,1286,0.514,1.32,0.521
2008,27,Memphis,34,79.7,28.8,61.8,978,2100,0.466,708,1329,0.533,1.29,0.53
2008,28,Arkansas,33,73.6,26.7,57.4,882,1894,0.466,688,1322,0.52,1.28,0.517
2008,29,Duke,32,84.1,28.8,61.8,920,1976,0.466,623,1203,0.518,1.36,0.541
2008,30,Indiana,32,75.1,25.3,54.7,811,1750,0.463,600,1141,0.526,1.37,0.524
2008,31,UConn,32,77.7,26.3,56.9,843,1822,0.463,678,1363,0.497,1.36,0.508
2008,32,Tennessee,33,83,29.3,63.6,968,2098,0.461,672,1281,0.525,1.31,0.532
2008,33,Mississippi State,32,73.1,26.1,56.6,835,1811,0.461,612,1144,0.535,1.29,0.523
2008,34,Saint Mary's,30,76.2,26.6,57.8,799,1733,0.461,561,1071,0.524,1.32,0.53
2008,35,BYU,34,74.1,25.9,56.4,882,1916,0.46,604,1174,0.514,1.31,0.533
2008,36,Notre Dame,31,80.6,28.2,61.5,875,1905,0.459,613,1266,0.484,1.31,0.528
2008,27,Pittsburgh,35,74.1,27.1,59,948,2064,0.459,733,1432,0.512,1.26,0.511
2008,38,Clemson,33,79.5,29.6,64.6,977,2131,0.458,715,1436,0.498,1.23,0.52
2008,39,Baylor,31,81.4,28.1,61.6,871,1910,0.456,604,1211,0.499,1.32,0.526
2008,40,UMBC,,,,,,,,,,,,
2008,41,West Virginia,34,74.9,26.5,58.4,902,1986,0.454,654,1284,0.509,1.28,0.517
2008,42,Louisville,32,71.9,25.5,56.3,816,1800,0.453,575,1096,0.525,1.28,0.52
2008,43,Texas,34,75.6,27.1,60,923,2039,0.453,653,1337,0.488,1.26,0.519
2008,44,Belmont,33,80.1,27.6,61.2,912,2019,0.452,563,1063,0.53,1.31,0.538
2008,45,Austin Peay,34,74.6,24.6,54.6,838,1858,0.451,571,1166,0.49,1.36,0.523
2008,46,Siena,32,76.8,27.6,61.1,882,1956,0.451,658,1371,0.48,1.26,0.508
2008,47,Wisconsin,33,67.3,23.5,52.2,775,1721,0.45,583,1186,0.492,1.29,0.506
2008,48,Butler,32,68.3,22.7,50.5,727,1615,0.45,432,830,0.52,1.35,0.541
2008,49,San Diego,34,65.6,24,53.3,816,1813,0.45,647,1320,0.49,1.23,0.497
2008,50,Drake,32,73.2,24.7,55,790,1760,0.449,496,962,0.516,1.33,0.532
2008,51,Stanford,33,70.7,24.8,55.4,820,1827,0.449,642,1332,0.482,1.28,0.498
2008,52,Marquette,33,75.8,26.5,59.3,875,1957,0.447,644,1303,0.494,1.28,0.506
2008,53,Mount St. Mary's,32,69.1,24.2,54.3,775,1736,0.446,583,1213,0.481,1.27,0.502
2008,54,Oral Roberts,32,69.3,23.8,53.8,763,1720,0.444,549,1138,0.482,1.29,0.506
2008,55,Kansas State,31,78.7,27.9,63,866,1954,0.443,663,1321,0.502,1.25,0.495
2008,56,American,32,65.1,21.2,47.8,677,1529,0.443,426,916,0.465,1.36,0.525
2008,57,Oklahoma,33,68.4,24,54.3,792,1791,0.442,583,1191,0.49,1.26,0.501
2008,58,Winthrop,33,65.6,23.6,53.4,779,1762,0.442,568,1195,0.475,1.23,0.502
2008,59,Miami,32,74.8,25.5,58.3,817,1867,0.438,595,1289,0.462,1.28,0.497
2008,60,Villanova,32,72.8,24.8,57.9,795,1854,0.429,569,1194,0.477,1.26,0.49
2008,61,Georgia,33,68.3,24.7,57.6,814,1900,0.428,616,1299,0.474,1.19,0.481
2008,62,UNLV,32,70.4,24.4,57.5,781,1841,0.424,534,1103,0.484,1.22,0.491
2008,63,Purdue,32,68.7,23.3,55.2,747,1766,0.423,511,1128,0.453,1.25,0.49
2008,64,Mississippi Valley State,32,62.7,21.4,52.8,685,1689,0.406,539,1267,0.425,1.19,0.449
2007,65,,,,,,,,,,,,,
2007,1,Florida,34,79.3,28.6,54.2,971,1843,0.527,727,1245,0.584,1.46,0.593
2007,2,Texas A&M-CC,32,79.8,27.9,53.2,892,1701,0.524,706,1235,0.572,1.5,0.579
2007,3,Georgetown,32,68.5,24.5,48.4,784,1548,0.506,583,999,0.584,1.42,0.571
2007,4,North Carolina,34,86.3,31.5,62.4,1070,2122,0.504,874,1585,0.551,1.38,0.55
2007,5,Texas A&M,31,76.3,27,53.9,837,1672,0.501,635,1193,0.532,1.42,0.561
2007,6,Pennsylvania,30,74.8,27.2,55.1,815,1654,0.493,631,1154,0.547,1.36,0.548
2007,7,BYU,33,78.1,28.6,58,943,1914,0.493,696,1316,0.529,1.35,0.557
2007,8,Weber State,31,71.7,24.5,49.7,759,1541,0.493,580,1091,0.532,1.44,0.551
2007,9,Georgia Tech,31,79.1,29.4,59.6,910,1848,0.492,712,1319,0.54,1.33,0.546
2007,10,Kansas,34,78.4,29.1,59.3,988,2016,0.49,785,1484,0.529,1.32,0.54
2007,11,Nevada,32,77.9,28.1,57.6,900,1842,0.489,659,1260,0.523,1.35,0.554
2007,12,Gonzaga,33,79.1,27.7,56.8,914,1876,0.487,691,1312,0.527,1.39,0.547
2007,13,UCLA,31,72.5,27,55.8,837,1731,0.484,622,1152,0.54,1.3,0.546
2007,14,New Mexico State,33,78.3,26.7,55.4,881,1828,0.482,689,1340,0.514,1.41,0.534
2007,15,Winthrop,32,75.3,27.2,56.6,871,1812,0.481,609,1091,0.558,1.33,0.553
2007,16,Arizona,30,78.5,27.5,57.3,825,1719,0.48,657,1229,0.535,1.37,0.529
2007,17,Boston College,31,74.6,25.5,53.2,791,1650,0.479,609,1129,0.539,1.4,0.535
2007,18,Xavier,32,76.4,25,52.1,799,1667,0.479,546,1018,0.536,1.47,0.555
2007,19,Kentucky,32,73.5,26.4,55.2,846,1766,0.479,630,1161,0.543,1.33,0.54
2007,20,Maryland,32,79.5,28.7,59.8,917,1915,0.479,733,1434,0.511,1.33,0.527
2007,21,USC,34,71.4,25.5,53.5,868,1818,0.477,676,1342,0.504,1.34,0.53
2007,22,Virginia Tech,32,72.8,26.6,56.4,852,1806,0.472,697,1384,0.504,1.29,0.515
2007,23,Ohio State,33,73.6,26.3,55.7,867,1838,0.472,621,1161,0.535,1.32,0.539
2007,24,Pittsburgh,34,71.1,25.9,54.9,880,1868,0.471,674,1318,0.511,1.29,0.526
2007,25,Michigan State,33,65.1,23.1,49,762,1618,0.471,592,1162,0.509,1.33,0.523
2007,26,Oral Roberts,33,72.3,24.4,51.9,805,1714,0.47,607,1170,0.519,1.39,0.527
2007,27,Duke,32,70.2,24.8,53,795,1696,0.469,600,1187,0.505,1.32,0.526
2007,28,Belmont,32,73,25.9,55.6,828,1780,0.465,546,995,0.549,1.31,0.544
2007,29,Washington State,32,66.5,24.1,51.9,772,1660,0.465,588,1165,0.505,1.28,0.52
2007,30,Arkansas,34,71.4,25.3,54.5,860,1853,0.464,651,1260,0.517,1.31,0.521
2007,31,George Washington,31,71.1,26.2,56.5,811,1751,0.463,643,1300,0.495,1.26,0.511
2007,32,Wisconsin,34,70.1,24.2,52.4,824,1780,0.463,626,1224,0.511,1.34,0.519
2007,33,Purdue,32,69.9,24.7,53.5,791,1712,0.462,582,1132,0.514,1.31,0.523
2007,34,Eastern Kentucky,32,65.2,23.6,51,754,1632,0.462,496,896,0.554,1.28,0.541
2007,35,Memphis,33,79.6,28.1,60.9,927,2009,0.461,674,1289,0.523,1.31,0.524
2007,36,Notre Dame,31,81.5,27.1,58.9,841,1826,0.461,558,1113,0.501,1.38,0.538
2007,37,VCU,33,74.8,25.6,55.7,846,1839,0.46,618,1269,0.487,1.34,0.522
2007,38,Miami (OH),32,59.6,21.8,47.5,699,1521,0.46,537,1033,0.52,1.25,0.513
2007,39,Vanderbilt,31,76.6,26.8,58.4,830,1809,0.459,544,1051,0.518,1.31,0.538
2007,40,North Texas,33,77.5,27.5,59.9,907,1977,0.459,685,1377,0.497,1.29,
2007,41,Albany,32,68.3,24.3,53.3,776,1704,0.455,557,1123,0.496,1.28,0.52
2007,42,Long Beach State,31,80.3,28.2,62.2,874,1929,0.453,613,1222,0.502,1.29,0.521
2007,43,Texas Tech,33,71.6,24.6,54.3,812,1793,0.453,611,1305,0.468,1.32,0.509
2007,44,Davidson,33,81.7,28.6,63.2,945,2087,0.453,627,1236,0.507,1.29,0.529
2007,45,Indiana,30,70.9,24.8,54.8,743,1645,0.452,505,1025,0.493,1.29,0.524
2007,46,Southern Illinois,33,63.2,21.3,47.3,704,1561,0.451,500,1007,0.497,1.34,0.516
2007,47,UNLV,34,75.3,26.7,59.3,908,2016,0.45,646,1297,0.498,1.27,0.515
2007,48,Oregon,33,76.4,26.3,58.3,867,1925,0.45,554,1112,0.498,1.31,0.532
2007,49,Florida A&M,34,70.5,24,53.4,817,1817,0.45,612,1253,0.488,1.32,0.506
2007,50,Stanford,30,69.9,25.2,56.2,757,1687,0.449,586,1200,0.488,1.24,0.499
2007,51,Creighton,32,67.2,22.2,49.7,710,1591,0.446,508,1003,0.506,1.35,0.51
2007,52,Texas,33,82.2,27.7,62.1,914,2049,0.446,617,1301,0.474,1.32,0.519
2007,53,Tennessee,32,79.7,27.7,62.5,886,2000,0.443,600,1188,0.505,1.27,0.515
2007,54,Wright State,32,64.6,23.2,52.5,743,1681,0.442,568,1182,0.481,1.23,0.494
2007,55,Marquette,33,72.5,25.3,57.7,836,1904,0.439,629,1282,0.491,1.26,0.493
2007,56,Holy Cross,33,64.2,21.9,50.1,724,1653,0.438,534,1120,0.477,1.28,0.495
2007,57,Butler,33,68.4,21.8,49.8,718,1644,0.437,425,842,0.505,1.37,0.526
2007,58,Central Connecticut,33,69.3,23.4,53.6,771,1769,0.436,519,1107,0.469,1.29,0.507
2007,59,Virginia,30,76.8,25.5,58.5,764,1756,0.435,523,1093,0.478,1.31,0.504
2007,60,Old Dominion,32,70.1,24.1,55.4,770,1773,0.434,539,1115,0.483,1.27,0.499
2007,61,Louisville,32,71.4,25,57.8,800,1850,0.432,562,1134,0.496,1.24,0.497
2007,62,Illinois,34,64.5,22.7,52.5,771,1785,0.432,536,1111,0.482,1.23,0.498
2007,63,Villanova,32,72.9,23.7,55.4,757,1772,0.427,516,1089,0.474,1.32,0.495
2007,64,Niagara,33,76.1,25.6,60.5,844,1997,0.423,580,1244,0.466,1.26,0.489
2006,65,Jackson State,34,71.2,25.1,59.9,853,2038,0.419,665,1440,0.462,1.19,0.465
2006,1,Florida,33,79.3,27.6,54.4,912,1795,0.508,668,1176,0.568,1.46,0.576
2006,2,Belmont,30,81.8,29.3,58.7,880,1760,0.5,623,1087,0.573,1.39,0.573
2006,3,Utah State,31,72.5,26.7,53.6,828,1663,0.498,599,1097,0.546,1.35,0.567
2006,4,Montana,29,79.5,28.5,57.6,827,1670,0.495,612,1112,0.55,1.38,0.56
2006,5,Duke,33,82.5,27.8,56.2,916,1853,0.494,658,1201,0.548,1.47,0.564
2006,6,Pacific,31,74.2,26.8,54.8,832,1700,0.489,627,1172,0.535,1.35,0.55
2006,7,Boston College,33,74.4,26.4,54.2,870,1789,0.486,678,1263,0.537,1.37,0.54
2006,8,George Mason,30,69.4,25.7,53.2,772,1596,0.484,594,1090,0.545,1.3,0.539
2006,9,Iona,30,80.4,28.6,59.1,858,1774,0.484,665,1304,0.51,1.36,0.538
2006,10,Air Force,30,64,22.1,45.7,662,1372,0.483,399,715,0.558,1.4,0.578
2006,11,North Carolina,29,80.4,28.2,58.5,818,1697,0.482,618,1172,0.527,1.37,0.541
2006,12,UCLA,33,68.6,24.4,50.8,805,1675,0.481,598,1095,0.546,1.35,0.542
2006,13,Michigan State,33,74.4,26.4,55.1,870,1819,0.478,676,1305,0.518,1.35,0.532
2006,14,Gonzaga,30,80.1,27.3,57.2,819,1717,0.477,648,1250,0.518,1.4,0.527
2006,15,Kansas,32,75.2,27.7,58.3,886,1865,0.475,688,1344,0.512,1.29,0.528
2006,16,Washington,30,82.4,30.1,63.4,903,1903,0.475,706,1363,0.518,1.3,0.526
2006,17,LSU,31,74.8,27.7,58.4,858,1810,0.474,723,1409,0.513,1.28,0.511
2006,18,George Washington,28,79,28.3,60,793,1680,0.472,626,1209,0.518,1.32,0.522
2006,19,Georgetown,30,66.7,24,50.8,719,1524,0.472,512,950,0.539,1.31,0.54
2006,20,Bucknell,30,66.6,23.1,49.2,694,1475,0.471,511,1005,0.508,1.36,0.533
2006,21,Ohio State,30,74.7,26.3,56,788,1679,0.469,536,999,0.537,1.33,0.544
2006,22,UConn,30,81.3,29.1,62.1,872,1863,0.468,713,1419,0.502,1.31,0.511
2006,23,Texas,33,76.1,27,57.7,890,1904,0.467,645,1259,0.512,1.32,0.532
2006,24,NC State,30,75.7,25,53.5,750,1606,0.467,470,867,0.542,1.41,0.554
2006,25,Tennessee,28,81.3,28.9,61.9,808,1732,0.467,559,1099,0.509,1.31,0.538
2006,26,Northwestern State,32,76.7,27.2,58.3,870,1866,0.466,659,1293,0.51,1.32,0.523
2006,27,Xavier,31,71.5,24.4,52.7,757,1634,0.463,549,1074,0.511,1.36,0.527
2006,28,Indiana,29,71.2,25.2,54.8,731,1590,0.46,479,953,0.503,1.3,0.539
2006,29,Arkansas,31,74.3,26.5,57.7,822,1790,0.459,645,1269,0.508,1.29,0.509
2006,30,Oral Roberts,32,74.8,26.2,57.2,838,1830,0.458,627,1285,0.488,1.31,0.516
2006,31,San Diego State,32,74.2,25.3,55.3,808,1768,0.457,598,1230,0.486,1.34,0.516
2006,32,Northern Iowa,32,66.1,23,50.4,737,1614,0.457,525,998,0.526,1.31,0.522
2006,33,Illinois,31,70,25.6,56.1,794,1740,0.456,566,1112,0.509,1.25,0.522
2006,34,South Alabama,30,74.4,25.9,56.8,778,1705,0.456,520,997,0.522,1.31,0.532
2006,35,Davidson,30,78,27.6,60.6,829,1817,0.456,557,1088,0.512,1.29,0.531
2006,36,Nevada,32,72.6,26,57.2,833,1831,0.455,659,1352,0.487,1.27,0.502
2006,37,Alabama,29,70,24.5,54.1,711,1568,0.453,551,1097,0.502,1.29,0.504
2006,38,UAB,30,74.7,26.6,58.6,797,1758,0.453,580,1135,0.511,1.28,0.515
2006,39,Marquette,30,74.7,26.6,58.7,798,1762,0.453,542,1121,0.483,1.27,0.526
2006,40,Murray State,30,71.3,26.1,57.7,783,1730,0.453,560,1105,0.507,1.24,0.517
2006,41,Pittsburgh,31,72.5,25.3,56,784,1735,0.452,590,1184,0.498,1.29,0.508
2006,42,Kentucky,33,70.5,25.9,57.5,855,1897,0.451,603,1188,0.508,1.23,0.517
2006,43,Winthrop,30,73.8,25.2,56,756,1679,0.45,525,1045,0.502,1.32,0.519
2006,44,Texas A&M,29,69.2,23.6,52.3,683,1518,0.45,493,988,0.499,1.32,0.513
2006,45,Pennsylvania,28,69.1,24.8,55.1,693,1542,0.449,507,962,0.527,1.25,0.51
2006,46,California,30,69.2,23.2,51.7,697,1551,0.449,533,1115,0.478,1.34,0.502
2006,47,Kent State,33,72.5,24.9,55.4,821,1828,0.449,593,1190,0.498,1.31,0.511
2006,48,Oklahoma,28,68.6,24.4,54.5,684,1525,0.449,515,1054,0.489,1.26,0.504
2006,49,Memphis,33,80.9,28.1,62.7,926,2068,0.448,675,1355,0.498,1.29,0.508
2006,50,Albany,31,68.9,23.2,51.9,719,1608,0.447,500,1034,0.484,1.33,0.515
2006,51,West Virginia,30,71.1,25.7,57.5,770,1724,0.447,466,844,0.552,1.24,0.535
2006,52,Bradley,30,71.5,26.1,58.7,783,1762,0.444,616,1254,0.491,1.22,0.492
2006,53,Monmouth,32,64.8,23.3,52.6,746,1683,0.443,543,1082,0.502,1.23,0.504
2006,54,Wichita State,32,68.8,24,54.2,768,1734,0.443,553,1147,0.482,1.27,0.505
2006,55,Arizona,31,72.9,27.3,61.7,846,1913,0.442,714,1495,0.478,1.18,0.477
2006,56,Southern,31,65.8,24.7,56,765,1735,0.441,626,1299,0.482,1.18,0.481
2006,57,Syracuse,34,72.9,26.3,59.8,893,2032,0.439,637,1285,0.496,1.22,0.502
2006,58,Milwaukee,29,74.2,25.9,59.2,750,1716,0.437,559,1147,0.487,1.25,0.493
2006,59,Wisconsin,30,71,25,57.9,751,1738,0.432,562,1185,0.474,1.23,0.486
2006,60,Iowa,33,66.4,23.1,53.6,763,1770,0.431,578,1218,0.475,1.24,0.483
2006,61,UNC Wilmington,32,67.7,24.2,56.7,775,1813,0.427,570,1196,0.477,1.19,0.484
2006,62,Villanova,29,75.4,25,58.8,726,1705,0.426,462,1022,0.452,1.28,0.503
2006,63,Hampton,31,66.8,24,57.3,743,1777,0.418,570,1231,0.463,1.17,0.467
2006,64,Southern Illinois,32,60.9,21.5,52.1,687,1666,0.412,508,1131,0.449,1.17,0.466
2005,65,Seton Hall,29,67.8,23.1,56.2,671,1629,0.412,503,1129,0.446,1.21,0.463
2005,1,Utah State,31,73,26.8,50.5,831,1566,0.531,653,1112,0.587,1.44,0.587
2005,2,Utah,32,68.8,24.3,46.9,777,1501,0.518,637,1128,0.565,1.47,0.564
2005,3,Gonzaga,29,79.7,27.6,54.5,800,1581,0.506,654,1207,0.542,1.46,0.552
2005,4,New Mexico,32,76.4,26.2,52.4,838,1676,0.5,573,1013,0.566,1.46,0.579
2005,5,Pacific,29,72.4,25.4,50.9,738,1476,0.5,555,994,0.558,1.42,0.562
2005,6,Oklahoma State,30,78.6,28,56.1,839,1684,0.498,619,1162,0.533,1.4,0.564
2005,7,North Carolina,31,88.8,30.5,61.4,944,1902,0.496,715,1330,0.538,1.45,0.557
2005,8,Michigan State,28,78.1,27.7,55.9,776,1565,0.496,584,1032,0.566,1.4,0.557
2005,9,Wake Forest,31,84.7,29.2,59.3,905,1837,0.493,671,1259,0.533,1.43,0.556
2005,10,Illinois,33,77.4,28.2,57.6,929,1901,0.489,642,1182,0.543,1.34,0.564
2005,11,Florida,30,76.9,26.8,54.8,803,1645,0.488,573,1060,0.541,1.4,0.558
2005,12,Syracuse,33,75.5,28,57.6,923,1901,0.486,770,1414,0.545,1.31,0.526
2005,13,Washington,32,86.3,31.4,65.1,1006,2082,0.483,773,1479,0.523,1.33,0.539
2005,14,Oklahoma,31,75.4,27.5,57,853,1767,0.483,644,1223,0.527,1.32,0.542
2005,15,Northern Iowa,31,72.9,26.6,55.2,825,1710,0.482,603,1134,0.532,1.32,0.547
2005,16,Alabama,31,75.9,25.6,53,793,1644,0.482,553,1035,0.534,1.43,0.555
2005,17,Eastern Kentucky,30,73.1,27.3,57.1,819,1714,0.478,631,1180,0.535,1.28,0.533
2005,18,George Washington,29,77.2,27.7,58.1,804,1685,0.477,648,1254,0.517,1.33,0.523
2005,19,Kansas,29,75.4,26.9,56.5,781,1638,0.477,584,1110,0.526,1.34,0.537
2005,20,Texas Tech,30,77.5,28.2,59.7,847,1790,0.473,710,1449,0.49,1.3,0.511
2005,21,Pittsburgh,28,72.4,25.5,53.9,713,1508,0.473,546,1069,0.511,1.34,0.528
2005,22,Arizona,33,79.7,29.1,61.8,961,2041,0.471,735,1479,0.497,1.29,0.526
2005,23,Louisville,33,81.2,26.8,57.5,883,1898,0.465,566,1109,0.51,1.41,0.549
2005,24,UCF,32,69.8,23.8,51.3,763,1641,0.465,491,910,0.54,1.36,0.548
2005,25,Ohio,31,71.8,24.4,52.5,755,1629,0.463,582,1092,0.533,1.37,0.517
2005,26,Nevada,30,70.2,24.9,53.8,748,1614,0.463,667,1315,0.507,1.3,0.489
2005,27,Iowa,32,73.2,25.7,55.4,821,1772,0.463,616,1231,0.5,1.32,0.521
2005,28,SE Louisiana,32,63.6,23.4,50.5,748,1615,0.463,634,1249,0.508,1.26,0.498
2005,29,LSU,29,75.5,26,56.1,753,1626,0.463,554,1086,0.51,1.35,0.524
2005,30,UTEP,34,75.4,25.9,55.9,879,1902,0.462,673,1340,0.502,1.35,0.516
2005,31,UConn,29,78.6,28,60.8,811,1762,0.46,662,1338,0.495,1.29,0.503
2005,32,Texas,30,77.6,26.4,57.4,792,1721,0.46,554,1104,0.502,1.35,0.529
2005,33,Kentucky,30,73.7,26.5,57.7,795,1732,0.459,599,1152,0.52,1.28,0.516
2005,34,NC State,32,73.8,25.2,54.9,806,1756,0.459,535,1022,0.523,1.35,0.536
2005,35,Chattanooga,36,74,26,56.8,937,2045,0.458,736,1387,0.531,1.3,0.507
2005,36,Minnesota,31,68.5,24.2,53,750,1644,0.456,585,1180,0.496,1.29,0.506
2005,37,Montana,30,69.2,23.4,51.4,702,1541,0.456,529,1047,0.505,1.35,0.512
2005,38,UAB,31,77.8,27.5,60.4,852,1873,0.455,648,1294,0.501,1.29,0.509
2005,39,Southern Illinois,33,67.4,25.3,55.8,836,1840,0.454,644,1317,0.489,1.21,0.507
2005,40,Fairleigh Dickinson,32,74.3,27.2,59.9,871,1918,0.454,657,1308,0.502,1.24,0.51
2005,41,Creighton,33,71.5,24.3,53.6,802,1770,0.453,517,1083,0.477,1.33,0.534
2005,42,Georgia Tech,30,74.6,26.7,58.9,801,1768,0.453,624,1230,0.507,1.27,0.503
2005,43,UCLA,28,74,25.8,56.9,722,1594,0.453,542,1076,0.504,1.3,0.509
2005,44,Boston College,28,71.9,25.5,56.5,715,1583,0.452,603,1243,0.485,1.27,0.487
2005,45,Duke,30,79.8,26.5,59.2,796,1775,0.448,527,1076,0.49,1.35,0.524
2005,46,Oakland,30,70.7,25.2,56.3,757,1689,0.448,569,1126,0.505,1.26,0.504
2005,47,Winthrop,32,68.2,23.3,52,745,1664,0.448,535,1086,0.493,1.31,0.511
2005,48,Milwaukee,29,74.9,26.1,58.5,757,1697,0.446,525,1036,0.507,1.28,0.514
2005,49,Louisiana,30,72.6,26,58.3,780,1749,0.446,584,1160,0.503,1.24,0.502
2005,50,Bucknell,31,63.6,21.3,47.7,659,1480,0.445,454,935,0.486,1.33,0.515
2005,51,Mississippi State,32,72.4,25.6,57.5,818,1839,0.445,632,1279,0.494,1.26,0.495
2005,52,Old Dominion,33,71.2,25.5,57.5,843,1897,0.444,640,1293,0.495,1.24,0.498
2005,53,Villanova,29,73.8,25.5,57.5,739,1668,0.443,533,1110,0.48,1.28,0.505
2005,54,West Virginia,31,70.2,24.5,55.4,759,1716,0.442,482,921,0.523,1.27,0.523
2005,55,Vermont,30,72.6,25.4,57.4,761,1723,0.442,506,1015,0.499,1.26,0.516
2005,56,Iowa State,29,68.4,25.2,57.2,732,1660,0.441,625,1295,0.483,1.19,0.473
2005,57,Saint Mary's,33,70.2,23.5,53.5,776,1767,0.439,546,1117,0.489,1.31,0.504
2005,58,Cincinnati,31,76.4,25.5,58.2,792,1805,0.439,587,1215,0.483,1.31,0.496
2005,59,Niagara,29,85.2,27.9,63.7,809,1847,0.438,545,1122,0.486,1.34,0.509
2005,60,Stanford,30,70.1,25,57.2,750,1715,0.437,630,1370,0.46,1.23,0.472
2005,61,Wisconsin,30,67.2,23.2,53.1,696,1592,0.437,479,1029,0.466,1.27,0.505
2005,62,Pennsylvania,28,68.5,23.5,53.9,659,1509,0.437,477,976,0.489,1.27,0.497
2005,63,Charlotte,28,78.4,26.4,61,740,1709,0.433,516,1100,0.469,1.28,0.499
2004,64,Delaware State,32,62.4,20.3,47.9,648,1533,0.423,440,926,0.475,1.3,0.491
2004,1,Gonzaga,28,83,29.3,56.4,821,1579,0.52,635,1137,0.558,1.47,0.579
2004,2,Oklahoma State,29,79.2,29.4,56.9,853,1650,0.517,710,1283,0.553,1.39,0.56
2004,3,Murray State,33,81.1,29.6,59.4,977,1960,0.498,761,1321,0.576,1.37,0.554
2004,4,Michigan State,29,71.4,25,50.5,725,1464,0.495,540,1006,0.537,1.42,0.558
2004,5,BYU,29,73.3,25.4,52.2,738,1514,0.487,577,1052,0.548,1.4,0.541
2004,6,Princeton,27,63.4,22.8,47,616,1268,0.486,452,794,0.569,1.35,0.55
2004,7,Arizona,30,87.6,31.5,65.1,946,1952,0.485,724,1377,0.526,1.35,0.541
2004,8,Stanford,30,73.9,26.5,54.8,796,1644,0.484,640,1218,0.525,1.35,0.532
2004,9,Florida,29,77.1,27,55.9,783,1621,0.483,547,995,0.55,1.38,0.556
2004,10,Air Force,28,60.2,20.3,42,568,1177,0.483,331,555,0.596,1.43,0.583
2004,11,Pittsburgh,33,69.2,25.7,53.3,849,1760,0.482,709,1313,0.54,1.3,0.522
2004,12,UConn,33,79.1,30.1,62.6,994,2067,0.481,783,1540,0.508,1.26,0.532
2004,13,Eastern Washington,29,70.6,25,52.2,726,1515,0.479,550,1046,0.526,1.35,0.537
2004,14,Saint Joseph's,28,77.8,27.2,56.8,761,1590,0.479,488,919,0.531,1.37,0.564
2004,15,UTEP,31,77.3,26,54.6,805,1692,0.476,613,1196,0.513,1.42,0.533
2004,16,Utah,32,65.1,23.4,49.4,749,1580,0.474,556,1092,0.509,1.32,0.535
2004,17,VCU,30,70.8,26.1,55,782,1650,0.474,585,1140,0.513,1.29,0.534
2004,18,Wake Forest,28,83.8,28.5,60.4,798,1692,0.472,584,1133,0.515,1.39,0.535
2004,19,Duke,31,79.5,27.4,58.1,849,1801,0.471,624,1197,0.521,1.37,0.534
2004,20,Georgia Tech,32,78.1,27.4,58.4,878,1868,0.47,646,1248,0.518,1.34,0.532
2004,21,Kentucky,29,72.6,26.6,56.6,771,1641,0.47,592,1136,0.521,1.28,0.524
2004,22,DePaul,30,70.9,25.6,54.6,769,1637,0.47,616,1215,0.507,1.3,0.516
2004,23,Pacific,31,69.1,23.1,49.3,717,1529,0.469,534,1017,0.525,1.4,0.529
2004,24,Louisiana,28,77.9,27.9,59.5,781,1666,0.469,549,1050,0.523,1.31,0.538
2004,25,Illinois,29,73.2,27,57.6,783,1671,0.469,582,1082,0.538,1.27,0.529
2004,26,Mississippi State,28,77.1,27.4,58.5,766,1638,0.468,585,1127,0.519,1.32,0.523
2004,27,Texas Tech,32,73.4,27.1,58.4,868,1870,0.464,750,1522,0.493,1.26,0.496
2004,28,Syracuse,28,72.9,27.7,59.8,775,1673,0.463,654,1285,0.509,1.22,0.499
2004,29,Western Michigan,30,79.2,27.4,59.2,823,1777,0.463,608,1211,0.502,1.34,0.524
2004,30,Washington,30,81.4,28.5,61.6,855,1847,0.463,660,1298,0.508,1.32,0.516
2004,31,North Carolina,28,83.1,29.6,64.1,830,1795,0.462,648,1281,0.506,1.3,0.513
2004,32,East Tennessee State,32,79.4,28.7,62,917,1985,0.462,722,1428,0.506,1.28,0.511
2004,33,UCF,30,71.2,25.9,56,776,1680,0.462,549,1042,0.527,1.27,0.529
2004,34,Kansas,29,75,27.1,58.7,786,1703,0.462,618,1197,0.516,1.28,0.511
2004,35,Seton Hall,29,71.9,26,56.7,755,1644,0.459,585,1162,0.503,1.27,0.511
2004,36,Nevada,31,75.8,26.7,58.5,829,1812,0.458,677,1370,0.494,1.3,0.499
2004,37,Cincinnati,30,76.9,27,59.1,811,1773,0.457,594,1209,0.491,1.3,0.519
2004,38,UIC,31,70,25.5,55.9,790,1733,0.456,635,1339,0.474,1.25,0.501
2004,39,Boston College,32,68.8,24.3,53.5,776,1711,0.454,656,1335,0.491,1.29,0.489
2004,40,Providence,28,71.5,24.8,54.7,694,1531,0.453,472,928,0.509,1.31,0.526
2004,41,Alabama,29,72.2,24.9,55,722,1594,0.453,515,1054,0.489,1.31,0.518
2004,42,NC State,29,73.3,24.7,54.6,715,1582,0.452,473,877,0.539,1.34,0.528
2004,43,Dayton,32,68,23.5,52.1,753,1667,0.452,549,1043,0.526,1.3,0.513
2004,44,Charlotte,29,79.3,27.1,60.2,787,1747,0.45,561,1089,0.515,1.32,0.515
2004,45,Vanderbilt,30,73.8,25.7,57.4,772,1721,0.449,538,1073,0.501,1.29,0.517
2004,46,Wisconsin,29,68.6,23.7,53.2,688,1543,0.446,518,1030,0.503,1.29,0.501
2004,47,Valparaiso,30,72.3,24.9,55.9,747,1677,0.445,588,1165,0.505,1.29,0.493
2004,48,Southern Illinois,29,71.3,26.3,59.2,763,1716,0.445,590,1190,0.496,1.2,0.495
2004,49,Texas,29,78.1,27.9,62.8,809,1821,0.444,607,1270,0.478,1.24,0.5
2004,50,UAB,29,74.6,27.6,62.2,799,1803,0.443,611,1234,0.495,1.2,0.495
2004,51,Manhattan,29,74.3,24.4,55.2,707,1601,0.442,540,1147,0.471,1.35,0.494
2004,52,Northern Iowa,30,69.6,23.4,53,702,1590,0.442,489,987,0.495,1.31,0.508
2004,53,Xavier,33,70.4,24.5,55.6,810,1836,0.441,559,1157,0.483,1.27,0.51
2004,54,Maryland,29,76.8,28,63.6,813,1843,0.441,664,1396,0.476,1.21,0.482
2004,55,South Carolina,33,70.9,25.2,57.8,831,1906,0.436,607,1228,0.494,1.23,0.495
2004,56,UTSA,32,73.6,24.9,57.3,798,1833,0.435,566,1200,0.472,1.28,0.499
2004,57,Liberty,32,69.4,24.9,58.2,797,1862,0.428,597,1212,0.493,1.19,0.482
2004,58,Vermont,30,66.4,23.8,55.9,715,1678,0.426,523,1093,0.478,1.19,0.483
2004,59,Memphis,28,73.6,24.8,58.6,693,1642,0.422,449,964,0.466,1.25,0.496
2004,60,Alabama State,30,61.4,20.6,48.7,617,1462,0.422,451,965,0.467,1.26,0.479
2004,61,Louisville,29,73.3,24.6,58.4,712,1694,0.42,481,1013,0.475,1.25,0.488
2004,62,Monmouth,32,68.8,22.9,54.7,734,1751,0.419,507,1103,0.46,1.26,0.484
2004,63,Florida A&M,30,72.1,23.1,55.8,692,1673,0.414,438,941,0.465,1.29,0.49
2003,64,Richmond,33,64.6,22.2,54.1,734,1785,0.411,546,1177,0.464,1.19,0.464
2003,1,Colorado State,32,74.8,26.8,52.5,858,1679,0.511,724,1310,0.553,1.43,0.551
2003,2,Central Michigan,30,80.5,27.1,53.5,814,1604,0.507,601,1054,0.57,1.5,0.574
2003,3,Pittsburgh,30,74.6,26.9,53.5,806,1605,0.502,615,1072,0.574,1.39,0.562
2003,4,Creighton,33,79.2,28.7,57.5,947,1896,0.499,684,1220,0.561,1.38,0.569
2003,5,Kansas,32,82.8,30.8,62.7,987,2007,0.492,832,1553,0.536,1.32,0.53
2003,6,Illinois,29,75.6,27.1,55.7,787,1615,0.487,572,1029,0.556,1.36,0.554
2003,7,Kentucky,31,78,28.7,58.9,889,1825,0.487,704,1308,0.538,1.32,0.538
2003,8,LSU,31,73.2,26.8,55.1,831,1707,0.487,622,1162,0.535,1.33,0.548
2003,9,Marquette,28,78.4,27.2,56.3,762,1575,0.484,600,1148,0.523,1.39,0.535
2003,10,Arizona State,30,76.8,27.6,57,827,1710,0.484,706,1335,0.529,1.35,0.519
2003,11,Butler,30,68.3,24.1,50.5,722,1514,0.477,471,866,0.544,1.35,0.56
2003,12,Florida,31,75.9,26.9,56.5,835,1752,0.477,566,1066,0.531,1.34,0.553
2003,13,Mississippi State,29,70.6,26.5,55.6,768,1613,0.476,605,1140,0.531,1.27,0.527
2003,14,San Diego,29,75.7,25.7,54,745,1565,0.476,539,1029,0.524,1.4,0.542
2003,15,Milwaukee,31,77.3,27.5,57.7,851,1789,0.476,613,1117,0.549,1.34,0.542
2003,16,UConn,30,80,29.5,62.2,886,1866,0.475,704,1395,0.505,1.29,0.524
2003,17,Southern Illinois,30,74.5,27.4,57.9,821,1736,0.473,638,1261,0.506,1.29,0.526
2003,18,Wagner,31,75.5,27.2,57.7,844,1788,0.472,626,1220,0.513,1.31,0.533
2003,19,Weber State,31,74.5,24.9,52.9,771,1639,0.47,589,1087,0.542,1.41,0.526
2003,20,Syracuse,29,80.1,29.2,62.2,848,1804,0.47,696,1344,0.518,1.29,0.512
2003,21,Gonzaga,31,77.1,26.1,55.5,808,1719,0.47,586,1128,0.52,1.39,0.535
2003,22,BYU,31,72.5,24,51.3,745,1590,0.469,553,1090,0.507,1.41,0.529
2003,23,Auburn,31,70.9,25.9,55.3,803,1714,0.468,626,1200,0.522,1.28,0.52
2003,24,East Tennessee State,30,82.3,29.2,62.4,875,1873,0.467,713,1409,0.506,1.32,0.51
2003,25,Pennsylvania,27,70.2,24,51.5,648,1391,0.466,405,801,0.506,1.36,0.553
2003,26,California,29,74.5,27.3,58.7,793,1703,0.466,607,1209,0.502,1.27,0.52
2003,27,Wisconsin,29,70.7,25,53.9,726,1563,0.464,545,1059,0.515,1.31,0.522
2003,28,Maryland,28,80.8,29.4,63.4,824,1774,0.464,635,1299,0.489,1.28,0.518
2003,29,Utah State,32,66.8,24.3,52.2,776,1671,0.464,648,1297,0.5,1.28,0.503
2003,30,Western Kentucky,32,74.1,26.2,56.5,838,1807,0.464,593,1137,0.522,1.31,0.532
2003,31,Sam Houston State,29,73.4,25.2,54.4,732,1579,0.464,544,1055,0.516,1.35,0.523
2003,32,Tulsa,31,73.5,26.4,57,818,1768,0.463,612,1200,0.51,1.29,0.521
2003,33,Holy Cross,30,70.4,24.5,53,735,1589,0.463,570,1135,0.502,1.33,0.514
2003,34,UNC Wilmington,30,71.4,26,56.4,781,1692,0.462,578,1140,0.507,1.27,0.522
2003,35,Arizona,28,85.2,30.3,65.7,849,1840,0.461,652,1278,0.51,1.3,0.515
2003,36,Oregon,32,82.2,28.6,62,915,1984,0.461,627,1248,0.502,1.33,0.534
2003,37,Austin Peay,30,71.3,24.5,53.1,734,1594,0.46,544,1062,0.512,1.34,0.52
2003,38,Louisville,30,81.8,28,60.9,839,1826,0.459,586,1123,0.522,1.34,0.529
2003,39,Utah,31,67,23.2,50.6,720,1570,0.459,497,987,0.504,1.32,0.53
2003,40,NC State,29,72.2,24.3,53.1,704,1541,0.457,470,882,0.533,1.36,0.533
2003,41,Wake Forest,29,78.4,26.1,57.2,758,1660,0.457,581,1146,0.507,1.37,0.51
2003,42,South Carolina State,30,72.8,24.8,54.4,744,1631,0.456,589,1167,0.505,1.34,0.504
2003,43,Xavier,31,78.5,27.1,59.5,839,1846,0.454,640,1294,0.495,1.32,0.508
2003,44,Duke,29,81.9,27.5,60.5,797,1754,0.454,586,1159,0.506,1.35,0.515
2003,45,IUPUI,33,71.5,24.6,54.4,811,1794,0.452,600,1183,0.507,1.31,0.511
2003,46,Dayton,29,72.8,24.5,54.2,710,1572,0.452,492,967,0.509,1.34,0.521
2003,47,Vermont,32,69.5,25.5,56.5,815,1807,0.451,640,1302,0.492,1.23,0.499
2003,48,Michigan State,31,67.2,23,51.1,714,1584,0.451,562,1169,0.481,1.32,0.499
2003,49,Manhattan,29,76.2,25.9,57.6,752,1669,0.451,592,1210,0.489,1.32,0.499
2003,50,Oklahoma State,30,69.7,25,55.7,751,1671,0.449,604,1281,0.472,1.25,0.493
2003,51,Oklahoma,29,71.9,25.5,56.8,740,1648,0.449,524,1101,0.476,1.27,0.515
2003,52,Notre Dame,31,80.1,27.2,60.7,844,1881,0.449,587,1206,0.487,1.32,0.517
2003,53,Texas,28,78.9,28,62.4,784,1748,0.449,620,1278,0.485,1.26,0.495
2003,54,Saint Joseph's,29,70.6,24.2,54.4,703,1578,0.446,470,944,0.498,1.3,0.519
2003,55,Colorado,31,75.5,27.2,61.3,843,1901,0.443,689,1428,0.482,1.23,0.484
2003,56,Missouri,30,72.6,26.3,59.4,790,1783,0.443,562,1149,0.489,1.22,0.507
2003,57,Stanford,31,72.3,25.6,58,795,1799,0.442,580,1198,0.484,1.25,0.502
2003,58,Memphis,29,74.5,26.3,60,762,1740,0.438,559,1158,0.483,1.24,0.496
2003,59,Purdue,28,71.8,23.8,54.4,665,1523,0.437,522,1089,0.479,1.32,0.484
2003,60,UNC Asheville,30,72.2,24.9,57.1,746,1714,0.435,550,1178,0.467,1.26,0.492
2003,61,Troy,31,80.5,28.7,66.2,891,2051,0.434,590,1164,0.507,1.22,0.508
2003,62,Indiana,33,70.5,23.3,54.8,770,1807,0.426,521,1090,0.478,1.29,0.495
2003,63,Alabama,28,69.3,24,57.2,673,1601,0.42,495,1045,0.474,1.21,0.476
2002,64,Cincinnati,28,67.3,22.9,56.7,641,1587,0.404,454,1041,0.436,1.19,0.463
2002,1,Kansas,32,92,34.5,67.6,1104,2162,0.511,908,1698,0.535,1.36,0.556
2002,2,Duke,32,89.7,31.6,63.4,1010,2028,0.498,738,1271,0.581,1.42,0.565
2002,3,Ohio State,30,74.2,25.8,52.6,773,1579,0.49,604,1141,0.529,1.41,0.543
2002,4,Oregon,31,85.9,28.9,59.2,896,1834,0.489,627,1200,0.523,1.45,0.562
2002,5,Hampton,32,79.9,28.4,58.5,909,1872,0.486,700,1279,0.547,1.37,0.541
2002,6,Maryland,30,85.3,30.4,63,913,1891,0.483,733,1404,0.522,1.35,0.53
2002,7,Pennsylvania,31,73.1,25.5,53,791,1644,0.481,536,1001,0.535,1.38,0.559
2002,8,UConn,30,77.9,29,60.3,869,1808,0.481,737,1465,0.503,1.29,0.517
2002,9,Mississippi State,33,74.2,27.1,56.4,894,1861,0.48,712,1344,0.53,1.32,0.529
2002,10,San Diego State,32,74.7,27.6,57.6,883,1843,0.479,743,1452,0.512,1.3,0.517
2002,11,Gonzaga,32,81.6,27.8,58.1,888,1858,0.478,658,1278,0.515,1.41,0.54
2002,12,Tulsa,32,80.4,28.3,59.3,904,1897,0.477,661,1298,0.509,1.36,0.541
2002,13,Wake Forest,32,81.8,29.3,61.6,938,1971,0.476,717,1351,0.531,1.33,0.532
2002,14,UCLA,30,73.9,26.8,56.4,803,1691,0.475,599,1189,0.504,1.31,0.535
2002,15,Marquette,32,73.3,26.4,55.7,844,1782,0.474,677,1344,0.504,1.32,0.52
2002,16,Kent State,32,76.4,27.6,58.3,883,1865,0.473,678,1312,0.517,1.31,0.528
2002,17,Florida,30,80.4,28.8,61.1,865,1833,0.472,641,1197,0.536,1.32,0.533
2002,18,Pittsburgh,32,72.6,26.4,56.3,846,1801,0.47,642,1174,0.547,1.29,0.526
2002,19,Utah,29,67.7,23,49,667,1420,0.47,441,859,0.513,1.38,0.549
2002,20,Western Kentucky,31,78.2,27.5,58.7,854,1821,0.469,584,1110,0.526,1.33,0.543
2002,21,Texas Tech,31,79.5,29.2,62.3,905,1932,0.468,763,1556,0.49,1.28,0.505
2002,22,Creighton,30,75.9,26.6,56.7,797,1702,0.468,589,1136,0.518,1.34,0.529
2002,23,Illinois,32,77.3,25.8,55.2,825,1766,0.467,604,1146,0.527,1.4,0.53
2002,24,Michigan State,30,69.7,24.9,53.4,747,1601,0.467,574,1166,0.492,1.31,0.521
2002,25,Cincinnati,33,77.2,27.2,58.4,898,1927,0.466,708,1398,0.506,1.32,0.515
2002,26,Ole Miss,30,72.5,24.1,51.9,724,1556,0.465,499,973,0.513,1.4,0.538
2002,27,Southern Illinois,33,75.9,27.2,58.9,899,1943,0.463,691,1384,0.499,1.29,0.516
2002,28,Arizona,31,83,28,60.6,868,1878,0.462,629,1249,0.504,1.37,0.526
2002,29,Notre Dame,31,78.8,28.2,61.2,874,1898,0.46,644,1291,0.499,1.29,0.521
2002,30,Central Connecticut,31,71.8,25.6,56,795,1735,0.458,662,1351,0.49,1.28,0.497
2002,31,Missouri,32,79.5,28.8,62.8,920,2008,0.458,626,1257,0.498,1.27,0.531
2002,32,Pepperdine,30,81.5,29.2,64.1,877,1922,0.456,654,1315,0.497,1.27,0.514
2002,33,Wyoming,29,75.6,25.6,56.2,743,1630,0.456,618,1215,0.509,1.34,0.494
2002,34,Montana,30,71.9,24.5,53.9,736,1617,0.455,527,1037,0.508,1.33,0.52
2002,35,California,30,72.6,26.4,58,791,1741,0.454,615,1185,0.519,1.25,0.505
2002,36,NC State,32,75.7,25.6,56.4,819,1804,0.454,554,1066,0.52,1.34,0.527
2002,37,Stanford,28,81.2,27.6,60.8,772,1703,0.453,573,1130,0.507,1.33,0.512
2002,38,Hawai'i,32,72.2,24.8,54.8,795,1754,0.453,562,1144,0.491,1.32,0.52
2002,39,Texas,31,79,28.1,62.1,871,1924,0.453,684,1418,0.482,1.27,0.501
2002,40,Murray State,31,78.9,29.5,65.2,914,2022,0.452,714,1395,0.512,1.21,0.501
2002,41,Indiana,31,70.2,24.7,54.8,767,1698,0.452,544,1132,0.481,1.28,0.517
2002,42,Xavier,30,72.7,24.4,54.2,733,1626,0.451,547,1107,0.494,1.34,0.508
2002,43,Valparaiso,32,78,27.2,60.3,870,1931,0.451,604,1170,0.516,1.29,0.519
2002,44,Oklahoma State,31,72,26.3,58.4,814,1810,0.45,651,1316,0.495,1.23,0.495
2002,45,UC Santa Barbara,30,66.2,22.2,49.4,666,1482,0.449,481,1010,0.476,1.34,0.512
2002,46,Kentucky,29,76.6,28.4,63.4,824,1839,0.448,627,1201,0.522,1.21,0.502
2002,47,Oklahoma,31,78.2,28.4,63.6,881,1971,0.447,670,1384,0.484,1.23,0.501
2002,48,Georgia,30,76.1,27.2,61,817,1829,0.447,640,1267,0.505,1.25,0.495
2002,49,UIC,33,73.9,25.5,57.5,843,1896,0.445,597,1299,0.46,1.29,0.509
2002,50,Charlotte,29,73.9,25.5,57.5,740,1668,0.444,500,1018,0.491,1.28,0.516
2002,51,McNeese,29,70.5,24.9,56.2,721,1629,0.443,554,1179,0.47,1.25,0.494
2002,52,USC,31,77.6,28.5,64.5,882,2000,0.441,691,1446,0.478,1.2,0.489
2002,53,Alabama,33,76.2,26.2,59.6,864,1967,0.439,655,1291,0.507,1.28,0.492
2002,54,Wisconsin,30,66.9,23,52.4,689,1572,0.438,492,1013,0.486,1.28,0.501
2002,55,Davidson,30,70.9,25,57.5,751,1725,0.435,506,1034,0.489,1.23,0.506
2002,56,UNC Wilmington,31,67.1,23.7,54.5,734,1691,0.434,526,1139,0.462,1.23,0.496
2002,57,Miami,31,74.7,25.6,59.2,795,1835,0.433,565,1174,0.481,1.26,0.496
2002,58,Boston University,31,67.6,23.6,55,731,1704,0.429,533,1161,0.459,1.23,0.487
2002,59,Florida Atlantic,30,74.2,27.6,64.8,829,1943,0.427,656,1433,0.458,1.15,0.471
2002,60,Winthrop,30,68.5,23.6,55.9,709,1678,0.423,515,1061,0.485,1.22,0.48
2002,61,Boston College,31,74.1,25.1,59.7,779,1850,0.421,572,1239,0.462,1.24,0.477
2002,62,Siena,34,69.6,23.4,56.5,797,1920,0.415,559,1234,0.453,1.23,0.477
2002,63,Holy Cross,32,63.3,21.1,51.5,674,1649,0.409,530,1225,0.433,1.23,0.452
,64,St. John's,31,70.3,24.5,61.2,760,1897,0.401,628,1437,0.437,1.15,0.435