Year,RK,Team,GP,PPG,FTM-PG,FTA-PG,FTM-T,FTA-T,FT%
2021,1,Oral Roberts,26,81.8,14,17,364,442,0.824
2021,2,Colorado,30,73,14,17,419,510,0.822
2021,3,Virginia,24,68.6,9.5,11.6,227,278,0.817
2021,4,Eastern Washington,23,78,14.1,18,325,413,0.787
2021,5,Syracuse,25,75.8,13.6,17.4,341,435,0.784
2021,6,Michigan,24,76.3,13,16.7,311,400,0.778
2021,7,Liberty,28,74.9,10.2,13.1,286,368,0.777
2021,8,Drexel,19,71.5,12.1,15.6,230,296,0.777
2021,9,Wisconsin,29,69.6,12,15.7,349,455,0.767
2021,10,Villanova,22,75.5,13.5,17.6,297,388,0.765
2021,11,Clemson,23,65.3,9.9,13,228,298,0.765
2021,12,Ohio State,30,77.3,16.4,21.5,493,646,0.763
2021,13,VCU,26,71.7,14.5,19.1,378,497,0.761
2021,14,Oregon State,29,70.7,14.6,19.2,422,557,0.758
2021,15,Florida,23,74,14.5,19.2,334,441,0.757
2021,16,Georgetown,25,71.4,13.4,17.7,334,443,0.754
2021,17,UC Santa Barbara,26,76.5,14.6,19.4,379,505,0.75
2021,18,LSU,27,82.1,15.9,21.3,429,575,0.746
2021,19,Tennessee,26,72.5,15,20.1,390,523,0.746
2021,20,Oklahoma,25,74.8,13.2,17.7,329,442,0.744
2021,21,Iona,17,72.2,15,20.2,255,343,0.743
2021,22,Houston,27,77.6,13.6,18.3,366,494,0.741
2021,23,Florida State,22,78.9,14.3,19.4,315,427,0.738
2021,24,Arkansas,28,82.4,15.6,21.2,437,593,0.737
2021,25,Appalachian State,28,70.9,14.7,19.9,411,558,0.737
2021,26,North Texas,26,69.8,10.8,14.8,282,384,0.734
2021,27,St. Bonaventure,20,70.5,11.9,16.2,237,323,0.734
2021,28,UConn,22,72.5,13,17.8,286,391,0.731
2021,29,Colgate,15,86.3,14.3,19.6,215,294,0.731
2021,30,BYU,26,78.7,12,16.4,312,427,0.731
2021,31,Gonzaga,26,92.1,16.5,22.7,429,590,0.727
2021,32,Georgia Tech,25,75.5,12.4,17,309,425,0.727
2021,33,Utah State,28,73.3,13.2,18.1,369,508,0.726
2021,34,San Diego State,27,74.1,14.1,19.5,381,527,0.723
2021,35,Loyola Chicago,28,71.5,11.8,16.4,331,458,0.723
2021,36,UCLA,26,72.8,13.4,18.6,349,484,0.721
2021,37,Michigan State,27,69,13.2,18.3,356,494,0.721
2021,38,Alabama,30,79.6,13.3,18.5,399,554,0.72
2021,39,West Virginia,27,77.3,17.4,24.2,469,654,0.717
2021,40,Iowa,29,83.8,14.5,20.3,420,589,0.713
2021,41,Oklahoma State,28,77.1,15.3,21.5,429,602,0.713
2021,42,Drake,29,77.4,10.5,14.8,305,428,0.713
2021,43,Kansas,28,73.1,13,18.3,364,511,0.712
2021,44,Hartford,23,65.9,11.1,15.6,255,358,0.712
2021,45,Purdue,27,71.1,13,18.2,350,492,0.711
2021,46,Texas Tech,27,73,16,22.5,432,608,0.711
2021,47,Texas,26,75.2,14,19.7,363,513,0.708
2021,48,Norfolk State,23,75.2,16,22.7,368,521,0.706
2021,49,Oregon,26,74.4,11,15.6,286,406,0.704
2021,50,Maryland,29,68.8,12.5,17.8,363,517,0.702
2021,51,Ohio,23,80.9,12.7,18.2,293,418,0.701
2021,52,Texas Southern,24,74.8,16,23,385,551,0.699
2021,53,Missouri,25,73.6,15,21.6,376,539,0.698
2021,54,Virginia Tech,21,72.1,13,18.7,274,393,0.697
2021,55,Baylor,24,84.4,11.9,17,285,409,0.697
2021,56,Illinois,29,81.4,15.9,23.1,462,669,0.691
2021,57,Wichita State,21,72.4,15.1,21.9,317,460,0.689
2021,58,Winthrop,24,79.5,14.9,21.8,358,522,0.686
2021,59,Grand Canyon,23,75.6,12.6,18.4,290,423,0.686
2021,60,UNC Greensboro,29,73.6,10.6,15.6,308,451,0.683
2021,61,Morehead State,30,68.8,13.1,19.2,392,575,0.682
2021,62,Mount St. Mary's,22,63.7,10.9,16.1,240,354,0.678
2021,63,Abilene Christian,27,77.6,14.2,21.1,384,571,0.673
2021,64,Cleveland State,26,71.5,12.5,18.6,324,484,0.669
2021,65,North Carolina,28,75.7,14.6,21.9,410,614,0.668
2021,66,USC,29,74.8,14.1,21.8,409,632,0.647
2021,67,Creighton,28,77,10.3,16.1,289,450,0.642
2021,68,Rutgers,26,70,10.4,16.4,270,427,0.632
2019,1,Ole Miss,32,75.4,14.3,18.3,458,585,0.783
2019,2,Louisville,33,74.5,15.7,20.3,519,670,0.775
2019,3,North Dakota State,33,73.2,13.5,17.4,445,575,0.774
2019,4,Liberty,34,74,11,14.3,374,485,0.771
2019,5,Gonzaga,33,88.8,16.7,21.8,551,718,0.767
2019,6,Tennessee,33,82.3,15.5,20.3,510,669,0.762
2019,7,Marquette,33,77.7,15.6,20.6,516,680,0.759
2019,8,Virginia Tech,32,74,12.9,17,413,545,0.758
2019,9,LSU,32,81.4,17.5,23.3,561,744,0.754
2019,10,Vermont,33,73.9,15.2,20.2,500,665,0.752
2019,11,Northeastern,33,76.1,14,18.6,461,614,0.751
2019,12,Michigan State,33,79.2,15.1,20.1,498,664,0.75
2019,13,Maryland,32,71.3,13.7,18.3,437,584,0.748
2019,14,Utah State,34,79.2,16,21.4,543,727,0.747
2019,15,Virginia,32,71.8,12.1,16.3,388,520,0.746
2019,16,Saint Mary's,33,72.9,12.4,16.6,409,549,0.745
2019,17,North Carolina,33,86.1,15.3,20.6,505,681,0.742
2019,18,Colgate,34,75.8,12.1,16.4,413,557,0.741
2019,19,Iona,32,76.8,15.8,21.4,507,684,0.741
2019,20,Florida State,34,74.9,15.7,21.2,534,721,0.741
2019,21,Iowa,33,78.3,18,24.3,593,801,0.74
2019,22,Kentucky,33,76.7,17.5,23.6,577,780,0.74
2019,23,Belmont,31,87.4,13.3,18,411,557,0.738
2019,24,Murray State,31,83.3,15,20.3,464,629,0.738
2019,25,Ohio State,33,69.6,13.8,18.8,455,620,0.734
2019,26,Purdue,32,76.2,12.9,17.6,413,564,0.732
2019,27,Iowa State,34,77.4,13,17.8,443,605,0.732
2019,28,Fairleigh Dickinson,33,75.4,14.6,20,483,660,0.732
2019,29,Temple,32,74.8,14.5,19.9,465,636,0.731
2019,30,Texas Tech,32,73.1,13.5,18.6,433,595,0.728
2019,31,Villanova,34,74.5,14.4,19.9,491,675,0.727
2019,32,St. John's,33,77.5,13.1,18.1,433,597,0.725
2019,33,Yale,28,80.6,13.3,18.3,371,512,0.725
2019,34,Oregon,35,70.5,12.3,17.1,429,597,0.719
2019,35,Florida,34,68.3,12.2,17,416,579,0.718
2019,36,Abilene Christian,33,74.5,13.7,19.2,452,632,0.715
2019,37,Mississippi State,33,77.3,13.5,18.9,446,624,0.715
2019,38,North Carolina Central,33,71.4,13.4,18.8,443,620,0.715
2019,39,Gardner-Webb,34,78.3,15.4,21.7,524,737,0.711
2019,40,Auburn,34,79.4,13.5,19.1,460,648,0.71
2019,41,Seton Hall,33,73.9,14.6,20.7,483,682,0.708
2019,42,Nevada,33,80.7,17,24,560,791,0.708
2019,43,Houston,33,76.2,13.4,19.1,443,629,0.704
2019,44,Cincinnati,33,71.8,15.3,21.8,505,719,0.702
2019,45,Wofford,33,83,11.5,16.5,381,545,0.699
2019,46,VCU,32,71.4,14.2,20.4,455,652,0.698
2019,47,Kansas,34,75.4,13.6,19.4,461,661,0.697
2019,48,UC Irvine,35,72.9,12.1,17.4,423,608,0.696
2019,49,Michigan,33,70.7,10.8,15.6,357,514,0.695
2019,50,Washington,34,69.8,13.2,19.1,450,648,0.694
2019,51,Bradley,34,66.6,13.3,19.2,453,654,0.693
2019,52,Buffalo,34,84.9,14.6,21.1,497,719,0.691
2019,53,Oklahoma,32,71.2,12.7,18.3,405,586,0.691
2019,54,Duke,34,83.5,15.2,22.1,518,751,0.69
2019,55,Montana,34,76.8,12.3,17.9,419,608,0.689
2019,56,Prairie View A&M,34,75,17.4,25.5,591,868,0.681
2019,57,Syracuse,33,69.7,14.1,20.7,465,683,0.681
2019,58,Minnesota,34,70.8,16.1,23.8,549,808,0.679
2019,59,New Mexico State,34,78.1,13.6,20.2,464,687,0.675
2019,60,Baylor,32,71.7,12.7,18.9,407,604,0.674
2019,61,Arizona State,32,77.8,17.4,25.9,556,829,0.671
2019,62,Northern Kentucky,34,79.1,14,21.1,477,717,0.665
2019,63,Kansas State,33,65.8,11.2,16.9,371,559,0.664
2019,64,Old Dominion,34,66.2,11.2,17,382,579,0.66
2019,65,Georgia State,32,77.2,13.3,20.1,424,643,0.659
2019,66,Wisconsin,33,69.1,10.2,15.7,336,518,0.649
2019,67,UCF,31,72.1,16,24.7,495,767,0.645
2019,68,Saint Louis,34,67.4,13.7,22.9,467,778,0.6
2018,1,Davidson,31,77,11,13.8,340,428,0.794
2018,2,Xavier,33,84.3,18.7,23.7,617,781,0.79
2018,3,Auburn,32,83.4,19.4,24.7,620,789,0.786
2018,4,Villanova,34,87.1,13.6,17.6,462,599,0.771
2018,5,Butler,33,79.1,12.5,16.2,413,536,0.771
2018,6,Marshall,34,84.3,15.9,20.7,540,704,0.767
2018,7,West Virginia,34,79.6,15.3,20,520,679,0.766
2018,8,Arizona,34,80.9,16.3,21.5,555,730,0.76
2018,9,South Dakota State,34,84.9,16.6,21.9,566,745,0.76
2018,10,Charleston,33,75.1,15.8,20.8,520,685,0.759
2018,11,Virginia,33,67.5,10.2,13.4,336,443,0.758
2018,12,Clemson,32,73.3,14.4,19,461,609,0.757
2018,13,Tennessee,32,74.3,15.9,21,508,673,0.755
2018,14,St. Bonaventure,32,77.9,17.4,23.1,557,739,0.754
2018,15,Michigan State,33,81,15.4,20.5,509,678,0.751
2018,16,Oklahoma,31,85.2,15.9,21.3,494,660,0.748
2018,17,Creighton,32,84.3,12.3,16.4,393,526,0.747
2018,18,Nevada,34,83.1,16.7,22.4,569,762,0.747
2018,19,Kansas State,33,72.4,13.7,18.4,451,607,0.743
2018,20,Purdue,34,81.1,15.2,20.5,517,696,0.743
2018,21,North Carolina,35,82,13.8,18.6,483,652,0.741
2018,22,Syracuse,33,67.5,16.2,21.8,534,721,0.741
2018,23,Iona,33,79.8,13.7,18.5,452,612,0.739
2018,24,Arizona State,31,83.5,18.6,25.3,578,783,0.738
2018,25,Wichita State,32,83,15.8,21.3,504,683,0.738
2018,26,Missouri,32,73.3,15.3,20.8,491,667,0.736
2018,27,CSU Fullerton,31,73.2,17.3,23.5,535,729,0.734
2018,28,Murray State,31,78.9,15.6,21.4,485,664,0.73
2018,29,Ohio State,32,75.8,13.2,18.2,422,581,0.726
2018,30,Loyola Chicago,33,72.4,12.3,17,406,561,0.724
2018,31,Radford,34,67.4,12.4,17.2,423,585,0.723
2018,32,Gonzaga,34,84.5,13.7,19,466,645,0.722
2018,33,UCLA,32,81.9,15.9,22,509,705,0.722
2018,34,San Diego State,32,77.5,15,20.8,481,667,0.721
2018,35,Florida,32,76.1,14.4,20,460,640,0.719
2018,36,Texas Southern,34,77.6,18.2,25.3,618,860,0.719
2018,37,Bucknell,34,81.1,17.8,24.8,606,844,0.718
2018,38,Wright State,34,72.1,15.1,21,512,714,0.717
2018,39,Lipscomb,32,82.6,18.1,25.3,580,811,0.715
2018,40,Houston,32,78.1,13.8,19.3,440,616,0.714
2018,41,North Carolina A&T,34,75.6,16.1,22.5,546,766,0.713
2018,42,Rhode Island,31,76.8,13.3,18.7,413,580,0.712
2018,43,Virginia Tech,32,79.7,14.7,20.7,469,661,0.71
2018,44,Duke,33,84.7,15.3,21.6,505,713,0.708
2018,45,TCU,32,83,14.5,20.5,465,657,0.708
2018,46,Montana,33,78.1,16.5,23.3,543,769,0.706
2018,47,Stephen F. Austin,34,81.1,16.4,23.3,558,791,0.705
2018,48,Providence,34,73.7,16,22.8,545,775,0.703
2018,49,UNC Greensboro,34,73.5,11.1,15.9,378,539,0.701
2018,50,Texas Tech,33,75.2,15.9,22.7,525,749,0.701
2018,51,Kansas,34,81.5,11.1,15.9,378,540,0.7
2018,52,NC State,32,81.2,14.8,21.1,473,676,0.7
2018,53,Buffalo,34,84.8,13.6,19.6,464,666,0.697
2018,54,Long Island University,34,77.5,15.6,22.4,531,763,0.696
2018,55,Iowa,33,79.7,14.7,21.2,486,699,0.695
2018,56,Seton Hall,32,79,14.6,21.1,467,674,0.693
2018,57,Kentucky,33,76.7,17.1,24.7,564,814,0.693
2018,58,Cincinnati,33,75,14.7,21.4,486,706,0.688
2018,59,North Carolina Central,34,72.8,11.9,17.4,406,591,0.687
2018,60,Florida State,31,81.8,15.3,22.3,473,691,0.685
2018,61,Arkansas,34,81.1,15.4,22.6,522,770,0.678
2018,62,Georgia State,33,75.4,12.1,17.9,398,592,0.672
2018,63,Alabama,34,72.4,15.4,22.9,523,778,0.672
2018,64,Texas,33,71.7,13.1,19.5,431,645,0.668
2018,65,Texas A&M,32,75,13,19.4,415,622,0.667
2018,66,Pennsylvania,31,76.7,13.3,20,412,621,0.663
2018,67,Miami,31,74.2,11.4,17.2,354,534,0.663
2018,68,Michigan,35,74.5,11.4,17.3,400,607,0.659
2018,69,UMBC,34,73.9,11.6,17.9,395,609,0.649
2018,70,New Mexico State,33,75.9,11.4,17.8,377,586,0.643
2017,1,Notre Dame,34,78,13.5,16.9,458,573,0.799
2017,2,Villanova,34,77.7,15.1,19.1,515,649,0.794
2017,3,Oklahoma State,32,85.5,18.9,24.1,606,770,0.787
2017,4,Marquette,31,82.5,14.4,18.4,445,571,0.779
2017,5,Vanderbilt,34,71.3,14.6,18.9,498,642,0.776
2017,6,South Dakota State,34,77.6,17.6,22.7,598,771,0.776
2017,7,Michigan,35,74.8,12.9,16.6,450,581,0.775
2017,8,Wake Forest,32,82.7,18.4,23.9,590,764,0.772
2017,9,Iona,34,80.5,14.8,19.2,502,652,0.77
2017,10,Purdue,32,80.1,15.3,20,488,639,0.764
2017,11,Arkansas,34,79.8,17.8,23.4,605,794,0.762
2017,12,Duke,35,80.7,17.1,22.6,599,790,0.758
2017,13,Arizona,34,76.3,17.1,22.6,582,768,0.758
2017,14,Northwestern,34,71.1,13.4,17.9,456,607,0.751
2017,15,Saint Mary's,32,72,10.6,14.1,338,452,0.748
2017,16,UCLA,33,90.4,13,17.5,429,576,0.745
2017,17,Butler,31,76.3,15,20.3,466,630,0.74
2017,18,USC,33,78.7,16.5,22.3,544,736,0.739
2017,19,Gonzaga,33,84.6,16.5,22.4,546,740,0.738
2017,20,Virginia Tech,32,79.3,16.4,22.3,525,715,0.734
2017,21,Princeton,29,72.1,10.4,14.1,301,410,0.734
2017,22,Texas Southern,34,74.4,18.9,25.8,643,876,0.734
2017,23,Wichita State,34,82.1,17.5,23.9,596,812,0.734
2017,24,Florida,32,78.3,17.3,23.9,555,764,0.726
2017,25,Troy,36,78.4,16.7,23.2,602,834,0.722
2017,26,Winthrop,32,79.7,16.1,22.3,515,715,0.72
2017,27,Kent State,35,76.9,15.3,21.2,534,743,0.719
2017,28,North Dakota,31,80.5,15.8,22,490,682,0.718
2017,29,Miami,32,69.4,13.5,18.8,431,600,0.718
2017,30,Baylor,32,72.7,13.6,19,435,607,0.717
2017,31,New Orleans,31,73.1,16.9,23.8,525,737,0.712
2017,32,Jacksonville State,34,69.7,13.4,18.8,455,639,0.712
2017,33,New Mexico State,33,78.9,17.9,25.2,591,830,0.712
2017,34,Oregon,34,79.1,14.4,20.2,489,688,0.711
2017,35,Virginia,32,66.6,9.8,13.8,313,442,0.708
2017,36,VCU,34,74.7,15,21.2,510,721,0.707
2017,37,Minnesota,33,75.3,16.8,23.8,555,785,0.707
2017,38,North Carolina,34,84.9,15.6,22.1,531,753,0.705
2017,39,East Tennessee State,34,79.9,17.4,24.7,591,840,0.704
2017,40,Nevada,34,80,17.4,24.8,593,843,0.703
2017,41,Vermont,34,73.6,13.2,18.9,450,641,0.702
2017,42,Florida Gulf Coast,33,79.4,13.7,19.5,452,644,0.702
2017,43,Kentucky,34,85.9,18.5,26.4,630,899,0.701
2017,44,Maryland,32,74.2,15.6,22.3,498,713,0.698
2017,45,Middle Tennessee,34,75,12.1,17.4,412,590,0.698
2017,46,Iowa State,33,80.9,12.1,17.3,398,572,0.696
2017,47,SMU,34,74.5,14,20.2,477,686,0.695
2017,48,Florida State,33,82.5,16.1,23.2,530,766,0.692
2017,49,UNC Wilmington,34,85.2,14.1,20.3,478,691,0.692
2017,50,Providence,32,70.3,14.4,20.8,460,666,0.691
2017,51,South Carolina,32,72.1,16.1,23.4,516,748,0.69
2017,52,Kansas State,33,71.7,15.1,21.9,499,724,0.689
2017,53,Dayton,31,76.5,16.6,24.1,515,748,0.689
2017,54,Xavier,34,74.6,16.1,23.4,546,794,0.688
2017,55,Louisville,32,77.5,14.6,21.3,467,682,0.685
2017,56,Cincinnati,34,74.5,13.2,19.3,448,656,0.683
2017,57,Creighton,34,82.1,11.5,16.9,391,573,0.682
2017,58,North Carolina Central,33,75.1,13.8,20.3,457,671,0.681
2017,59,Bucknell,34,76.1,14.1,20.8,480,707,0.679
2017,60,West Virginia,34,82,16.4,24.2,558,823,0.678
2017,61,Northern Kentucky,34,76.1,14.5,21.4,493,729,0.676
2017,62,Mount St. Mary's,34,68.3,12.2,18.1,415,615,0.675
2017,63,Kansas,32,82.7,14.9,22.3,476,715,0.666
2017,64,UC Davis,34,70.5,15.4,23.2,524,788,0.665
2017,65,Michigan State,33,71.7,12.4,18.6,408,614,0.664
2017,66,Rhode Island,33,73.4,15,22.8,494,752,0.657
2017,67,Wisconsin,34,71.9,12,18.6,407,632,0.644
2017,68,Seton Hall,32,73.3,14.3,22.3,458,712,0.643
2016,1,UConn,33,73.5,13.2,16.9,437,557,0.785
2016,2,Villanova,34,77,15.2,19.5,516,664,0.777
2016,3,Gonzaga,33,79.7,15.6,20.5,514,676,0.76
2016,4,Maryland,33,76.1,15.3,20.2,506,666,0.76
2016,5,Pittsburgh,32,76,16,21.2,512,679,0.754
2016,6,Virginia,33,70.4,12.9,17.1,426,565,0.754
2016,7,Northern Iowa,34,68,12.7,16.9,432,574,0.753
2016,8,Miami,32,75.6,16.5,21.9,527,702,0.751
2016,9,Texas Tech,31,72.4,17.6,23.6,546,732,0.746
2016,10,Purdue,33,78.2,15.1,20.4,499,674,0.74
2016,11,South Dakota State,33,76.3,17.2,23.2,566,766,0.739
2016,12,Colorado,33,76,17.4,23.6,575,779,0.738
2016,13,North Carolina,34,82.3,15.3,20.7,520,705,0.738
2016,14,Michigan,34,74.3,11.9,16.1,404,548,0.737
2016,15,Notre Dame,32,75.7,14.1,19.1,450,612,0.735
2016,16,Chattanooga,34,75.8,17.1,23.3,581,793,0.733
2016,17,Little Rock,32,71,12.8,17.4,408,557,0.732
2016,18,Butler,31,80.6,17.5,23.9,542,741,0.731
2016,19,Xavier,32,81.3,19,26,608,832,0.731
2016,20,Stephen F. Austin,32,80.7,14.9,20.4,477,653,0.73
2016,21,Oklahoma,32,80.4,14.7,20.2,471,647,0.728
2016,22,Michigan State,33,80.2,13.2,18.2,436,599,0.728
2016,23,Baylor,33,77.2,16.2,22.3,536,737,0.727
2016,24,Providence,33,74,16.4,22.5,541,744,0.727
2016,25,Indiana,32,82.3,14,19.4,449,621,0.723
2016,26,Arizona,33,81.2,18.6,25.7,613,848,0.723
2016,27,Duke,33,81.5,17.3,24,572,792,0.722
2016,28,Saint Joseph's,33,77.3,16.2,22.5,533,741,0.719
2016,29,Iowa,31,78.1,14.7,20.5,456,634,0.719
2016,30,Wichita State,32,73.2,15.8,22.2,507,710,0.714
2016,31,Utah,34,77.6,15.4,21.6,524,734,0.714
2016,32,Oregon,34,78.8,17.1,23.9,580,813,0.713
2016,33,Iona,32,79.6,14.1,19.8,451,633,0.712
2016,34,Buffalo,34,77.6,17.6,24.9,600,845,0.71
2016,35,Wisconsin,32,68.9,15.3,21.7,491,694,0.707
2016,36,Iowa State,32,81.8,11.2,15.8,358,507,0.706
2016,37,Kansas,34,81.6,15.8,22.4,538,762,0.706
2016,38,Cincinnati,32,73.2,14.2,20.2,454,645,0.704
2016,39,UNC Wilmington,32,79.2,16.3,23.2,520,741,0.702
2016,40,Fairleigh Dickinson,32,77.9,14.1,20.2,451,645,0.699
2016,41,Vanderbilt,32,76.8,15.8,22.5,504,721,0.699
2016,42,UNC Asheville,33,75.6,16.7,24.1,552,795,0.694
2016,43,Holy Cross,33,65.3,13.5,19.5,446,644,0.693
2016,44,Fresno State,34,75.3,16.1,23.3,549,793,0.692
2016,45,VCU,33,77.3,14,20.2,461,668,0.69
2016,46,Temple,32,68.7,11.3,16.5,362,529,0.684
2016,47,Kentucky,33,79.6,15.6,22.8,515,753,0.684
2016,48,Syracuse,32,70.2,13.6,19.9,435,637,0.683
2016,49,Hawai'i,32,77.6,17.7,26,567,833,0.681
2016,50,USC,33,80.8,15.2,22.3,500,737,0.678
2016,51,Tulsa,31,74,15.7,23.1,486,717,0.678
2016,52,Weber State,34,76.7,16.1,23.8,548,810,0.677
2016,53,Dayton,32,73.2,15.3,22.8,491,730,0.673
2016,54,Texas A&M,33,75.9,14.9,22.2,493,733,0.673
2016,55,Stony Brook,32,76.8,13,19.3,415,618,0.672
2016,56,Oregon State,31,72.1,14.5,21.7,451,672,0.671
2016,57,West Virginia,34,79.2,18.6,27.8,633,945,0.67
2016,58,Austin Peay,35,76,17.2,25.7,602,899,0.67
2016,59,Southern,34,72.9,14.6,21.9,497,743,0.669
2016,60,Seton Hall,33,74.8,15.9,23.8,524,787,0.666
2016,61,Texas,32,71.3,15.1,22.7,482,725,0.665
2016,62,Yale,28,75.2,15.6,23.5,436,658,0.663
2016,63,Green Bay,35,84.2,18.5,28.1,648,984,0.659
2016,64,Hampton,31,74.8,17.1,26,529,805,0.657
2016,65,California,33,75.1,15.5,23.6,512,780,0.656
2016,66,CSU Bakersfield,32,73,14.5,22.3,465,712,0.653
2016,67,Florida Gulf Coast,33,77,14.1,21.8,466,720,0.647
2016,68,Middle Tennessee,33,72.7,12.9,20.9,425,689,0.617
2015,1,Ole Miss,32,72.6,16.9,21.7,541,695,0.778
2015,2,BYU,34,83.6,19.4,25.3,660,859,0.768
2015,3,Lafayette,32,74.2,13,16.9,415,542,0.766
2015,4,Wisconsin,34,71.9,14.3,18.8,487,638,0.763
2015,5,Albany,32,65.5,15.2,20,487,640,0.761
2015,6,Oregon,34,75.6,13.1,17.3,447,588,0.76
2015,7,Maryland,33,69.5,17.3,22.8,570,753,0.757
2015,8,Iowa,32,69.4,16.4,22,524,703,0.745
2015,9,UAB,34,68.9,15.1,20.4,514,694,0.741
2015,10,Notre Dame,34,78.8,15,20.2,509,688,0.74
2015,11,Oklahoma,32,71.9,14.1,19.1,450,612,0.735
2015,12,Stephen F. Austin,33,79.5,17.5,23.8,577,786,0.734
2015,13,Boise State,33,70.8,12.9,17.6,426,581,0.733
2015,14,Georgia State,33,72,15.3,21,504,693,0.727
2015,15,Villanova,34,76.3,16.6,22.9,565,777,0.727
2015,16,Oklahoma State,31,67.3,14.8,20.4,459,632,0.726
2015,17,Northern Iowa,33,65.4,13.5,18.6,445,613,0.726
2015,18,Northeastern,34,68.6,15,20.7,510,703,0.725
2015,19,Texas,33,67.9,14.5,20,478,659,0.725
2015,20,Xavier,34,73.6,15.2,21,517,713,0.725
2015,21,Arkansas,34,78,16.5,22.8,562,776,0.724
2015,22,North Florida,34,75.7,15.4,21.2,522,721,0.724
2015,23,Eastern Washington,34,80.8,15,20.7,509,704,0.723
2015,24,Virginia,32,65.3,12.7,17.6,407,563,0.723
2015,25,Kentucky,34,74.9,17.5,24.3,596,825,0.722
2015,26,Buffalo,32,75,17.9,24.8,573,794,0.722
2015,27,Kansas,34,71.2,17,23.6,579,804,0.72
2015,28,Indiana,33,77.5,13.7,19.1,451,631,0.715
2015,29,Robert Morris,33,69,14,19.6,462,647,0.714
2015,30,Harvard,29,64.2,14.5,20.3,420,589,0.713
2015,31,Davidson,31,79.9,12.5,17.5,386,543,0.711
2015,32,Providence,33,70.2,16.4,23.1,540,761,0.71
2015,33,Wyoming,34,61.7,13.1,18.5,445,629,0.707
2015,34,SMU,33,69.4,16,22.7,529,750,0.705
2015,35,Georgetown,31,70.7,16.5,23.5,511,728,0.702
2015,36,North Carolina,35,77.9,14.9,21.3,522,746,0.7
2015,37,Utah,32,72.1,15.1,21.6,484,692,0.699
2015,38,Arizona,34,76.4,18,25.7,611,874,0.699
2015,39,Iowa State,33,78.4,15.1,21.6,497,714,0.696
2015,40,Manhattan,32,69.9,17.5,25.3,561,808,0.694
2015,41,New Mexico State,33,68.5,15.9,22.9,524,755,0.694
2015,42,North Dakota State,32,64.5,13,18.8,417,602,0.693
2015,43,St. John's,32,71.2,14.6,21.1,468,676,0.692
2015,44,Gonzaga,34,79.1,14.8,21.4,502,726,0.691
2015,45,Duke,33,80.6,15.8,22.9,522,755,0.691
2015,46,Belmont,32,74.5,12.5,18.1,400,579,0.691
2015,47,Wofford,34,67,13.6,19.8,463,672,0.689
2015,48,Georgia,32,68.3,17.2,25,551,800,0.689
2015,49,LSU,32,73.7,13.7,19.9,438,636,0.689
2015,50,Wichita State,32,69.7,13.7,19.9,439,638,0.688
2015,51,Coastal Carolina,33,71.7,16,23.3,529,769,0.688
2015,52,Purdue,33,70,15.6,22.8,515,752,0.685
2015,53,NC State,33,70.4,14.1,20.6,464,679,0.683
2015,52,UC Irvine,33,67.9,11.2,16.3,368,539,0.683
2015,55,Dayton,33,68.2,16.3,23.9,538,789,0.682
2015,56,Butler,32,69.6,15.3,22.4,488,718,0.68
2015,57,Ohio State,33,75.8,13.5,19.9,445,656,0.678
2015,58,Valparaiso,33,69.8,13.5,19.9,446,658,0.678
2015,59,UCLA,33,72,14.3,21.2,473,700,0.676
2015,60,Cincinnati,32,62.4,12.6,18.7,403,598,0.674
2015,61,Baylor,33,69.5,14.4,21.5,476,710,0.67
2015,62,Texas Southern,34,68.2,16.2,24.4,550,831,0.662
2015,63,West Virginia,32,73.9,16.5,24.9,527,798,0.66
2015,64,Louisville,32,69.2,14.6,22.2,468,709,0.66
2015,65,VCU,35,72.5,14.6,22.2,510,778,0.656
2015,66,Hampton,33,67.2,15.8,24.3,523,802,0.652
2015,67,Michigan State,34,71.9,11.4,17.9,386,610,0.633
2015,68,San Diego State,34,61.8,12.1,19.2,411,653,0.629
2014,1,Providence,34,73.2,18.6,23.8,633,810,0.781
2014,2,Oregon,32,81.8,19.3,25.1,616,804,0.766
2014,3,UConn,34,71.9,16,21,543,714,0.761
2014,4,Michigan,32,75,14.7,19.4,470,621,0.757
2014,5,Creighton,33,79.5,14.2,18.9,469,624,0.752
2014,6,Eastern Kentucky,33,79,17.8,23.7,587,782,0.751
2014,7,Oklahoma,32,82.2,18.4,24.5,588,784,0.75
2014,8,UCLA,34,81.8,17.3,23.1,589,786,0.749
2014,9,Albany,32,66,16.3,21.7,520,695,0.748
2014,10,North Dakota State,31,76.4,16.4,21.9,508,680,0.747
2014,11,Wisconsin,33,73.5,17.4,23.3,573,770,0.744
2014,12,Mount St. Mary's,32,76.3,16.1,21.7,514,694,0.741
2014,13,Weber State,30,73.2,18.3,24.8,548,744,0.737
2014,14,Milwaukee,34,70.9,17.4,23.8,593,808,0.734
2014,15,Iowa,32,82,20.2,27.6,647,883,0.733
2014,16,Mercer,34,79.3,16.2,22.2,552,754,0.732
2014,17,Wichita State,34,75.5,18.8,25.8,640,877,0.73
2014,18,Duke,33,79.1,16.7,23,552,759,0.727
2014,19,North Carolina Central,33,73.9,18.9,26.1,625,860,0.727
2014,20,New Mexico,33,74.6,18.6,25.6,614,845,0.727
2014,21,Harvard,30,73.6,18.2,25,545,751,0.726
2014,22,Oklahoma State,33,80.3,20.3,28.1,671,927,0.724
2014,23,Western Michigan,32,72.5,18.9,26.1,605,836,0.724
2014,24,Nebraska,31,67,16.2,22.5,501,697,0.719
2014,25,Colorado,34,70.9,18.6,26,634,885,0.716
2014,26,Texas Southern,33,76.2,19.3,26.9,636,888,0.716
2014,27,Villanova,32,78.5,18,25.3,576,808,0.713
2014,28,Kansas,33,79.6,19.2,27.1,635,893,0.711
2014,29,Pittsburgh,34,72.5,17.6,24.8,599,843,0.711
2014,30,Gonzaga,34,76.9,15.4,21.7,525,739,0.71
2014,31,Tennessee,33,71.3,16.2,22.8,533,751,0.71
2014,32,American,32,63.9,11.5,16.3,369,520,0.71
2014,33,Delaware,34,79.5,18.5,26.1,628,886,0.709
2014,34,Cincinnati,33,68.7,15.4,21.7,508,717,0.709
2014,35,Stephen F. Austin,33,76.5,16.3,23.1,539,761,0.708
2014,36,Saint Louis,32,70,15.8,22.3,505,713,0.708
2014,37,Syracuse,32,68.2,15,21.4,481,684,0.703
2014,38,Stanford,33,73.5,17.1,24.3,563,801,0.703
2014,39,Iowa State,33,82.9,16,23.1,529,762,0.694
2014,40,Arizona State,32,75,16.3,23.6,523,754,0.694
2014,41,Coastal Carolina,33,72.7,15.6,22.5,516,744,0.694
2014,42,Cal Poly,32,63.2,12.2,17.6,390,563,0.693
2014,43,Michigan State,33,76.2,13.4,19.4,441,639,0.69
2014,44,BYU,34,84.2,20.8,30.1,707,1025,0.69
2014,45,Ohio State,34,69.8,15.8,23,538,781,0.689
2014,46,Xavier,33,72.2,15.7,22.8,519,754,0.688
2014,37,New Mexico State,35,77.2,19.8,28.8,693,1007,0.688
2014,48,UMass,32,76.1,16.2,23.7,517,758,0.682
2014,49,Dayton,33,73.4,15.5,22.7,511,750,0.681
2014,50,Kentucky,33,76.4,20.5,30.1,675,994,0.679
2014,51,VCU,33,75.4,15.3,22.6,505,746,0.677
2014,52,Tulsa,33,73.1,18,26.7,594,880,0.675
2014,53,Louisiana,33,81.4,18,26.7,594,882,0.673
2014,54,Baylor,35,75.2,16.5,24.6,579,860,0.673
2014,55,Florida,33,71,15.4,23.1,507,761,0.666
2014,56,Texas,33,74.1,17.4,26.2,575,866,0.664
2014,57,Virginia,33,65.8,14,21.1,462,696,0.664
2014,58,Wofford,32,67.7,12.2,18.4,390,588,0.663
2014,59,Manhattan,32,77.4,20.7,31.2,661,998,0.662
2014,60,NC State,34,70.8,13.8,20.9,469,709,0.661
2014,61,Louisville,34,82.1,16.2,24.6,552,838,0.659
2014,62,Kansas State,32,69.7,15,22.8,480,729,0.658
2014,63,Arizona,34,73.1,15.3,23.4,520,794,0.655
2014,64,George Washington,32,73.4,16.8,25.6,536,820,0.654
2014,65,San Diego State,33,70.6,16.4,25.1,541,828,0.653
2014,66,Memphis,32,77.6,15.5,23.9,496,764,0.649
2014,67,Saint Joseph's,32,71.5,14.8,22.9,472,733,0.644
2014,68,North Carolina,32,76.3,16.7,26.7,534,854,0.625
2013,1,Davidson,33,73.7,16.5,20.7,546,682,0.801
2013,2,Iona,33,80.7,15.8,20.2,520,668,0.778
2013,3,Montana,31,71.1,15.8,20.6,491,639,0.768
2013,4,South Dakota State,34,73.9,13.9,18.2,472,619,0.763
2013,5,Oklahoma,31,71.1,15.8,20.8,491,646,0.76
2013,6,Creighton,34,75.4,13.3,17.7,451,601,0.75
2013,7,Oklahoma State,32,72.4,17.3,23,552,736,0.75
2013,8,Boise State,31,73.3,14,18.7,434,579,0.75
2013,9,Arizona,32,73.3,15.6,20.8,498,666,0.748
2013,10,Indiana,33,80,18.9,25.4,625,839,0.745
2013,11,Bucknell,33,67.3,14.5,19.5,479,644,0.744
2013,12,Missouri,33,76.2,15.4,20.8,508,687,0.739
2013,13,La Salle,30,72.4,13.4,18.1,401,543,0.738
2013,14,Albany,34,64.4,14.8,20.1,502,684,0.734
2013,15,Belmont,32,77.2,13.3,18.2,426,581,0.733
2013,16,Kansas,34,75.4,16.1,22,548,748,0.733
2013,17,Valparaiso,33,71.7,15.5,21.2,512,699,0.732
2013,18,Duke,32,78.3,15.8,21.7,507,693,0.732
2013,19,Iowa State,33,79.6,14.6,20,483,661,0.731
2013,20,Liberty,35,69.1,15.6,21.5,546,752,0.726
2013,21,Saint Mary's,33,75.5,14.8,20.4,489,674,0.726
2013,22,California,31,67.5,12.9,17.7,399,550,0.725
2013,23,Temple,32,72.8,15.1,20.8,483,666,0.725
2013,24,Illinois,34,69.1,13.1,18.1,446,615,0.725
2013,25,Marquette,31,69,15.7,21.7,487,674,0.723
2013,26,UCLA,34,74.7,14.5,20,492,681,0.722
2013,27,New Mexico,34,67.4,17.1,23.7,581,805,0.722
2013,28,Harvard,28,68.9,16.9,23.5,474,658,0.72
2013,29,Villanova,33,67.8,19,26.4,626,870,0.72
2013,30,Michigan State,33,68.2,14.2,19.8,468,653,0.717
2013,31,Colorado State,33,73.1,17.3,24.3,571,801,0.713
2013,32,Louisville,34,73.6,16,22.5,545,766,0.711
2013,33,Oregon,34,71.7,15.8,22.2,536,755,0.71
2013,34,Saint Louis,32,68.9,16.2,22.8,517,729,0.709
2013,35,Michigan,33,75.2,11.7,16.6,387,547,0.707
2013,36,Notre Dame,34,70.4,12.6,17.8,428,605,0.707
2013,37,Gonzaga,33,77.6,15.7,22.2,518,733,0.707
2013,38,UNLV,34,71.7,14.9,21.2,508,721,0.705
2013,39,VCU,33,78,13.3,19,440,628,0.701
2013,40,James Madison,34,65.2,14.4,20.5,489,698,0.701
2013,41,Pacific,34,67.5,13.7,19.8,467,673,0.694
2013,42,Middle Tennessee,33,71.2,15.8,22.8,522,753,0.693
2013,43,Ohio State,32,69.9,13.2,19.1,423,611,0.692
2013,44,Southern,32,67.7,14.5,21,463,671,0.69
2013,45,Long Island University,33,79.5,17.9,26,591,857,0.69
2013,46,Kansas State,34,69.2,12.4,18.1,423,614,0.689
2013,47,Butler,34,69.3,14.1,20.5,480,697,0.689
2013,48,Florida,32,71.9,10.9,15.8,349,507,0.688
2013,49,Wichita State,34,69.4,13.7,19.9,465,676,0.688
2013,50,Northwestern State,31,81,16.9,24.6,524,764,0.686
2013,51,Minnesota,32,68.4,15.5,22.6,495,723,0.685
2013,52,Colorado,32,68.2,15.4,22.5,492,719,0.684
2013,53,Ole Miss,33,78.2,16.9,24.8,559,817,0.684
2013,54,NC State,34,77.5,16,23.4,544,797,0.683
2013,55,Georgetown,31,64.6,12.7,18.7,394,579,0.68
2013,56,Florida Gulf Coast,34,73.1,13.3,19.7,453,669,0.677
2013,57,San Diego State,32,69.2,14.1,20.8,451,667,0.676
2013,58,Syracuse,35,71.3,13.9,20.6,487,721,0.675
2013,59,Miami,32,69.4,12.9,19.1,413,612,0.675
2013,60,Western Kentucky,35,67.2,14.2,21.1,497,737,0.674
2013,61,North Carolina,33,77.2,12.3,18.4,405,607,0.667
2013,62,Memphis,34,75.9,14.6,21.9,495,743,0.666
2013,63,Pittsburgh,32,69.6,13.4,20.2,429,646,0.664
2013,64,North Carolina A&T,35,62.2,14.7,22.3,513,780,0.658
2013,65,New Mexico State,34,68,16.1,24.5,546,832,0.656
2013,66,Cincinnati,33,66.6,13.5,20.8,446,687,0.649
2013,67,Akron,32,72.7,13.3,20.6,425,659,0.645
2013,68,Wisconsin,33,66.2,10.8,17,356,561,0.635
2012,1,Lehigh,33,76.2,16.7,21.5,552,711,0.776
2012,2,Colorado State,31,71,16.8,21.8,520,676,0.769
2012,3,Missouri,34,80.3,16.1,21,546,713,0.766
2012,4,Davidson,32,78.4,16.9,22.2,542,709,0.764
2012,5,Indiana,33,77.3,18.9,24.8,625,820,0.762
2012,6,UNC Asheville,33,81.2,20.2,26.6,668,877,0.762
2012,7,St. Bonaventure,30,70.8,16.9,22.4,508,672,0.756
2012,8,Baylor,34,74.9,15.2,20.2,517,688,0.751
2012,9,Wichita State,32,77.7,15.2,20.2,485,646,0.751
2012,10,California,33,71.7,14.2,19,468,627,0.746
2012,11,Harvard,30,65.4,14.9,20,447,599,0.746
2012,12,Vermont,34,67.2,14.9,20.1,506,682,0.742
2012,13,Wisconsin,33,63.9,12,16.2,397,536,0.741
2012,14,Belmont,34,81.5,16.6,22.6,565,767,0.737
2012,15,Southern Miss,33,71.6,17,23.1,561,762,0.736
2012,16,Detroit Mercy,35,72.8,17.7,24.1,619,843,0.734
2012,17,Creighton,33,80,15.8,21.6,521,712,0.732
2012,18,Long Island University,33,81.9,20.9,28.5,689,942,0.731
2012,19,Texas,33,73.1,17.8,24.4,589,806,0.731
2012,20,Murray State,31,74.2,17.1,23.4,529,725,0.73
2012,21,South Dakota State,34,77.3,16.5,22.6,561,769,0.73
2012,22,Saint Mary's,32,74.9,15.5,21.4,497,684,0.727
2012,23,Virginia,31,63.1,12.8,17.7,397,548,0.724
2012,24,Kentucky,33,77.1,16.4,22.7,542,750,0.723
2012,25,Marquette,32,75.9,17.3,23.9,552,766,0.721
2012,26,Lamar,34,73.9,17.7,24.5,601,834,0.721
2012,27,Memphis,34,75.3,16.3,22.6,553,768,0.72
2012,28,Michigan,33,66.5,10.7,14.9,354,492,0.72
2012,29,Temple,31,76,14.2,19.7,439,611,0.718
2012,30,Montana,31,70.6,15.2,21.2,472,657,0.718
2012,31,Loyola (MD),32,67.6,16.6,23.1,531,740,0.718
2012,32,Iona,32,83.3,13.6,19,436,609,0.716
2012,33,Saint Louis,32,69.2,13.7,19.1,438,612,0.716
2012,34,Alabama,32,64.9,13.7,19.1,437,611,0.715
2012,35,Gonzaga,31,74,17.7,24.8,549,768,0.715
2012,36,Florida,33,76.3,13.5,18.9,445,625,0.712
2012,37,Notre Dame,33,66.5,14.2,20.1,470,664,0.708
2012,38,NC State,34,73.4,14.7,20.7,499,705,0.708
2012,39,New Mexico,33,73.2,15.3,21.7,506,716,0.707
2012,40,BYU,33,78.2,15.6,22.1,514,729,0.705
2012,41,South Florida,33,59.2,11.7,16.6,387,549,0.705
2012,42,Florida State,32,69.9,13.8,19.7,442,629,0.703
2012,43,Michigan State,33,72.3,15,21.4,496,707,0.702
2012,44,Duke,33,77.5,17.9,25.5,590,841,0.702
2012,45,San Diego State,33,71.2,14.6,20.9,482,689,0.7
2012,46,Vanderbilt,33,73,14.7,21,484,692,0.699
2012,47,Ohio State,33,75.1,14.9,21.3,491,703,0.698
2012,48,Georgetown,31,69.1,14.5,20.7,448,643,0.697
2012,49,Kansas,33,75,15.7,22.5,518,744,0.696
2012,50,Colorado,34,67.6,15.6,22.5,531,765,0.694
2012,51,Western Kentucky,33,65.1,15.5,22.3,510,736,0.693
2012,52,Syracuse,33,74.6,13,18.8,430,622,0.691
2012,53,Xavier,32,71.3,15.7,22.8,503,728,0.691
2012,54,VCU,34,68.4,14.6,21.1,495,718,0.689
2012,55,Louisville,35,68.8,14.5,21.1,507,739,0.686
2012,56,Ohio,34,70.7,14,20.6,476,699,0.681
2012,57,Iowa State,32,73.2,14.6,21.4,466,686,0.679
2012,58,UNLV,34,76.7,14.3,21.1,487,717,0.679
2012,59,North Carolina,33,82,16.8,24.8,554,819,0.676
2012,60,West Virginia,32,71.6,14.9,22.2,477,711,0.671
2012,61,Long Beach State,33,74,15.8,23.5,521,777,0.671
2012,62,New Mexico State,35,78.5,20,29.9,699,1048,0.667
2012,63,Kansas State,31,71.4,16,24.1,497,746,0.666
2012,64,UConn,33,68.8,12.7,19.2,420,635,0.661
2012,65,Mississippi Valley State,34,69.5,13.8,21.1,470,719,0.654
2012,66,Norfolk State,34,69,15.4,23.5,522,799,0.653
2012,67,Purdue,33,72.2,12.9,19.8,425,652,0.652
2012,68,Cincinnati,34,68.5,11.2,17.5,382,596,0.641
2011,1,Wisconsin,31,68.2,12.4,15,384,466,0.824
2011,2,Bucknell,33,70.8,14.7,18.7,486,618,0.786
2011,3,Northern Colorado,31,72.2,18.3,23.7,567,734,0.772
2011,4,BYU,34,81.6,18.1,23.8,615,810,0.759
2011,5,Gonzaga,33,76.7,17.5,23.1,579,763,0.759
2011,6,Villanova,32,72.7,17.8,23.5,570,752,0.758
2011,7,UC Santa Barbara,31,68.4,14.4,19.1,447,592,0.755
2011,8,UConn,35,73.4,15.6,20.6,545,722,0.755
2011,9,Duke,34,81.1,16.8,22.4,572,763,0.75
2011,10,Xavier,31,72.6,17.9,23.9,554,741,0.748
2011,11,Vanderbilt,33,76.2,18.4,24.7,608,814,0.747
2011,12,Arizona,34,76.5,17.8,23.8,604,809,0.747
2011,13,Missouri,33,81.4,16,21.6,528,714,0.739
2011,14,Belmont,34,80.4,16.4,22.3,559,758,0.737
2011,15,Utah State,33,72.2,16.6,22.5,547,743,0.736
2011,16,Georgetown,31,71,13.1,17.9,406,555,0.732
2011,17,Princeton,31,69.6,14.2,19.4,440,602,0.731
2011,18,Boston University,34,65.2,14.7,20.1,499,683,0.731
2011,19,Butler,32,72.8,15.5,21.3,497,681,0.73
2011,20,Illinois,32,71.3,11.8,16.1,376,516,0.729
2011,21,Notre Dame,32,76,17.7,24.4,567,782,0.725
2011,22,Penn State,33,63,11.8,16.3,390,538,0.725
2011,23,Oakland,34,85.6,17.4,24.2,593,824,0.72
2011,24,UAB,30,68.9,12.1,16.9,364,506,0.719
2011,25,VCU,34,71.5,14.8,20.6,504,701,0.719
2011,26,Kentucky,33,76.4,15.5,21.6,511,712,0.718
2011,27,Purdue,32,72.7,14.3,20.2,459,645,0.712
2011,28,Indiana State,33,66.5,14.3,20.1,471,662,0.711
2011,29,St. John's,32,70.1,17.1,24,546,768,0.711
2011,30,UNC Asheville,32,74.2,16.8,23.8,539,763,0.706
2011,31,Akron,35,70.5,13,18.4,454,643,0.706
2011,32,West Virginia,31,69.5,15.9,22.6,494,700,0.706
2011,33,UTSA,32,70.9,16.3,23,520,737,0.706
2011,34,Ohio State,34,77.1,14.8,21,504,715,0.705
2011,35,Texas A&M,32,68.9,17.1,24.4,548,780,0.703
2011,36,Michigan State,33,68.5,14.2,20.3,468,670,0.699
2011,37,San Diego State,34,72.2,12.8,18.3,435,623,0.698
2011,38,Georgia,32,68.8,14.1,20.3,451,648,0.696
2011,39,Michigan,33,66.1,10.3,14.8,341,490,0.696
2011,40,Temple,32,70.9,13.7,19.7,437,630,0.694
2011,41,Clemson,32,68.3,14.3,20.7,458,661,0.693
2011,42,Marquette,34,76.1,17.6,25.4,598,865,0.691
2011,43,Richmond,34,70.2,12.4,18,423,612,0.691
2011,44,Wofford,33,73.8,15.8,22.8,521,754,0.691
2011,45,George Mason,32,73.3,14.8,21.5,474,687,0.69
2011,46,UNLV,32,71.9,15.1,21.8,482,699,0.69
2011,47,Little Rock,35,68,15.6,22.7,545,793,0.687
2011,48,UCLA,32,70,15.7,23,503,736,0.683
2011,49,Tennessee,33,70.6,15.6,22.8,515,754,0.683
2011,50,Kansas,34,82.4,15.9,23.4,542,796,0.681
2011,51,Memphis,34,72,15.1,22.3,515,758,0.679
2011,52,Morehead State,33,69.8,14.7,21.8,485,718,0.675
2011,53,Pittsburgh,32,74.1,16,23.8,512,762,0.672
2011,54,Louisville,34,75.4,12,18,409,611,0.669
2011,55,Washington,33,83.5,14,20.9,461,691,0.667
2011,56,Florida,33,71.5,13.5,20.2,444,666,0.667
2011,57,Cincinnati,33,69,14.2,21.4,470,706,0.666
2011,58,Old Dominion,33,65.8,13.3,20,438,660,0.664
2011,59,Florida State,31,69.3,14.2,21.4,439,662,0.663
2011,60,North Carolina,33,76.7,15.6,23.5,515,777,0.663
2011,61,Syracuse,33,73.6,13.5,20.5,445,675,0.659
2011,62,USC,33,66.8,12.3,18.9,407,623,0.653
2011,63,Hampton,32,67.3,15.3,23.5,489,752,0.65
2011,64,Kansas State,32,73.1,15.7,24.3,503,778,0.647
2011,65,Texas,34,74.9,16.3,25.2,553,857,0.645
2011,66,Long Island University,32,82.6,19.6,30.4,628,974,0.645
2011,67,Saint Peter's,33,61.4,13.4,20.8,442,687,0.643
2011,68,Alabama State,34,61.3,15.1,25.2,515,857,0.601
2010,1,BYU,34,83,17.6,22.4,600,763,0.786
2010,2,Saint Mary's,31,79.5,14.5,19,451,590,0.764
2010,3,Utah State,34,73.7,12.8,16.8,435,570,0.763
2010,4,Duke,33,78.4,17.2,22.7,568,748,0.759
2010,5,California,33,78,15.6,20.6,514,679,0.757
2010,6,Northern Iowa,32,63.3,13.7,18.2,439,582,0.754
2010,7,Villanova,31,82.5,19.6,26.1,608,810,0.751
2010,8,Butler,32,70.1,17.9,23.9,573,766,0.748
2010,9,Marquette,33,72.9,14.5,19.5,477,645,0.74
2010,10,Wisconsin,31,67.5,12.6,17.2,391,532,0.735
2010,11,Baylor,32,77.6,15.2,20.9,487,668,0.729
2010,12,Cornell,31,75.3,11.5,15.8,357,490,0.729
2010,13,Missouri,32,77.6,15.1,20.8,484,665,0.728
2010,14,Washington,33,79.8,18.8,25.9,622,855,0.727
2010,15,Purdue,32,71.1,16.1,22.2,515,709,0.726
2010,16,Vanderbilt,32,77.3,18.7,25.8,599,825,0.726
2010,17,Montana,31,70,13.8,19.1,429,591,0.726
2010,18,Notre Dame,34,76,15.8,21.8,536,741,0.723
2010,19,Ohio,35,74.2,17.2,23.7,601,831,0.723
2010,20,Maryland,31,79.3,15,20.8,465,644,0.722
2010,21,UNLV,33,73.3,13.6,18.9,449,625,0.718
2010,22,Oakland,34,76.8,17.8,24.8,606,844,0.718
2010,23,North Texas,32,74.2,20,27.8,639,890,0.718
2010,24,Lehigh,32,75.1,17.4,24.3,557,778,0.716
2010,25,Oklahoma State,32,74.3,14.9,20.8,476,666,0.715
2010,26,Houston,34,78.6,15.4,21.6,525,736,0.713
2010,27,Xavier,32,80,17.9,25.1,572,802,0.713
2010,28,Georgetown,33,73.2,14.1,19.8,465,653,0.712
2010,29,Sam Houston State,32,79.9,15.8,22.3,504,714,0.706
2010,30,Minnesota,33,73.3,13.5,19.1,444,631,0.704
2010,31,New Mexico State,33,78.6,15.9,22.6,524,745,0.703
2010,32,Louisville,32,76.3,15.2,21.6,486,691,0.703
2010,33,Murray State,34,77.5,16.4,23.3,557,792,0.703
2010,34,Morgan St,36,76.8,18.8,26.8,677,963,0.703
2010,35,Florida,33,71.6,13.9,19.8,458,652,0.702
2010,36,Kansas,34,81.8,17.4,24.8,591,843,0.701
2010,37,Richmond,33,69.8,13,18.5,429,612,0.701
2010,38,West Virginia,33,73,15.5,22.2,511,734,0.696
2010,39,Pittsburgh,32,68.1,15.7,22.5,501,721,0.695
2010,40,Vermont,34,70.6,18.6,27.1,634,920,0.689
2010,41,Ohio State,33,73.8,13.4,19.4,441,640,0.689
2010,42,Temple,33,65.2,10.6,15.5,349,510,0.684
2010,43,Michigan State,32,72.6,14,20.6,449,659,0.681
2010,44,UC Santa Barbara,29,68.2,16.2,23.8,470,691,0.68
2010,43,Kentucky,33,79.4,17.3,25.5,572,841,0.68
2010,46,New Mexico,33,76.6,17.8,26.3,588,869,0.677
2010,47,UTEP,32,75.8,15.4,23,494,735,0.672
2010,48,Wofford,34,69.4,16.1,24,549,817,0.672
2010,49,Syracuse,32,81.5,14.6,21.8,468,697,0.671
2010,50,Siena,33,75.5,15.7,23.5,519,775,0.67
2010,51,Tennessee,33,73.6,14.2,21.3,470,703,0.669
2010,52,Kansas State,33,79.6,20.2,30.5,668,1005,0.665
2010,53,Arkansas-Pine Bluff,32,64.4,17.1,25.8,548,826,0.663
2010,54,East Tennessee State,34,69.2,15.2,22.9,516,778,0.663
2010,55,Gonzaga,32,77.6,17.9,27.1,574,866,0.663
2010,56,Robert Morris,34,68.5,16.2,24.5,551,833,0.661
2010,57,Texas A&M,32,71.8,17.8,26.9,569,861,0.661
2010,58,Wake Forest,29,73,16.2,24.6,470,712,0.66
2010,59,Clemson,31,73.3,13.6,20.6,422,640,0.659
2010,60,Winthrop,32,62.4,13.7,21.2,438,678,0.646
2010,61,Florida State,31,68.5,13.5,20.9,419,649,0.646
2010,62,Old Dominion,34,67.5,11.2,17.4,381,591,0.645
2010,63,Georgia Tech,33,73.6,14,21.8,462,719,0.643
2010,64,Texas,33,81.2,16.2,25.6,536,845,0.634
2010,65,San Diego State,33,70.6,13.5,21.8,444,720,0.617
2009,1,Utah,33,71.2,16.1,20.6,532,680,0.782
2009,2,Maryland,33,71.5,13.2,17.2,436,568,0.768
2009,3,North Carolina,32,90.2,19.5,25.7,625,821,0.761
2009,4,California,32,75,14.5,19.2,464,614,0.756
2009,5,Michigan,33,67.2,11.8,15.7,391,518,0.755
2009,6,Northern Iowa,33,67.7,16.1,21.4,532,707,0.752
2009,7,Oklahoma State,33,81.1,17.7,23.8,585,787,0.743
2009,8,Villanova,33,76.5,18,24.3,594,801,0.742
2009,9,Arizona State,33,69.5,13.9,18.8,458,619,0.74
2009,10,Utah State,34,72.9,14.9,20.2,508,687,0.739
2009,11,North Dakota State,32,80.8,16.3,22.2,523,709,0.738
2009,12,Arizona,32,72.2,14.7,20,470,640,0.734
2009,13,Boston College,33,74.9,16,21.8,528,719,0.734
2009,14,Cornell,30,74.1,13,17.8,391,533,0.734
2009,15,BYU,32,77.4,14.8,20.3,475,651,0.73
2009,16,Kansas,32,77.1,16.5,22.7,529,727,0.728
2009,17,Wisconsin,31,64.4,12.9,17.9,401,554,0.724
2009,18,Butler,31,67.6,15.5,21.5,482,666,0.724
2009,19,Duke,34,78,17.6,24.4,599,828,0.723
2009,20,Florida State,34,68.6,15.3,21.2,521,721,0.723
2009,21,UCLA,33,76,12.4,17.2,409,567,0.721
2009,22,Marquette,33,78.8,18.8,26.1,621,862,0.72
2009,23,Morehead State,34,70.6,16.6,23.1,565,785,0.72
2009,24,LSU,33,74.9,15.5,21.6,512,713,0.718
2009,25,East Tennessee State,33,78.6,17,23.8,562,786,0.715
2009,26,Minnesota,32,66.5,13.2,18.5,423,592,0.715
2009,27,Wake Forest,30,81.4,18.7,26.2,560,787,0.712
2009,28,Illinois,33,64.6,8.9,12.5,293,412,0.711
2009,29,Gonzaga,31,78.9,14.3,20.1,443,623,0.711
2009,30,Mississippi State,35,74.8,16.8,23.7,588,828,0.71
2009,31,Akron,35,66.8,13.9,19.6,487,687,0.709
2009,32,Robert Morris,34,70.7,13.9,19.7,474,670,0.707
2009,33,VCU,33,72,14.2,20.1,468,664,0.705
2009,34,Western Kentucky,32,71.8,13.4,19.1,428,611,0.7
2009,35,Purdue,34,69.4,13,18.6,442,631,0.7
2009,36,Cleveland State,35,66.1,13.9,19.8,485,693,0.7
2009,37,Ohio State,32,66.7,13,18.6,417,596,0.7
2009,38,Washington,33,78.9,18.8,26.9,621,889,0.699
2009,39,Temple,33,69,11.2,16.1,370,530,0.698
2009,40,Memphis,34,74.1,16.2,23.3,552,793,0.696
2009,41,West Virginia,34,72.4,14.7,21.1,499,717,0.696
2009,42,Texas A&M,32,71.7,17.8,25.6,570,820,0.695
2009,43,CSU Northridge,30,73.7,13.7,19.7,410,591,0.694
2009,44,Michigan State,32,71.9,16,23.3,512,746,0.686
2009,45,Portland State,32,73.8,11.6,16.9,371,541,0.686
2009,46,Clemson,31,79,13.4,19.6,415,607,0.684
2009,47,Oklahoma,32,79.2,17.8,26.1,569,836,0.681
2009,48,Radford,32,76,17.2,25.3,551,811,0.679
2009,49,UConn,31,77.3,17.8,26.3,552,815,0.677
2009,50,Xavier,32,72.4,16.8,24.9,538,797,0.675
2009,51,Tennessee,33,78.5,15.3,22.8,506,751,0.674
2009,52,Pittsburgh,32,78,13,19.3,415,616,0.674
2009,53,Binghamton,31,70.2,15.8,23.5,490,728,0.673
2009,54,Texas,33,72.3,15.3,22.8,505,753,0.671
2009,55,Missouri,34,81.1,15.2,22.8,518,775,0.668
2009,56,USC,33,68.4,14.8,22.2,488,733,0.666
2009,57,Siena,33,77.7,14.7,22.2,484,731,0.662
2009,58,Chattanooga,34,76.8,17.8,27.2,606,925,0.655
2009,59,Morgan St,34,67,12.8,19.6,434,667,0.651
2009,60,Stephen F. Austin,31,66.3,11.1,17.1,344,529,0.65
2009,61,American,31,64.5,10.6,16.4,330,509,0.648
2009,62,Dayton,33,67.5,14.1,21.9,466,722,0.645
2009,63,Louisville,33,73.9,12.3,19.1,406,631,0.643
2009,64,Syracuse,35,81.1,15.3,24,536,839,0.639
2009,65,Alabama State,31,69.6,12.4,19.5,384,603,0.637
2008,1,Indiana,32,75.1,17.8,23.4,571,748,0.763
2008,,Cornell,27,77.1,14.2,18.6,383,502,0.763
2008,3,Drake,32,73.2,14.6,19.3,467,618,0.756
2008,4,North Carolina,34,88.7,19.5,25.8,662,878,0.754
2008,5,Xavier,33,75.3,16.7,22.2,550,733,0.75
2008,6,Arizona,33,72.1,15.7,21.1,519,695,0.747
2008,7,American,32,65.1,14.9,20.1,478,643,0.743
2008,8,UNLV,32,70.4,13.8,18.6,443,596,0.743
2008,9,Baylor,31,81.4,16.5,22.3,513,691,0.742
2008,10,Miami,32,74.8,16.8,22.6,536,723,0.741
2008,11,Temple,33,72.6,14.1,19,464,626,0.741
2008,12,Butler,32,68.3,13.7,18.6,438,594,0.737
2008,13,Vanderbilt,33,80.6,16.8,22.8,554,753,0.736
2008,14,Notre Dame,31,80.6,15.7,21.4,487,662,0.736
2008,15,Kentucky,30,68.6,15.3,20.9,460,627,0.734
2008,16,Washington State,32,67.1,14.2,19.3,454,619,0.733
2008,17,UCLA,34,74.1,15.6,21.3,530,725,0.731
2008,18,Michigan State,33,71.3,13.7,18.7,451,617,0.731
2008,19,UMBC,32,75.1,14.3,19.6,457,627,0.729
2008,20,Saint Joseph's,33,73.3,15.4,21.2,509,701,0.726
2008,21,Villanova,32,72.8,16.1,22.3,515,712,0.723
2008,22,Davidson,32,78.7,11.2,15.6,358,498,0.719
2008,23,UConn,32,77.7,19.9,27.7,636,885,0.719
2008,24,Austin Peay,34,74.6,17.4,24.4,593,829,0.715
2008,25,Gonzaga,32,76.5,16,22.4,512,716,0.715
2008,26,Kent State,34,69.2,15.3,21.5,521,730,0.714
2008,27,South Alabama,32,75.5,17.7,24.8,565,794,0.712
2008,28,Wisconsin,33,67.3,14.5,20.5,480,677,0.709
2008,29,Purdue,32,68.7,14.7,20.8,469,664,0.706
2008,30,CSU Fullerton,32,82.6,14.4,20.4,460,652,0.706
2008,31,George Mason,33,69.9,14.8,21,488,693,0.704
2008,32,Kansas,34,81.5,15.6,22.2,530,755,0.702
2008,33,Marquette,33,75.8,15.8,22.5,522,744,0.702
2008,34,Belmont,33,80.1,14.3,20.4,471,674,0.699
2008,35,Western Kentucky,33,76.8,14.6,20.9,481,689,0.698
2008,36,Mount St. Mary's,32,69.1,14.6,21,468,672,0.696
2008,37,Stanford,33,70.7,15.6,22.4,514,739,0.696
2008,38,Duke,32,84.1,17.3,25,555,799,0.695
2008,39,Oregon,31,76.8,14.2,20.5,439,637,0.689
2008,40,Texas,34,75.6,13.4,19.4,454,659,0.689
2008,41,Kansas State,31,78.7,16.3,23.6,504,732,0.689
2008,42,USC,32,69.1,13.6,19.8,434,634,0.685
2008,43,Siena,32,76.8,14.7,21.5,470,688,0.683
2008,44,West Virginia,34,74.9,14.5,21.3,494,724,0.682
2008,45,Mississippi Valley State,32,62.7,15.3,22.5,491,721,0.681
2008,46,Oklahoma,33,68.4,14.1,20.7,465,683,0.681
2008,47,Georgia,33,68.3,12.9,19,427,628,0.68
2008,48,Portland State,32,74.3,13.8,20.4,442,654,0.676
2008,49,San Diego,34,65.6,12.7,18.8,431,638,0.676
2008,50,Arkansas,33,73.6,14.3,21.3,472,702,0.672
2008,51,Saint Mary's,30,76.2,15,22.4,451,673,0.67
2008,52,Oral Roberts,32,69.3,15,22.3,479,715,0.67
2008,53,Georgetown,32,69.7,11.7,17.6,374,562,0.665
2008,54,Boise State,33,82,15.2,22.9,503,756,0.665
2008,55,BYU,34,74.1,14,21.3,476,723,0.658
2008,56,UT Arlington,32,73.7,14.8,22.5,474,720,0.658
2008,57,Pittsburgh,35,74.1,13.8,21,484,736,0.658
2008,58,Tennessee,33,83,15.3,23.4,506,771,0.656
2008,59,Louisville,32,71.9,13.4,20.5,429,655,0.655
2008,60,Mississippi State,32,73.1,13.9,21.7,446,693,0.644
2008,61,Texas A&M,34,71.5,14.9,23.4,507,796,0.637
2008,62,Clemson,33,79.5,12.4,19.8,408,654,0.624
2008,63,Memphis,34,79.7,14.2,23.9,483,811,0.596
2008,64,Winthrop,33,65.6,12,20.2,396,665,0.595
2007,1,Villanova,32,72.9,18.1,23.2,579,741,0.781
2007,2,Butler,33,68.4,16,21,529,693,0.763
2007,3,Creighton,32,67.2,16.5,21.8,527,698,0.755
2007,4,Oregon,33,76.4,14.4,19.1,474,631,0.751
2007,5,Nevada,32,77.9,14.1,18.8,452,602,0.751
2007,6,Gonzaga,33,79.1,17,22.6,560,746,0.751
2007,7,Notre Dame,31,81.5,18.2,24.2,563,750,0.751
2007,8,Davidson,33,81.7,14.8,19.7,487,649,0.75
2007,9,Arizona,30,78.5,17.9,24,536,719,0.745
2007,10,Xavier,32,76.4,18.6,25.1,594,802,0.741
2007,11,Texas Tech,33,71.6,16.3,22.1,537,728,0.738
2007,12,Wright State,32,64.6,12.7,17.3,406,552,0.736
2007,13,Holy Cross,33,64.2,14.6,19.9,482,656,0.735
2007,14,Virginia,30,76.8,17.9,24.3,536,730,0.734
2007,15,Niagara,33,76.1,16.9,23.1,558,762,0.732
2007,16,Texas,33,82.2,17.8,24.5,588,808,0.728
2007,17,Central Connecticut,33,69.3,14.9,20.5,493,678,0.727
2007,18,Vanderbilt,31,76.6,13.8,19,428,589,0.727
2007,19,VCU,33,74.8,16.6,22.9,548,756,0.725
2007,20,Texas A&M,31,76.3,15.8,21.8,490,677,0.724
2007,21,Boston College,31,74.6,17.7,24.5,550,760,0.724
2007,22,Albany,32,68.3,12.9,17.9,413,572,0.722
2007,23,Old Dominion,32,70.1,14.8,20.5,473,656,0.721
2007,24,Georgetown,32,68.5,13.2,18.4,422,588,0.718
2007,25,UNLV,34,75.3,14.1,19.8,481,674,0.714
2007,26,Oral Roberts,33,72.3,17.5,24.6,578,811,0.713
2007,27,Indiana,30,70.9,13.4,18.9,403,566,0.712
2007,28,Washington State,32,66.5,12.5,17.6,401,564,0.711
2007,29,Michigan State,33,65.1,13.8,19.4,454,639,0.71
2007,30,Miami (OH),32,59.6,10.8,15.3,346,488,0.709
2007,31,Texas A&M-CC,32,79.8,18.2,25.7,582,822,0.708
2007,32,Jackson State,34,71.2,15.5,21.9,527,745,0.707
2007,33,North Carolina,34,86.3,17.6,24.8,597,844,0.707
2007,34,USC,34,71.4,14.7,20.8,500,707,0.707
2007,35,George Washington,31,71.1,13.3,18.9,413,586,0.705
2007,36,Long Beach State,31,80.3,15.5,22.1,480,684,0.702
2007,37,Arkansas,34,71.4,14.6,20.9,498,710,0.701
2007,38,Kentucky,32,73.5,13.9,19.9,445,636,0.7
2007,39,Maryland,32,79.5,16.4,23.5,526,753,0.699
2007,40,Belmont,32,73,12.4,17.8,397,570,0.696
2007,41,Ohio State,33,73.6,13.6,19.6,450,647,0.696
2007,42,Southern Illinois,33,63.2,14.3,20.6,472,681,0.693
2007,43,Duke,32,70.2,14.4,20.8,461,666,0.692
2007,44,Stanford,30,69.9,13.8,19.9,413,598,0.691
2007,45,Georgia Tech,31,79.1,14,20.5,434,635,0.683
2007,46,Purdue,32,69.9,13.9,20.4,446,653,0.683
2007,47,Eastern Kentucky,32,65.2,10,14.7,320,469,0.682
2007,48,Florida,34,79.3,15,22.1,511,751,0.68
2007,49,Wisconsin,34,70.1,15.8,23.3,537,791,0.679
2007,50,Weber State,31,71.7,17,25.3,527,785,0.671
2007,51,Louisville,32,71.4,14,20.9,448,668,0.671
2007,52,Marquette,33,72.5,15.6,23.3,515,768,0.671
2007,53,Florida A&M,34,70.5,16.4,24.6,559,837,0.668
2007,54,Kansas,34,78.4,14.4,21.5,488,732,0.667
2007,55,Pittsburgh,34,71.1,13.3,20,453,680,0.666
2007,56,Virginia Tech,32,72.8,14.6,22,467,703,0.664
2007,57,Pennsylvania,30,74.8,14.4,21.7,431,650,0.663
2007,58,BYU,33,78.1,13.5,20.5,444,675,0.658
2007,59,New Mexico State,33,78.3,19.1,29.2,631,963,0.655
2007,60,North Texas,33,77.5,15.8,24.2,523,799,0.655
2007,61,Tennessee,32,79.7,15.3,23.5,491,751,0.654
2007,62,UCLA,31,72.5,11.5,17.8,358,553,0.647
2007,63,Winthrop,32,75.3,12.7,20.3,406,648,0.627
2007,64,Illinois,34,64.5,12.2,19.6,416,665,0.626
2007,65,Memphis,33,79.6,15.7,25.8,519,851,0.61
2006,1,Gonzaga,30,80.1,19.8,25.3,594,759,0.783
2006,2,Michigan State,33,74.4,15.8,20.5,521,676,0.771
2006,3,Davidson,30,78,13.7,18,411,540,0.761
2006,4,Duke,33,82.5,19.2,25.2,633,832,0.761
2006,5,NC State,30,75.7,16.4,21.6,491,649,0.757
2006,6,Villanova,29,75.4,16.2,21.6,471,627,0.751
2006,7,Washington,30,82.4,15.6,20.9,469,627,0.748
2006,8,Pacific,31,74.2,13.9,18.7,432,580,0.745
2006,9,West Virginia,30,71.1,9.6,12.9,288,387,0.744
2006,10,Air Force,30,64,11.1,15,334,449,0.744
2006,11,Seton Hall,29,67.8,15.8,21.3,457,618,0.739
2006,12,Florida,33,79.3,16.6,22.6,548,746,0.735
2006,13,California,30,69.2,17.3,23.5,518,706,0.734
2006,14,Marquette,30,74.7,12.9,17.7,388,530,0.732
2006,15,San Diego State,32,74.2,17.1,23.5,547,752,0.727
2006,16,Xavier,31,71.5,15.9,21.9,493,680,0.725
2006,17,Wichita State,32,68.8,14.1,19.4,450,622,0.723
2006,18,Texas,33,76.1,14.8,20.5,487,675,0.721
2006,19,Northern Iowa,32,66.1,13.4,18.6,430,596,0.721
2006,20,Utah State,31,72.5,11.6,16.2,361,501,0.721
2006,21,Ohio State,30,74.7,13.8,19.1,413,574,0.72
2006,22,Bradley,30,71.5,13.8,19.2,413,575,0.718
2006,23,Nevada,32,72.6,15.1,21,482,672,0.717
2006,24,Kent State,33,72.5,15.9,22.2,524,732,0.716
2006,25,Oklahoma,28,68.6,13.7,19.2,384,537,0.715
2006,26,Montana,29,79.5,15.1,21.2,437,615,0.711
2006,27,Albany,31,68.9,15.4,21.7,478,674,0.709
2006,28,Oral Roberts,32,74.8,15.8,22.4,507,716,0.708
2006,29,Alabama,29,70,15.4,21.8,447,633,0.706
2006,30,Iowa,33,66.4,14.5,20.6,480,680,0.706
2006,31,South Alabama,30,74.4,14,19.8,419,594,0.705
2006,32,Georgetown,30,66.7,11.8,16.8,355,504,0.704
2006,33,UCLA,33,68.6,13.5,19.2,446,634,0.703
2006,34,UNC Wilmington,32,67.7,12.8,18.2,410,583,0.703
2006,35,North Carolina,29,80.4,17.1,24.3,495,704,0.703
2006,36,UConn,30,81.3,17.9,25.5,537,765,0.702
2006,37,Tennessee,28,81.3,14.7,21,412,588,0.701
2006,38,Arizona,31,72.9,14.1,20.1,437,624,0.7
2006,39,Indiana,29,71.2,12.1,17.3,350,501,0.699
2006,40,LSU,31,74.8,15.1,21.6,467,669,0.698
2006,41,Belmont,30,81.8,14.6,21,438,630,0.695
2006,42,Iona,30,80.4,16.7,24.1,502,723,0.694
2006,43,Winthrop,30,73.8,15.7,22.7,472,680,0.694
2006,44,Arkansas,31,74.3,15.6,22.5,483,696,0.694
2006,45,Pittsburgh,31,72.5,15.6,22.7,484,703,0.688
2006,46,Milwaukee,29,74.2,15.9,23.1,461,670,0.688
2006,47,Bucknell,30,66.6,14.3,20.8,428,623,0.687
2006,48,Southern Illinois,32,60.9,12.3,18,395,575,0.687
2006,49,Memphis,33,80.9,17.2,25.1,567,828,0.685
2006,50,Pennsylvania,28,69.1,13,19.2,363,537,0.676
2006,51,Texas A&M,29,69.2,15.6,23,451,668,0.675
2006,52,Boston College,33,74.4,15.8,23.6,523,778,0.672
2006,53,Kansas,32,75.2,13.7,20.4,437,652,0.67
2006,54,Northwestern State,32,76.7,15.8,23.6,504,754,0.668
2006,55,George Mason,30,69.4,12,18,360,539,0.668
2006,56,Monmouth,32,64.8,11.9,17.8,380,571,0.665
2006,57,Wisconsin,30,71,14.6,22.1,439,662,0.663
2006,58,Kentucky,33,70.5,11,16.8,363,553,0.656
2006,59,Murray State,30,71.3,11.6,17.9,349,536,0.651
2006,60,UAB,30,74.7,14.4,22.1,431,663,0.65
2006,61,Southern,31,65.8,11.9,18.4,370,571,0.648
2006,62,Syracuse,34,72.9,12.8,19.9,435,677,0.643
2006,63,George Washington,28,79,16.4,25.5,458,714,0.641
2006,64,Illinois,31,70,11.4,18,353,557,0.634
2006,65,Hampton,31,66.8,13.3,21.4,412,664,0.62
2005,1,UTEP,34,75.4,17.6,22.2,598,756,0.791
2005,2,Arizona,33,79.7,14.6,18.7,481,618,0.778
2005,3,Michigan State,28,78.1,15.8,20.4,442,570,0.775
2005,4,Oklahoma State,30,78.6,15.3,19.8,459,593,0.774
2005,5,Texas Tech,30,77.5,16.5,21.6,495,648,0.764
2005,6,Niagara,29,85.2,20.3,26.8,588,776,0.758
2005,7,Gonzaga,29,79.7,19.5,26.1,565,757,0.746
2005,8,Pacific,29,72.4,15.2,20.4,441,591,0.746
2005,9,Delaware State,32,62.4,15.4,20.7,493,662,0.745
2005,10,Southern Illinois,33,67.4,10.9,14.7,359,484,0.742
2005,11,Villanova,29,73.8,15.7,21.2,455,614,0.741
2005,12,Stanford,30,70.1,16.1,21.8,483,653,0.74
2005,13,West Virginia,31,70.2,12.3,16.7,382,517,0.739
2005,14,Washington,32,86.3,16.2,21.9,517,702,0.736
2005,15,Alabama,31,75.9,17,23.1,527,716,0.736
2005,16,North Carolina,31,88.8,20.5,27.9,635,864,0.735
2005,17,Utah,32,68.8,15.8,21.7,506,693,0.73
2005,18,LSU,29,75.5,16.7,22.9,484,663,0.73
2005,19,Creighton,33,71.5,14.3,19.6,471,647,0.728
2005,20,Louisville,33,81.2,18.1,24.9,596,821,0.726
2005,21,Illinois,33,77.4,12.4,17.2,410,566,0.724
2005,22,UCLA,28,74,16,22.1,448,619,0.724
2005,23,Saint Mary's,33,70.2,16.2,22.5,535,741,0.722
2005,24,Vermont,30,72.6,13.4,18.6,401,557,0.72
2005,25,Boston College,28,71.9,16.9,23.6,472,662,0.713
2005,26,Duke,30,79.8,17.7,24.9,532,747,0.712
2005,27,Nevada,30,70.2,17.6,24.8,528,743,0.711
2005,28,Minnesota,31,68.5,14.7,20.8,457,646,0.707
2005,29,George Washington,29,77.2,16.4,23.3,476,677,0.703
2005,30,Northern Iowa,31,72.9,12.5,17.8,387,552,0.701
2005,31,Ohio,31,71.8,17.5,25,543,776,0.7
2005,32,Florida,30,76.9,15.7,22.4,470,672,0.699
2005,33,UAB,31,77.8,16.3,23.3,504,722,0.698
2005,34,Milwaukee,29,74.9,14.7,21,425,609,0.698
2005,35,Bucknell,31,63.6,14.5,20.7,448,642,0.698
2005,36,Texas,30,77.6,16.8,24.1,505,724,0.698
2005,37,UConn,29,78.6,17.6,25.2,509,730,0.697
2005,38,NC State,32,73.8,15,21.6,480,690,0.696
2005,39,Cincinnati,31,76.4,18.7,27,580,837,0.693
2005,40,Utah State,31,73,13.6,19.6,422,609,0.693
2005,41,Old Dominion,33,71.2,13.9,20.1,460,664,0.693
2005,42,Iowa State,29,68.4,14.2,20.6,412,596,0.691
2005,43,UCF,32,69.8,13.6,19.7,435,630,0.69
2005,44,Kansas,29,75.4,14.8,21.4,429,622,0.69
2005,45,Iowa,32,73.2,15.5,22.5,496,720,0.689
2005,46,Georgia Tech,30,74.6,15.3,22.2,458,667,0.687
2005,47,Wake Forest,31,84.7,18.8,27.4,582,849,0.686
2005,48,Chattanooga,36,74,16.4,23.9,589,860,0.685
2005,49,Oklahoma,31,75.4,13.6,19.9,423,618,0.684
2005,50,Charlotte,28,78.4,17.5,25.6,490,716,0.684
2005,51,Montana,30,69.2,16.6,24.4,498,731,0.681
2005,52,New Mexico,32,76.4,15.8,23.2,504,743,0.678
2005,53,Winthrop,32,68.2,15,22.3,481,713,0.675
2005,54,Eastern Kentucky,30,73.1,12.2,18.1,366,544,0.673
2005,55,Fairleigh Dickinson,32,74.3,13.2,19.7,421,629,0.669
2005,56,Wisconsin,30,67.2,13.5,20.3,406,608,0.668
2005,57,Mississippi State,32,72.4,15.5,23.3,496,745,0.666
2005,58,Syracuse,33,75.5,14.9,22.5,492,741,0.664
2005,59,Kentucky,30,73.7,14.2,21.4,426,642,0.664
2005,60,Oakland,30,70.7,14,21.1,420,633,0.664
2005,61,Louisiana,30,72.6,14,21.2,421,636,0.662
2005,62,Pennsylvania,28,68.5,14.9,22.5,417,630,0.662
2005,63,Pittsburgh,28,72.4,15.5,23.5,433,659,0.657
2005,64,SE Louisiana,32,63.6,13.3,20.6,425,658,0.646
2004,1,NC State,29,73.3,15.7,19.7,455,570,0.798
2004,2,Arizona,30,87.6,17.2,21.9,515,657,0.784
2004,3,Michigan State,29,71.4,15.1,19.6,437,568,0.769
2004,4,Manhattan,29,74.3,19.8,26.1,575,757,0.76
2004,5,Gonzaga,28,83,17.8,23.4,497,655,0.759
2004,6,Florida,29,77.1,15,19.9,434,576,0.753
2004,7,Stanford,30,73.9,15.7,20.8,470,625,0.752
2004,8,UTEP,31,77.3,19.2,25.6,594,793,0.749
2004,9,Louisville,29,73.3,16.2,21.7,470,628,0.748
2004,10,Monmouth,32,68.8,15.8,21.2,506,678,0.746
2004,11,Duke,31,79.5,17.5,23.6,542,732,0.74
2004,12,Pacific,31,69.1,17,23,526,713,0.738
2004,13,Texas Tech,32,73.4,15.5,21,495,671,0.738
2004,14,Northern Iowa,30,69.6,15.7,21.3,470,638,0.737
2004,15,Richmond,33,64.6,14.4,19.8,475,655,0.725
2004,16,BYU,29,73.3,16.8,23.2,488,673,0.725
2004,17,Nevada,31,75.8,17.4,24.1,539,748,0.721
2004,18,Western Michigan,30,79.2,17.2,23.8,515,715,0.72
2004,19,Utah,32,65.1,12.3,17.1,392,546,0.718
2004,20,Providence,28,71.5,14,19.5,392,547,0.717
2004,21,UCF,30,71.2,11.9,16.7,358,500,0.716
2004,22,Wisconsin,29,68.6,15.3,21.3,443,619,0.716
2004,23,Seton Hall,29,71.9,14,19.6,406,569,0.714
2004,24,Washington,30,81.4,17.9,25.1,538,754,0.714
2004,25,Florida A&M,30,72.1,17.5,24.5,525,736,0.713
2004,26,Wake Forest,28,83.8,19.2,26.9,537,753,0.713
2004,27,Vanderbilt,30,73.8,14.6,20.4,437,613,0.713
2004,28,Princeton,27,63.4,11.7,16.4,315,442,0.713
2004,29,Murray State,33,81.1,15.4,21.6,507,713,0.711
2004,30,Air Force,28,60.2,11.1,15.7,312,440,0.709
2004,31,Valparaiso,30,72.3,17.2,24.3,515,729,0.706
2004,32,Kansas,29,75,15,21.3,436,619,0.704
2004,33,DePaul,30,70.9,14.5,20.6,435,618,0.704
2004,34,Saint Joseph's,28,77.8,13.7,19.5,383,545,0.703
2004,35,Eastern Washington,29,70.6,14.4,20.5,418,595,0.703
2004,36,Illinois,29,73.2,12.3,17.6,356,509,0.699
2004,37,UTSA,32,73.6,16.5,23.6,527,754,0.699
2004,38,Alabama,29,72.2,15.3,21.9,443,634,0.699
2004,39,Georgia Tech,32,78.1,15.9,23,510,736,0.693
2004,40,Oklahoma State,29,79.2,15.4,22.3,447,646,0.692
2004,41,Louisiana,28,77.9,13.9,20.1,388,562,0.69
2004,42,East Tennessee State,32,79.4,16,23.2,512,742,0.69
2004,43,Kentucky,29,72.6,13.2,19.2,384,557,0.689
2004,44,Southern Illinois,29,71.3,12.7,18.4,368,535,0.688
2004,45,North Carolina,28,83.1,17.3,25.4,484,712,0.68
2004,46,Xavier,33,70.4,13.7,20.2,453,667,0.679
2004,47,Vermont,30,66.4,12.3,18.2,370,545,0.679
2004,48,Boston College,32,68.8,16.5,24.3,528,778,0.679
2004,49,Texas,29,78.1,15.3,22.6,445,656,0.678
2004,50,Liberty,32,69.4,13.3,19.8,427,633,0.675
2004,51,South Carolina,33,70.9,13.8,20.4,454,674,0.674
2004,52,Dayton,32,68,14.5,21.7,465,694,0.67
2004,53,Cincinnati,30,76.9,15.6,23.4,468,701,0.668
2004,54,Mississippi State,28,77.1,15.9,24,446,673,0.663
2004,55,Memphis,28,73.6,15.4,23.2,430,650,0.662
2004,56,Alabama State,30,61.4,14.8,22.5,443,674,0.657
2004,57,UAB,29,74.6,13,19.8,376,575,0.654
2004,58,Pittsburgh,33,69.2,13.5,20.8,445,687,0.648
2004,59,Charlotte,29,79.3,17.3,26.8,501,777,0.645
2004,60,Syracuse,28,72.9,13.3,20.8,371,583,0.636
2004,61,UIC,31,70,14,22.1,435,686,0.634
2004,62,Maryland,29,76.8,15.6,25.1,451,727,0.62
2004,63,UConn,33,79.1,12.5,20.2,411,667,0.616
2004,64,VCU,30,70.8,12.1,20,363,601,0.604
2003,1,Manhattan,29,76.2,18.8,23.9,545,693,0.786
2003,2,Oregon,32,82.2,16,20.7,513,661,0.776
2003,3,NC State,29,72.2,15.6,20.3,453,588,0.77
2003,4,Marquette,28,78.4,18.2,23.6,509,661,0.77
2003,5,Central Michigan,30,80.5,19.1,25,573,750,0.764
2003,6,UNC Asheville,30,72.2,16,20.9,479,627,0.764
2003,7,Notre Dame,31,80.1,17.4,22.8,538,708,0.76
2003,8,BYU,31,72.5,18.2,24.2,564,749,0.753
2003,9,Wake Forest,29,78.4,20,26.6,581,772,0.753
2003,10,Purdue,28,71.8,19.1,25.5,536,714,0.751
2003,11,Xavier,31,78.5,18,24.1,557,747,0.746
2003,12,Wisconsin,29,70.7,14.4,19.4,418,564,0.741
2003,13,Michigan State,31,67.2,16.3,22.1,504,686,0.735
2003,14,Weber State,31,74.5,18.9,25.8,587,801,0.733
2003,15,East Tennessee State,30,82.3,18.6,25.4,558,763,0.731
2003,16,Wagner,31,75.5,14.1,19.3,436,598,0.729
2003,17,Tulsa,31,73.5,14.1,19.4,437,601,0.727
2003,18,Illinois,29,75.6,13.9,19.1,402,555,0.724
2003,19,Butler,30,68.3,11.8,16.3,354,489,0.724
2003,20,Gonzaga,31,77.1,17.8,24.6,551,764,0.721
2003,21,Dayton,29,72.8,16.3,22.8,473,661,0.716
2003,22,Texas,28,78.9,17,23.8,476,666,0.715
2003,23,Holy Cross,30,70.4,15.9,22.3,477,670,0.712
2003,24,Oklahoma,29,71.9,13.4,18.9,390,548,0.712
2003,25,Utah State,32,66.8,14.3,20,456,641,0.711
2003,26,Alabama,28,69.3,14.9,20.9,416,586,0.71
2003,27,Indiana,33,70.5,16.3,23,538,758,0.71
2003,28,Kentucky,31,78,14.6,20.7,454,642,0.707
2003,29,Sam Houston State,29,73.4,16.5,23.3,478,676,0.707
2003,30,Utah,31,67,13.4,18.9,414,586,0.706
2003,31,Southern Illinois,30,74.5,13.7,19.4,411,582,0.706
2003,32,Florida,31,75.9,13.4,18.9,414,587,0.705
2003,33,Duke,29,81.9,19.7,27.9,570,809,0.705
2003,34,Maryland,28,80.8,15.2,21.6,425,604,0.704
2003,35,Pennsylvania,27,70.2,13.2,18.8,356,507,0.702
2003,36,Arizona,28,85.2,17.5,25,491,700,0.701
2003,37,IUPUI,33,71.5,15.9,22.8,526,752,0.699
2003,38,South Carolina State,30,72.8,18,25.8,541,774,0.699
2003,39,Louisville,30,81.8,17.5,25.1,524,753,0.696
2003,40,Colorado State,32,74.8,17,24.5,543,783,0.693
2003,41,Syracuse,29,80.1,16.4,23.6,475,685,0.693
2003,2,Creighton,33,79.2,13.9,20,458,661,0.693
2003,43,Austin Peay,30,71.3,16.1,23.2,482,697,0.692
2003,44,Milwaukee,31,77.3,14.7,21.3,457,661,0.691
2003,45,Troy,31,80.5,13.4,19.4,414,600,0.69
2003,46,Cincinnati,28,67.3,14.9,21.5,416,603,0.69
2003,47,UNC Wilmington,30,71.4,12.5,18.2,376,546,0.689
2003,48,California,29,74.5,13.4,19.5,388,566,0.686
2003,49,Saint Joseph's,29,70.6,14.1,20.7,409,599,0.683
2003,50,Mississippi State,29,70.6,12,17.8,349,515,0.678
2003,51,Stanford,31,72.3,14,20.8,435,644,0.675
2003,52,Colorado,31,75.5,16.2,23.9,501,742,0.675
2003,53,UConn,30,80,14.9,22.1,447,663,0.674
2003,54,Arizona State,30,76.8,17.6,26.2,529,787,0.672
2003,55,Kansas,32,82.8,16.3,24.3,521,779,0.669
2003,56,Vermont,32,69.5,13.1,19.8,419,632,0.663
2003,57,Western Kentucky,32,74.1,14,21.2,449,679,0.661
2003,58,San Diego,29,75.7,17.2,26.1,500,757,0.661
2003,59,Missouri,30,72.6,12.3,18.7,370,561,0.66
2003,60,Oklahoma State,30,69.7,14.7,22.4,442,672,0.658
2003,61,Memphis,29,74.5,15,22.9,434,664,0.654
2003,62,Auburn,31,70.9,13.4,20.5,414,635,0.652
2003,63,LSU,31,73.2,12.9,19.9,399,616,0.648
2003,64,Pittsburgh,30,74.6,14.5,22.8,435,684,0.636
2002,1,Oregon,31,85.9,19.4,25.1,602,777,0.775
2002,2,Miami,31,74.7,16,20.7,495,643,0.77
2002,3,Michigan State,30,69.7,14.2,18.5,425,556,0.764
2002,4,Oklahoma,31,78.2,14.6,19.2,452,595,0.76
2002,5,UC Santa Barbara,30,66.2,15.6,20.6,468,619,0.756
2002,6,Tulsa,32,80.4,16.3,21.7,522,695,0.751
2002,7,NC State,32,75.7,16.2,21.6,519,692,0.75
2002,8,Illinois,32,77.3,18.8,25.3,603,808,0.746
2002,9,Siena,34,69.6,15.7,21.2,534,720,0.742
2002,10,Wake Forest,32,81.8,16.3,22.1,522,707,0.738
2002,11,Ole Miss,30,72.5,16.7,22.6,501,679,0.738
2002,12,Central Connecticut,31,71.8,16.2,22.1,503,684,0.735
2002,13,Georgia,30,76.1,15.8,21.5,473,644,0.734
2002,14,Gonzaga,32,81.6,18.9,25.9,605,828,0.731
2002,15,Creighton,30,75.9,15.9,21.7,476,652,0.73
2002,16,Arizona,31,83,19.3,26.4,597,818,0.73
2002,17,Alabama,33,76.2,17.5,24,577,792,0.729
2002,18,Pennsylvania,31,73.1,13.9,19.1,430,591,0.728
2002,19,Murray State,31,78.9,13.5,18.5,418,575,0.727
2002,20,Kent State,32,76.4,14.8,20.4,474,653,0.726
2002,21,Wisconsin,30,66.9,14.4,20,432,601,0.719
2002,22,Xavier,30,72.7,17.7,24.6,530,738,0.718
2002,23,Kansas,32,92,16.9,23.5,540,752,0.718
2002,24,Pepperdine,30,81.5,15.6,21.8,468,655,0.715
2002,25,Maryland,30,85.3,18.4,26,553,779,0.71
2002,26,Indiana,31,70.2,13.5,19.1,419,591,0.709
2002,27,Cincinnati,33,77.2,17,24.1,561,794,0.707
2002,28,Western Kentucky,31,78.2,14.4,20.4,445,631,0.705
2002,39,Charlotte,29,73.9,14.6,20.7,422,599,0.705
2002,30,Notre Dame,31,78.8,15,21.3,464,661,0.702
2002,31,Stanford,28,81.2,18.9,27,530,756,0.701
2002,32,Wyoming,29,75.6,20,28.7,580,831,0.698
2002,33,Florida,30,80.4,15.3,21.9,459,658,0.698
2002,34,USC,31,77.6,14.5,20.9,450,647,0.696
2002,35,Boston College,31,74.1,17.2,24.7,532,766,0.695
2002,36,Holy Cross,32,63.3,16.6,24,532,768,0.693
2002,37,Missouri,32,79.5,12.8,18.5,410,592,0.693
2002,38,Marquette,32,73.3,15.3,22.1,489,707,0.692
2002,39,UConn,30,77.9,15.6,22.6,468,677,0.691
2002,40,Duke,32,89.7,18.1,26.3,579,840,0.689
2002,41,Davidson,30,70.9,12.7,18.5,381,556,0.685
2002,42,Hawai'i,32,72.2,15.2,22.2,486,710,0.685
2002,43,Texas Tech,31,79.5,16.5,24.1,512,748,0.684
2002,44,Boston University,31,67.6,14,20.5,435,636,0.684
2002,45,Texas,31,79,16.8,24.6,520,762,0.682
2002,46,UCLA,30,73.9,13.6,19.9,408,598,0.682
2002,47,UNC Wilmington,31,67.1,13,19.2,404,594,0.68
2002,48,Utah,29,67.7,13.9,20.4,402,593,0.678
2002,49,California,30,72.6,14,20.7,420,622,0.675
2002,50,Ohio State,30,74.2,17,25.3,511,758,0.674
2002,51,Montana,30,71.9,15.8,23.5,475,706,0.673
2002,52,Kentucky,29,76.6,13,19.4,377,563,0.67
2002,53,Hampton,32,79.9,16.5,24.7,529,791,0.669
2002,54,St. John's,31,70.3,17,25.5,528,792,0.667
2002,55,Valparaiso,32,78,15.3,23,490,737,0.665
2002,56,Florida Atlantic,30,74.2,13.1,19.9,394,597,0.66
2002,57,San Diego State,32,74.7,15.2,23,485,736,0.659
2002,58,McNeese,29,70.5,15,22.8,435,661,0.658
2002,59,Winthrop,30,68.5,14.8,22.5,443,675,0.656
2002,60,UIC,33,73.9,15.4,23.6,508,778,0.653
2002,61,Mississippi State,33,74.2,14.5,22.3,478,735,0.65
2002,62,Oklahoma State,31,72,14.2,22.3,441,690,0.639
2002,63,Southern Illinois,33,75.9,15.1,24.4,499,804,0.621
2002,64,Pittsburgh,32,72.6,13.3,21.8,427,699,0.611