Year,RK,Team,GP,STL,STPG,TO,TOPG,PF,ST/TO,ST/PF
2021,1,Abilene Christian,27,268,9.93,374,13.85,524,0.72,0.51
2021,2,VCU,26,240,9.23,380,14.62,485,0.63,0.49
2021,3,Georgia Tech,25,230,9.2,278,11.12,392,0.83,0.59
2021,4,Baylor,24,215,8.96,298,12.42,412,0.72,0.52
2021,5,Syracuse,25,218,8.72,279,11.16,364,0.78,0.6
2021,6,Alabama,30,259,8.63,421,14.03,554,0.62,0.47
2021,7,Gonzaga,26,216,8.31,315,12.12,433,0.69,0.5
2021,8,San Diego State,27,223,8.26,305,11.3,503,0.73,0.44
2021,9,Houston,27,221,8.19,293,10.85,506,0.75,0.44
2021,10,LSU,27,218,8.07,317,11.74,467,0.69,0.47
2021,11,Arkansas,28,226,8.07,368,13.14,475,0.61,0.48
2021,12,Appalachian State,28,225,8.04,329,11.75,386,0.68,0.58
2021,13,Rutgers,26,203,7.81,294,11.31,459,0.69,0.44
2021,14,Winthrop,24,186,7.75,340,14.17,436,0.55,0.43
2021,15,UC Santa Barbara,26,197,7.58,285,10.96,413,0.69,0.48
2021,16,UNC Greensboro,29,217,7.48,319,11,524,0.68,0.41
2021,17,West Virginia,27,202,7.48,328,12.15,442,0.62,0.46
2021,18,Oregon,26,194,7.46,297,11.42,407,0.65,0.48
2021,19,Florida State,22,163,7.41,316,14.36,408,0.52,0.4
2021,20,Oklahoma,25,184,7.36,277,11.08,361,0.66,0.51
2021,21,Florida,23,168,7.3,337,14.65,427,0.5,0.39
2021,22,Oklahoma State,28,204,7.29,446,15.93,470,0.46,0.43
2021,23,Texas Tech,27,196,7.26,296,10.96,469,0.66,0.42
2021,24,Tennessee,26,188,7.23,326,12.54,428,0.58,0.44
2021,25,North Carolina,28,202,7.21,414,14.79,472,0.49,0.43
2021,26,Colgate,15,108,7.2,151,10.07,235,0.72,0.46
2021,27,Texas Southern,24,172,7.17,384,16,431,0.45,0.4
2021,28,Drake,29,207,7.14,299,10.31,455,0.69,0.45
2021,29,Creighton,28,198,7.07,312,11.14,434,0.63,0.46
2021,30,Cleveland State,26,182,7,334,12.85,499,0.54,0.36
2021,31,Hartford,23,161,7,291,12.65,371,0.55,0.43
2021,32,Loyola Chicago,28,194,6.93,334,11.93,399,0.58,0.49
2021,33,Kansas,28,192,6.86,346,12.36,427,0.55,0.45
2021,34,Iona,17,116,6.82,266,15.65,370,0.44,0.31
2021,35,Utah State,28,190,6.79,381,13.61,423,0.5,0.45
2021,36,Ohio,23,156,6.78,277,12.04,371,0.56,0.42
2021,37,North Texas,26,176,6.77,341,13.12,409,0.52,0.43
2021,38,Missouri,25,168,6.72,336,13.44,494,0.5,0.34
2021,39,Texas,26,170,6.54,370,14.23,515,0.46,0.33
2021,40,Oral Roberts,26,166,6.38,299,11.5,461,0.56,0.36
2021,41,Norfolk State,23,146,6.35,301,13.09,453,0.49,0.32
2021,42,UConn,22,136,6.18,258,11.73,415,0.53,0.33
2021,43,Wichita State,21,128,6.1,238,11.33,329,0.54,0.39
2021,44,Clemson,23,140,6.09,292,12.7,361,0.48,0.39
2021,45,Oregon State,29,176,6.07,328,11.31,547,0.54,0.32
2021,46,St. Bonaventure,20,120,6,221,11.05,306,0.54,0.39
2021,47,Georgetown,25,148,5.92,383,15.32,397,0.39,0.37
2021,48,Wisconsin,29,170,5.86,259,8.93,471,0.66,0.36
2021,49,Illinois,29,166,5.72,381,13.14,521,0.44,0.32
2021,50,Iowa,29,162,5.59,276,9.52,436,0.59,0.37
2021,51,Villanova,22,117,5.32,199,9.05,341,0.59,0.34
2021,52,Colorado,30,159,5.3,333,11.1,487,0.48,0.33
2021,53,Purdue,27,140,5.19,339,12.56,473,0.41,0.3
2021,54,UCLA,26,132,5.08,290,11.15,415,0.46,0.32
2021,55,Maryland,29,145,5,324,11.17,431,0.45,0.34
2021,56,Virginia,24,118,4.92,226,9.42,310,0.52,0.38
2021,57,Eastern Washington,23,113,4.91,264,11.48,390,0.43,0.29
2021,58,Grand Canyon,23,112,4.87,301,13.09,393,0.37,0.28
2021,59,USC,29,139,4.79,361,12.45,450,0.39,0.31
2021,60,Virginia Tech,21,100,4.76,245,11.67,338,0.41,0.3
2021,61,BYU,26,123,4.73,346,13.31,469,0.36,0.26
2021,62,Drexel,19,89,4.68,245,12.89,288,0.36,0.31
2021,63,Ohio State,30,138,4.6,313,10.43,557,0.44,0.25
2021,64,Liberty,28,128,4.57,271,9.68,407,0.47,0.31
2021,65,Michigan State,27,123,4.56,352,13.04,535,0.35,0.23
2021,66,Michigan,24,106,4.42,266,11.08,354,0.4,0.3
2021,67,Mount St. Mary's,22,97,4.41,288,13.09,328,0.34,0.3
2021,68,Morehead State,30,132,4.4,459,15.3,432,0.29,0.31
2019,1,Duke,34,322,9.47,446,13.12,539,0.72,0.6
2019,2,Auburn,34,316,9.29,417,12.26,621,0.76,0.51
2019,3,LSU,32,291,9.09,423,13.22,597,0.69,0.49
2019,4,Washington,34,306,9,453,13.32,625,0.68,0.49
2019,5,Prairie View A&M,34,300,8.82,433,12.74,739,0.69,0.41
2019,6,St. John's,33,291,8.82,341,10.33,628,0.85,0.46
2019,7,Abilene Christian,33,288,8.73,397,12.03,619,0.73,0.47
2019,8,Temple,32,277,8.66,356,11.13,559,0.78,0.5
2019,9,Syracuse,33,273,8.27,411,12.45,574,0.66,0.48
2019,10,Georgia State,32,259,8.09,374,11.69,554,0.69,0.47
2019,11,Mississippi State,33,267,8.09,439,13.3,564,0.61,0.47
2019,12,VCU,32,255,7.97,446,13.94,634,0.57,0.4
2019,13,Oregon,35,272,7.77,413,11.8,622,0.66,0.44
2019,14,Fairleigh Dickinson,33,253,7.67,441,13.36,554,0.57,0.46
2019,15,Kansas State,33,251,7.61,372,11.27,532,0.67,0.47
2019,16,Murray State,31,235,7.58,374,12.06,505,0.63,0.47
2019,17,Gonzaga,33,249,7.55,342,10.36,530,0.73,0.47
2019,18,Texas Tech,32,236,7.38,396,12.38,569,0.6,0.41
2019,19,Buffalo,34,249,7.32,399,11.74,617,0.62,0.4
2019,20,Ole Miss,32,234,7.31,405,12.66,579,0.58,0.4
2019,21,North Carolina,33,237,7.18,430,13.03,566,0.55,0.42
2019,22,Florida,34,244,7.18,400,11.76,582,0.61,0.42
2019,23,Saint Louis,34,242,7.12,439,12.91,601,0.55,0.4
2019,24,Iowa State,34,238,7,378,11.12,502,0.63,0.47
2019,25,Seton Hall,33,231,7,408,12.36,619,0.57,0.37
2019,26,Florida State,34,237,6.97,459,13.5,651,0.52,0.36
2019,27,Wofford,33,227,6.88,359,10.88,558,0.63,0.41
2019,28,Gardner-Webb,34,233,6.85,391,11.5,545,0.6,0.43
2019,29,Kansas,34,233,6.85,455,13.38,574,0.51,0.41
2019,30,Belmont,31,212,6.84,360,11.61,481,0.59,0.44
2019,31,Iona,32,217,6.78,396,12.38,550,0.55,0.39
2019,32,Virginia Tech,32,213,6.66,364,11.38,489,0.59,0.44
2019,33,Houston,33,217,6.58,379,11.48,629,0.57,0.34
2019,34,Montana,34,221,6.5,408,12,636,0.54,0.35
2019,35,Purdue,32,208,6.5,341,10.66,560,0.61,0.37
2019,36,Liberty,34,217,6.38,373,10.97,513,0.58,0.42
2019,37,Cincinnati,33,208,6.3,347,10.52,529,0.6,0.39
2019,38,North Carolina Central,33,207,6.27,506,15.33,590,0.41,0.35
2019,39,Northern Kentucky,34,212,6.24,423,12.44,647,0.5,0.33
2019,40,Utah State,34,212,6.24,426,12.53,631,0.5,0.34
2019,41,Arizona State,32,199,6.22,434,13.56,635,0.46,0.31
2019,42,Michigan,33,204,6.18,294,8.91,466,0.69,0.44
2019,43,Iowa,33,204,6.18,399,12.09,529,0.51,0.39
2019,44,Nevada,33,204,6.18,338,10.24,563,0.6,0.36
2019,45,Colgate,34,210,6.18,443,13.03,532,0.47,0.39
2019,46,Northeastern,33,203,6.15,371,11.24,528,0.55,0.38
2019,47,Baylor,32,196,6.13,424,13.25,599,0.46,0.33
2019,48,Tennessee,33,201,6.09,363,11,575,0.55,0.35
2019,49,Kentucky,33,199,6.03,417,12.64,537,0.48,0.37
2019,50,Saint Mary's,33,198,6,349,10.58,559,0.57,0.35
2019,51,Yale,28,168,6,375,13.39,476,0.45,0.35
2019,52,Oklahoma,32,190,5.94,390,12.19,504,0.49,0.38
2019,53,Ohio State,33,195,5.91,414,12.55,591,0.47,0.33
2019,54,UCF,31,178,5.74,366,11.81,524,0.49,0.34
2019,55,UC Irvine,35,199,5.69,411,11.74,648,0.48,0.31
2019,56,Vermont,33,186,5.64,361,10.94,541,0.52,0.34
2019,57,Virginia,32,180,5.63,289,9.03,469,0.62,0.38
2019,58,New Mexico State,34,191,5.62,403,11.85,613,0.47,0.31
2019,59,Old Dominion,34,190,5.59,399,11.74,560,0.48,0.34
2019,60,Villanova,34,184,5.41,383,11.26,558,0.48,0.33
2019,61,Bradley,34,183,5.38,430,12.65,595,0.43,0.31
2019,62,Michigan State,33,176,5.33,428,12.97,565,0.41,0.31
2019,63,Wisconsin,33,169,5.12,315,9.55,497,0.54,0.34
2019,64,Marquette,33,159,4.82,458,13.88,615,0.35,0.26
2019,65,North Dakota State,33,159,4.82,349,10.58,492,0.46,0.32
2019,66,Minnesota,34,163,4.79,408,12,550,0.4,0.3
2019,67,Louisville,33,147,4.45,406,12.3,569,0.36,0.26
2019,68,Maryland,32,139,4.34,420,13.13,495,0.33,0.28
2018,1,Stephen F. Austin,34,351,10.32,529,15.56,742,0.66,0.47
2018,2,West Virginia,34,273,8.03,385,11.32,725,0.71,0.38
2018,3,Montana,33,257,7.79,410,12.42,695,0.63,0.37
2018,4,Kansas State,33,257,7.79,378,11.45,607,0.68,0.42
2018,5,UNC Greensboro,34,263,7.74,468,13.76,628,0.56,0.42
2018,6,Rhode Island,31,237,7.65,330,10.65,593,0.72,0.4
2018,7,UMBC,34,256,7.53,411,12.09,562,0.62,0.46
2018,8,Duke,33,248,7.52,416,12.61,515,0.6,0.48
2018,9,NC State,32,240,7.5,390,12.19,579,0.62,0.41
2018,10,Auburn,32,238,7.44,392,12.25,635,0.61,0.37
2018,11,Cincinnati,33,244,7.39,377,11.42,522,0.65,0.47
2018,12,Texas Tech,33,244,7.39,414,12.55,599,0.59,0.41
2018,13,Syracuse,33,239,7.24,415,12.58,538,0.58,0.44
2018,14,Georgia State,33,238,7.21,378,11.45,603,0.63,0.39
2018,15,St. Bonaventure,32,222,6.94,367,11.47,641,0.6,0.35
2018,16,Florida,32,221,6.91,314,9.81,552,0.7,0.4
2018,17,Providence,34,233,6.85,424,12.47,601,0.55,0.39
2018,18,Marshall,34,232,6.82,449,13.21,586,0.52,0.4
2018,19,Murray State,31,211,6.81,368,11.87,536,0.57,0.39
2018,20,Virginia,33,224,6.79,283,8.58,464,0.79,0.48
2018,21,Iona,33,224,6.79,385,11.67,571,0.58,0.39
2018,22,Butler,33,222,6.73,369,11.18,602,0.6,0.37
2018,23,Florida State,31,208,6.71,403,13,566,0.52,0.37
2018,24,Villanova,34,227,6.68,352,10.35,539,0.64,0.42
2018,25,Wright State,34,226,6.65,446,13.12,541,0.51,0.42
2018,26,Loyola Chicago,33,219,6.64,404,12.24,456,0.54,0.48
2018,27,Kansas,34,225,6.62,397,11.68,519,0.57,0.43
2018,28,TCU,32,211,6.59,406,12.69,537,0.52,0.39
2018,29,Arizona State,31,204,6.58,332,10.71,585,0.61,0.35
2018,30,Oklahoma,31,204,6.58,415,13.39,533,0.49,0.38
2018,31,Miami,31,203,6.55,351,11.32,505,0.58,0.4
2018,32,Lipscomb,32,207,6.47,480,15,638,0.43,0.32
2018,33,Gonzaga,34,219,6.44,384,11.29,580,0.57,0.38
2018,34,Alabama,34,218,6.41,481,14.15,645,0.45,0.34
2018,35,CSU Fullerton,31,198,6.39,438,14.13,554,0.45,0.36
2018,36,Buffalo,34,217,6.38,426,12.53,719,0.51,0.3
2018,37,Houston,32,204,6.38,389,12.16,674,0.52,0.3
2018,38,Tennessee,32,204,6.38,393,12.28,625,0.52,0.33
2018,39,San Diego State,32,202,6.31,382,11.94,545,0.53,0.37
2018,40,Radford,34,214,6.29,414,12.18,556,0.52,0.38
2018,41,Seton Hall,32,201,6.28,410,12.81,567,0.49,0.35
2018,42,Nevada,34,213,6.26,338,9.94,586,0.63,0.36
2018,43,Michigan,35,219,6.26,320,9.14,546,0.68,0.4
2018,44,Arkansas,34,212,6.24,374,11,686,0.57,0.31
2018,45,Texas,33,205,6.21,391,11.85,531,0.52,0.39
2018,46,North Carolina A&T,34,207,6.09,471,13.85,614,0.44,0.34
2018,47,Pennsylvania,31,187,6.03,373,12.03,539,0.5,0.35
2018,48,Ohio State,32,193,6.03,378,11.81,556,0.51,0.35
2018,49,Xavier,33,193,5.85,410,12.42,558,0.47,0.35
2018,50,Purdue,34,198,5.82,363,10.68,528,0.55,0.38
2018,51,Virginia Tech,32,184,5.75,382,11.94,502,0.48,0.37
2018,52,UCLA,32,183,5.72,379,11.84,574,0.48,0.32
2018,53,Clemson,32,182,5.69,387,12.09,512,0.47,0.36
2018,54,North Carolina,35,198,5.66,421,12.03,550,0.47,0.36
2018,55,Creighton,32,181,5.66,358,11.19,480,0.51,0.38
2018,56,New Mexico State,33,186,5.64,418,12.67,591,0.44,0.31
2018,57,Bucknell,34,191,5.62,429,12.62,632,0.45,0.3
2018,58,Long Island University,34,191,5.62,481,14.15,668,0.4,0.29
2018,59,Kentucky,33,185,5.61,433,13.12,623,0.43,0.3
2018,60,Texas A&M,32,179,5.59,433,13.53,536,0.41,0.33
2018,61,Texas Southern,34,190,5.59,428,12.59,599,0.44,0.32
2018,62,Iowa,33,172,5.21,441,13.36,548,0.39,0.31
2018,63,Charleston,33,171,5.18,318,9.64,540,0.54,0.32
2018,64,Missouri,32,165,5.16,453,14.16,573,0.36,0.29
2018,65,North Carolina Central,34,174,5.12,480,14.12,633,0.36,0.27
2018,66,Arizona,34,169,4.97,418,12.29,592,0.4,0.29
2018,67,South Dakota State,34,169,4.97,340,10,547,0.5,0.31
2018,68,Davidson,31,149,4.81,294,9.48,467,0.51,0.32
2018,69,Wichita State,32,150,4.69,370,11.56,563,0.41,0.27
2018,70,Michigan State,33,135,4.09,435,13.18,596,0.31,0.23
2017,1,West Virginia,34,353,10.38,417,12.26,694,0.85,0.51
2017,2,East Tennessee State,34,284,8.35,502,14.76,679,0.57,0.42
2017,3,Iowa State,33,261,7.91,335,10.15,526,0.78,0.5
2017,4,North Dakota,31,245,7.9,413,13.32,647,0.59,0.38
2017,5,South Carolina,32,251,7.84,428,13.38,665,0.59,0.38
2017,6,Dayton,31,243,7.84,370,11.94,578,0.66,0.42
2017,7,Kansas State,33,258,7.82,431,13.06,585,0.6,0.44
2017,8,New Orleans,31,242,7.81,520,16.77,544,0.47,0.44
2017,9,Oklahoma State,32,249,7.78,422,13.19,708,0.59,0.35
2017,10,Florida,32,242,7.56,378,11.81,594,0.64,0.41
2017,11,Arkansas,34,256,7.53,399,11.74,699,0.64,0.37
2017,12,VCU,34,256,7.53,426,12.53,696,0.6,0.37
2017,13,Cincinnati,34,254,7.47,340,10,542,0.75,0.47
2017,14,Florida State,33,243,7.36,390,11.82,641,0.62,0.38
2017,15,Marquette,31,228,7.35,378,12.19,600,0.6,0.38
2017,16,USC,33,239,7.24,368,11.15,524,0.65,0.46
2017,17,Villanova,34,246,7.24,381,11.21,482,0.65,0.51
2017,18,Texas Southern,34,245,7.21,394,11.59,589,0.62,0.42
2017,19,Notre Dame,34,244,7.18,321,9.44,503,0.76,0.49
2017,20,Bucknell,34,244,7.18,451,13.26,630,0.54,0.39
2017,21,Gonzaga,33,236,7.15,373,11.3,541,0.63,0.44
2017,22,North Carolina,34,236,6.94,405,11.91,605,0.58,0.39
2017,23,Kansas,32,222,6.94,419,13.09,578,0.53,0.38
2017,24,Seton Hall,32,222,6.94,434,13.56,595,0.51,0.37
2017,25,Iona,34,235,6.91,411,12.09,652,0.57,0.36
2017,26,Wisconsin,34,234,6.88,373,10.97,535,0.63,0.44
2017,27,Middle Tennessee,34,233,6.85,354,10.41,614,0.66,0.38
2017,28,Wichita State,34,233,6.85,379,11.15,643,0.61,0.36
2017,29,Princeton,29,198,6.83,289,9.97,468,0.69,0.42
2017,30,UNC Wilmington,34,232,6.82,354,10.41,679,0.66,0.34
2017,31,Louisville,32,216,6.75,357,11.16,622,0.61,0.35
2017,32,Providence,32,215,6.72,403,12.59,548,0.53,0.39
2017,33,Winthrop,32,210,6.56,421,13.16,583,0.5,0.36
2017,34,Kent State,35,228,6.51,457,13.06,668,0.5,0.34
2017,35,Oregon,34,221,6.5,394,11.59,545,0.56,0.41
2017,36,Miami,32,204,6.38,407,12.72,498,0.5,0.41
2017,37,Rhode Island,33,210,6.36,370,11.21,688,0.57,0.31
2017,38,Mount St. Mary's,34,212,6.24,447,13.15,612,0.47,0.35
2017,39,Butler,31,193,6.23,315,10.16,586,0.61,0.33
2017,40,Creighton,34,210,6.18,424,12.47,563,0.5,0.37
2017,41,Xavier,34,209,6.15,435,12.79,636,0.48,0.33
2017,42,UCLA,33,202,6.12,381,11.55,542,0.53,0.37
2017,43,Florida Gulf Coast,33,202,6.12,410,12.42,613,0.49,0.33
2017,44,Troy,36,220,6.11,445,12.36,635,0.49,0.35
2017,45,Kentucky,34,206,6.06,409,12.03,654,0.5,0.31
2017,46,North Carolina Central,33,199,6.03,397,12.03,572,0.5,0.35
2017,47,Michigan,35,208,5.94,330,9.43,527,0.63,0.39
2017,48,Duke,35,207,5.91,395,11.29,632,0.52,0.33
2017,49,SMU,34,195,5.74,369,10.85,490,0.53,0.4
2017,50,Minnesota,33,189,5.73,385,11.67,556,0.49,0.34
2017,51,Northern Kentucky,34,194,5.71,460,13.53,600,0.42,0.32
2017,52,Vermont,34,193,5.68,383,11.26,539,0.5,0.36
2017,53,UC Davis,34,193,5.68,481,14.15,657,0.4,0.29
2017,54,Virginia,32,181,5.66,305,9.53,520,0.59,0.35
2017,55,Arizona,34,187,5.5,389,11.44,577,0.48,0.32
2017,56,Wake Forest,32,175,5.47,378,11.81,643,0.46,0.27
2017,57,Maryland,32,173,5.41,415,12.97,594,0.42,0.29
2017,58,Nevada,34,180,5.29,379,11.15,567,0.47,0.32
2017,59,Purdue,32,167,5.22,419,13.09,504,0.4,0.33
2017,60,South Dakota State,34,177,5.21,440,12.94,567,0.4,0.31
2017,61,Baylor,32,162,5.06,429,13.41,566,0.38,0.29
2017,62,Northwestern,34,171,5.03,358,10.53,647,0.48,0.26
2017,63,New Mexico State,33,160,4.85,454,13.76,609,0.35,0.26
2017,64,Jacksonville State,34,156,4.59,463,13.62,614,0.34,0.25
2017,65,Michigan State,33,147,4.45,468,14.18,667,0.31,0.22
2017,66,Saint Mary's,32,133,4.16,337,10.53,472,0.39,0.28
2017,67,Vanderbilt,34,140,4.12,420,12.35,565,0.33,0.25
2017,68,Virginia Tech,32,128,4,388,12.13,525,0.33,0.24
2016,1,West Virginia,34,338,9.94,476,14,792,0.71,0.43
2016,2,Green Bay,35,344,9.83,423,12.09,701,0.81,0.49
2016,3,UNC Asheville,33,307,9.3,430,13.03,575,0.71,0.53
2016,4,Stephen F. Austin,32,290,9.06,398,12.44,660,0.73,0.44
2016,5,VCU,33,294,8.91,380,11.52,644,0.77,0.46
2016,6,Fresno State,34,280,8.24,364,10.71,741,0.77,0.38
2016,7,Syracuse,32,259,8.09,388,12.13,530,0.67,0.49
2016,8,CSU Bakersfield,32,257,8.03,391,12.22,686,0.66,0.37
2016,9,Cincinnati,32,254,7.94,354,11.06,498,0.72,0.51
2016,10,Baylor,33,260,7.88,425,12.88,636,0.61,0.41
2016,11,Hawai'i,32,252,7.88,423,13.22,648,0.6,0.39
2016,12,Chattanooga,34,265,7.79,422,12.41,577,0.63,0.46
2016,13,Oregon,34,259,7.62,393,11.56,607,0.66,0.43
2016,14,Fairleigh Dickinson,32,242,7.56,414,12.94,694,0.58,0.35
2016,15,Iona,32,242,7.56,409,12.78,621,0.59,0.39
2016,16,UNC Wilmington,32,241,7.53,365,11.41,760,0.66,0.32
2016,17,Southern,34,254,7.47,382,11.24,659,0.66,0.39
2016,18,Oregon State,31,231,7.45,355,11.45,624,0.65,0.37
2016,19,Xavier,32,234,7.31,408,12.75,645,0.57,0.36
2016,20,Seton Hall,33,240,7.27,457,13.85,616,0.53,0.39
2016,21,Wichita State,32,231,7.22,318,9.94,644,0.73,0.36
2016,22,Texas A&M,33,230,6.97,388,11.76,594,0.59,0.39
2016,23,Buffalo,34,236,6.94,465,13.68,722,0.51,0.33
2016,24,Indiana,32,222,6.94,437,13.66,582,0.51,0.38
2016,25,Austin Peay,35,242,6.91,490,14,610,0.49,0.4
2016,26,Oklahoma,32,221,6.91,415,12.97,538,0.53,0.41
2016,27,North Carolina,34,234,6.88,371,10.91,609,0.63,0.38
2016,28,Kansas,34,232,6.82,428,12.59,640,0.54,0.36
2016,29,Tulsa,31,211,6.81,335,10.81,548,0.63,0.39
2016,30,Iowa,31,211,6.81,323,10.42,504,0.65,0.42
2016,31,Butler,31,210,6.77,317,10.23,615,0.66,0.34
2016,32,Villanova,34,229,6.74,378,11.12,596,0.61,0.38
2016,33,Providence,33,219,6.64,380,11.52,556,0.58,0.39
2016,34,Florida Gulf Coast,33,218,6.61,406,12.3,637,0.54,0.34
2016,35,Little Rock,32,208,6.5,338,10.56,591,0.62,0.35
2016,36,Holy Cross,33,213,6.45,362,10.97,555,0.59,0.38
2016,37,Duke,33,211,6.39,326,9.88,548,0.65,0.39
2016,38,USC,33,209,6.33,403,12.21,576,0.52,0.36
2016,39,Middle Tennessee,33,205,6.21,399,12.09,672,0.51,0.31
2016,40,Stony Brook,32,198,6.19,365,11.41,509,0.54,0.39
2016,41,Iowa State,32,197,6.16,370,11.56,496,0.53,0.4
2016,42,Miami,32,194,6.06,341,10.66,530,0.57,0.37
2016,43,Dayton,32,189,5.91,418,13.06,610,0.45,0.31
2016,44,Wisconsin,32,188,5.88,351,10.97,541,0.54,0.35
2016,45,Texas Tech,31,182,5.87,371,11.97,573,0.49,0.32
2016,46,UConn,33,192,5.82,369,11.18,592,0.52,0.32
2016,47,Maryland,33,192,5.82,425,12.88,547,0.45,0.35
2016,48,Yale,28,162,5.79,375,13.39,497,0.43,0.33
2016,49,Northern Iowa,34,193,5.68,334,9.82,515,0.58,0.37
2016,50,Notre Dame,32,179,5.59,311,9.72,496,0.58,0.36
2016,51,Michigan,34,188,5.53,333,9.79,530,0.56,0.35
2016,52,Kentucky,33,182,5.52,363,11,676,0.5,0.27
2016,53,Virginia,33,181,5.48,310,9.39,540,0.58,0.34
2016,54,Hampton,31,168,5.42,433,13.97,638,0.39,0.26
2016,55,Utah,34,183,5.38,418,12.29,524,0.44,0.35
2016,56,Temple,32,171,5.34,293,9.16,516,0.58,0.33
2016,57,Colorado,33,172,5.21,442,13.39,616,0.39,0.28
2016,58,Texas,32,165,5.16,332,10.38,664,0.5,0.25
2016,59,Saint Joseph's,33,168,5.09,337,10.21,524,0.5,0.32
2016,60,Gonzaga,33,167,5.06,372,11.27,577,0.45,0.29
2016,61,Weber State,34,169,4.97,451,13.26,598,0.37,0.28
2016,62,South Dakota State,33,164,4.97,388,11.76,651,0.42,0.25
2016,63,Pittsburgh,32,159,4.97,374,11.69,562,0.43,0.28
2016,64,Arizona,33,162,4.91,423,12.82,599,0.38,0.27
2016,65,Michigan State,33,149,4.52,392,11.88,630,0.38,0.24
2016,66,Vanderbilt,32,138,4.31,374,11.69,610,0.37,0.23
2016,67,Purdue,33,141,4.27,401,12.15,570,0.35,0.25
2016,68,California,33,136,4.12,403,12.21,682,0.34,0.2
2015,1,West Virginia,32,350,10.94,418,13.06,747,0.84,0.47
2015,2,VCU,35,338,9.66,372,10.63,674,0.91,0.5
2015,3,Georgia State,33,300,9.09,352,10.67,607,0.85,0.49
2015,4,Robert Morris,33,282,8.55,454,13.76,612,0.62,0.46
2015,5,Louisville,32,266,8.31,378,11.81,567,0.7,0.47
2015,6,Manhattan,32,259,8.09,464,14.5,733,0.56,0.35
2015,7,Baylor,33,261,7.91,413,12.52,552,0.63,0.47
2015,8,Oklahoma State,31,245,7.9,380,12.26,596,0.64,0.41
2015,9,Villanova,34,265,7.79,369,10.85,562,0.72,0.47
2015,10,Ohio State,33,257,7.79,373,11.3,529,0.69,0.49
2015,11,Arkansas,34,264,7.76,399,11.74,644,0.66,0.41
2015,12,Georgetown,31,240,7.74,392,12.65,625,0.61,0.38
2015,13,Stephen F. Austin,33,252,7.64,464,14.06,716,0.54,0.35
2015,14,Buffalo,32,244,7.63,361,11.28,584,0.68,0.42
2015,15,BYU,34,257,7.56,402,11.82,697,0.64,0.37
2015,16,St. John's,32,239,7.47,342,10.69,566,0.7,0.42
2015,17,LSU,32,235,7.34,468,14.63,506,0.5,0.46
2015,18,Providence,33,238,7.21,391,11.85,606,0.61,0.39
2015,19,Duke,33,237,7.18,371,11.24,528,0.64,0.45
2015,20,Arizona,34,244,7.18,381,11.21,608,0.64,0.4
2015,21,Harvard,29,204,7.03,342,11.79,456,0.6,0.45
2015,22,Wichita State,32,225,7.03,301,9.41,534,0.75,0.42
2015,23,Coastal Carolina,33,232,7.03,393,11.91,545,0.59,0.43
2015,24,Dayton,33,230,6.97,379,11.48,525,0.61,0.44
2015,25,San Diego State,34,236,6.94,386,11.35,486,0.61,0.49
2015,26,Oklahoma,32,221,6.91,388,12.13,525,0.57,0.42
2015,27,Notre Dame,34,234,6.88,319,9.38,483,0.73,0.48
2015,28,UCLA,33,226,6.85,392,11.88,590,0.58,0.38
2015,29,SMU,33,226,6.85,417,12.64,537,0.54,0.42
2015,30,Hampton,33,220,6.67,469,14.21,711,0.47,0.31
2015,31,North Carolina,35,233,6.66,444,12.69,674,0.52,0.35
2015,32,UAB,34,225,6.62,461,13.56,599,0.49,0.38
2015,33,Ole Miss,32,211,6.59,363,11.34,626,0.58,0.34
2015,34,Iowa,32,211,6.59,361,11.28,508,0.58,0.42
2015,35,Cincinnati,32,210,6.56,409,12.78,469,0.51,0.45
2015,36,Kentucky,34,223,6.56,361,10.62,579,0.62,0.39
2015,37,Wofford,34,223,6.56,371,10.91,574,0.6,0.39
2015,38,Kansas,34,222,6.53,435,12.79,599,0.51,0.37
2015,39,Belmont,32,205,6.41,439,13.72,526,0.47,0.39
2015,40,Butler,32,204,6.38,364,11.38,562,0.56,0.36
2015,41,Eastern Washington,34,216,6.35,367,10.79,600,0.59,0.36
2015,42,Iowa State,33,209,6.33,364,11.03,512,0.57,0.41
2015,43,New Mexico State,33,209,6.33,459,13.91,526,0.46,0.4
2015,44,North Florida,34,213,6.26,417,12.26,545,0.51,0.39
2015,45,Gonzaga,34,211,6.21,359,10.56,580,0.59,0.36
2015,46,Texas Southern,34,209,6.15,445,13.09,591,0.47,0.35
2015,47,Boise State,33,201,6.09,339,10.27,564,0.59,0.36
2015,48,Xavier,34,207,6.09,411,12.09,612,0.5,0.34
2015,49,Valparaiso,33,198,6,413,12.52,543,0.48,0.36
2015,50,Northern Iowa,33,196,5.94,346,10.48,474,0.57,0.41
2015,51,Utah,32,190,5.94,366,11.44,534,0.52,0.36
2015,52,Oregon,34,195,5.74,401,11.79,623,0.49,0.31
2015,53,UC Irvine,33,189,5.73,382,11.58,567,0.49,0.33
2015,54,Albany,32,181,5.66,374,11.69,528,0.48,0.34
2015,55,Georgia,32,180,5.63,408,12.75,587,0.44,0.31
2015,56,Virginia,32,179,5.59,304,9.5,456,0.59,0.39
2015,57,Lafayette,32,179,5.59,351,10.97,504,0.51,0.36
2015,58,Wyoming,34,189,5.56,380,11.18,464,0.5,0.41
2015,59,Davidson,31,170,5.48,297,9.58,586,0.57,0.29
2015,60,Purdue,33,180,5.45,432,13.09,623,0.42,0.29
2015,61,Northeastern,34,181,5.32,467,13.74,484,0.39,0.37
2015,62,Michigan State,34,181,5.32,395,11.62,630,0.46,0.29
2015,63,Indiana,33,167,5.06,379,11.48,579,0.44,0.29
2015,64,Maryland,33,160,4.85,397,12.03,545,0.4,0.29
2015,65,North Dakota State,32,153,4.78,312,9.75,482,0.49,0.32
2015,66,Wisconsin,34,154,4.53,252,7.41,409,0.61,0.38
2015,67,NC State,33,131,3.97,347,10.52,580,0.38,0.23
2015,68,Texas,33,124,3.76,420,12.73,533,0.3,0.23
2014,1,VCU,33,374,11.33,412,12.48,647,0.91,0.58
2014,2,Louisville,34,344,10.12,350,10.29,663,0.98,0.52
2014,3,UCLA,34,319,9.38,358,10.53,603,0.89,0.53
2014,4,Eastern Kentucky,33,291,8.82,352,10.67,686,0.83,0.42
2014,5,Memphis,32,279,8.72,431,13.47,578,0.65,0.48
2014,6,Manhattan,32,265,8.28,453,14.16,772,0.58,0.34
2014,7,Syracuse,32,257,8.03,285,8.91,508,0.9,0.51
2014,8,Cincinnati,33,262,7.94,366,11.09,575,0.72,0.46
2014,9,Oregon,32,254,7.94,373,11.66,680,0.68,0.37
2014,10,San Diego State,33,260,7.88,328,9.94,546,0.79,0.48
2014,11,North Carolina Central,33,259,7.85,383,11.61,646,0.68,0.4
2014,12,Harvard,30,235,7.83,342,11.4,534,0.69,0.44
2014,13,Ohio State,34,260,7.65,380,11.18,561,0.68,0.46
2014,14,Oklahoma State,33,250,7.58,344,10.42,648,0.73,0.39
2014,15,Stephen F. Austin,33,250,7.58,368,11.15,691,0.68,0.36
2014,16,Saint Louis,32,237,7.41,404,12.63,552,0.59,0.43
2014,17,Louisiana,33,243,7.36,455,13.79,699,0.53,0.35
2014,18,North Carolina,32,234,7.31,385,12.03,650,0.61,0.36
2014,19,BYU,34,247,7.26,386,11.35,665,0.64,0.37
2014,20,Iowa,32,232,7.25,365,11.41,573,0.64,0.4
2014,21,Mount St. Mary's,32,229,7.16,384,12,600,0.6,0.38
2014,22,Florida,33,236,7.15,372,11.27,529,0.63,0.45
2014,23,George Washington,32,226,7.06,418,13.06,577,0.54,0.39
2014,24,Pittsburgh,34,238,7,359,10.56,594,0.66,0.4
2014,25,Duke,33,231,7,316,9.58,630,0.73,0.37
2014,26,UConn,34,237,6.97,397,11.68,619,0.6,0.38
2014,27,Wichita State,34,237,6.97,353,10.38,573,0.67,0.41
2014,28,Tulsa,33,230,6.97,378,11.45,705,0.61,0.33
2014,29,Michigan State,33,229,6.94,379,11.48,623,0.6,0.37
2014,30,Villanova,32,222,6.94,379,11.84,630,0.59,0.35
2014,31,Nebraska,31,213,6.87,338,10.9,629,0.63,0.34
2014,32,Oklahoma,32,219,6.84,366,11.44,608,0.6,0.36
2014,33,UMass,32,218,6.81,433,13.53,628,0.5,0.35
2014,34,Gonzaga,34,227,6.68,383,11.26,617,0.59,0.37
2014,35,North Dakota State,31,200,6.45,304,9.81,551,0.66,0.36
2014,36,Coastal Carolina,33,211,6.39,465,14.09,649,0.45,0.33
2014,37,Wofford,32,202,6.31,342,10.69,564,0.59,0.36
2014,38,Kansas State,32,198,6.19,394,12.31,694,0.5,0.29
2014,39,American,32,193,6.03,447,13.97,551,0.43,0.35
2014,40,Iowa State,33,199,6.03,348,10.55,574,0.57,0.35
2014,41,Colorado,34,205,6.03,449,13.21,564,0.46,0.36
2014,42,Mercer,34,205,6.03,406,11.94,628,0.5,0.33
2014,43,Delaware,34,204,6,326,9.59,641,0.63,0.32
2014,44,Western Michigan,32,190,5.94,451,14.09,586,0.42,0.32
2014,45,Arizona,34,200,5.88,355,10.44,559,0.56,0.36
2014,46,Kansas,33,193,5.85,435,13.18,695,0.44,0.28
2014,47,Xavier,33,193,5.85,408,12.36,657,0.47,0.29
2014,48,Cal Poly,32,187,5.84,287,8.97,584,0.65,0.32
2014,49,Dayton,33,192,5.82,396,12,661,0.48,0.29
2014,50,Milwaukee,34,196,5.76,457,13.44,615,0.43,0.32
2014,51,Texas,33,190,5.76,408,12.36,629,0.47,0.3
2014,52,Providence,34,190,5.59,396,11.65,588,0.48,0.32
2014,53,Albany,32,177,5.53,404,12.63,551,0.44,0.32
2014,54,Virginia,33,179,5.42,339,10.27,531,0.53,0.34
2014,55,Tennessee,33,173,5.24,354,10.73,563,0.49,0.31
2014,56,Baylor,35,183,5.23,414,11.83,604,0.44,0.3
2014,57,Michigan,32,166,5.19,301,9.41,464,0.55,0.36
2014,58,Arizona State,32,165,5.16,367,11.47,617,0.45,0.27
2014,59,Stanford,33,168,5.09,371,11.24,596,0.45,0.28
2014,60,Wisconsin,33,165,5,266,8.06,493,0.62,0.33
2014,61,New Mexico,33,160,4.85,351,10.64,560,0.46,0.29
2014,62,Kentucky,33,158,4.79,403,12.21,623,0.39,0.25
2014,63,NC State,34,162,4.76,354,10.41,636,0.46,0.25
2014,64,New Mexico State,35,165,4.71,444,12.69,592,0.37,0.28
2014,65,Texas Southern,33,152,4.61,441,13.36,536,0.34,0.28
2014,66,Saint Joseph's,32,146,4.56,395,12.34,509,0.37,0.29
2014,67,Weber State,30,123,4.1,372,12.4,541,0.33,0.23
2014,68,Creighton,33,135,4.09,328,9.94,582,0.41,0.23
2013,1,VCU,33,394,11.94,389,11.79,652,1.01,0.6
2013,2,Louisville,34,365,10.74,431,12.68,603,0.85,0.61
2013,3,Belmont,32,315,9.84,432,13.5,585,0.73,0.54
2013,4,Northwestern State,31,305,9.84,433,13.97,599,0.7,0.51
2013,5,Florida Gulf Coast,34,306,9,499,14.68,597,0.61,0.51
2013,6,Memphis,34,305,8.97,497,14.62,614,0.61,0.5
2013,7,Syracuse,35,311,8.89,442,12.63,566,0.7,0.55
2013,8,Oregon,34,289,8.5,507,14.91,590,0.57,0.49
2013,9,Ole Miss,33,277,8.39,372,11.27,560,0.74,0.49
2013,10,North Carolina,33,272,8.24,405,12.27,487,0.67,0.56
2013,11,UCLA,34,278,8.18,376,11.06,506,0.74,0.55
2013,12,Michigan State,33,267,8.09,443,13.42,525,0.6,0.51
2013,13,La Salle,30,242,8.07,351,11.7,459,0.69,0.53
2013,14,Temple,32,257,8.03,351,10.97,525,0.73,0.49
2013,15,Gonzaga,33,263,7.97,370,11.21,517,0.71,0.51
2013,16,James Madison,34,268,7.88,380,11.18,582,0.71,0.46
2013,17,Villanova,33,254,7.7,517,15.67,628,0.49,0.4
2013,18,Minnesota,32,242,7.56,442,13.81,561,0.55,0.43
2013,19,Georgetown,31,234,7.55,393,12.68,522,0.6,0.45
2013,20,Oklahoma State,32,240,7.5,397,12.41,574,0.6,0.42
2013,21,Southern,32,240,7.5,349,10.91,551,0.69,0.44
2013,22,Indiana,33,247,7.48,429,13,564,0.58,0.44
2013,23,Wichita State,34,254,7.47,435,12.79,602,0.58,0.42
2013,24,Saint Louis,32,239,7.47,361,11.28,552,0.66,0.43
2013,25,Harvard,28,208,7.43,378,13.5,423,0.55,0.49
2013,26,UNLV,34,250,7.35,475,13.97,573,0.53,0.44
2013,27,Kansas,34,244,7.18,465,13.68,575,0.52,0.42
2013,28,Akron,32,229,7.16,436,13.63,566,0.53,0.4
2013,29,Middle Tennessee,33,234,7.09,455,13.79,679,0.51,0.34
2013,30,Kansas State,34,241,7.09,394,11.59,617,0.61,0.39
2013,31,North Carolina A&T,35,247,7.06,529,15.11,679,0.47,0.36
2013,32,Colorado,32,225,7.03,424,13.25,505,0.53,0.45
2013,33,Cincinnati,33,231,7,423,12.82,583,0.55,0.4
2013,34,Arizona,32,222,6.94,419,13.09,522,0.53,0.43
2013,35,Florida,32,222,6.94,354,11.06,456,0.63,0.49
2013,36,Illinois,34,235,6.91,391,11.5,619,0.6,0.38
2013,37,San Diego State,32,220,6.88,382,11.94,474,0.58,0.46
2013,38,Long Island University,33,225,6.82,475,14.39,585,0.47,0.38
2013,39,Ohio State,32,218,6.81,341,10.66,501,0.64,0.44
2013,40,Missouri,33,223,6.76,437,13.24,543,0.51,0.41
2013,41,Boise State,31,209,6.74,375,12.1,586,0.56,0.36
2013,42,Marquette,31,209,6.74,422,13.61,525,0.5,0.4
2013,43,Valparaiso,33,220,6.67,479,14.52,574,0.46,0.38
2013,44,Pittsburgh,32,213,6.66,349,10.91,546,0.61,0.39
2013,45,Iona,33,218,6.61,402,12.18,564,0.54,0.39
2013,46,NC State,34,224,6.59,420,12.35,521,0.53,0.43
2013,47,Duke,32,209,6.53,343,10.72,567,0.61,0.37
2013,48,Iowa State,33,215,6.52,438,13.27,560,0.49,0.38
2013,49,Oklahoma,31,200,6.45,367,11.84,537,0.54,0.37
2013,50,Miami,32,203,6.34,352,11,476,0.58,0.43
2013,51,Saint Mary's,33,207,6.27,396,12,578,0.52,0.36
2013,52,New Mexico,34,208,6.12,391,11.5,521,0.53,0.4
2013,53,Western Kentucky,35,214,6.11,527,15.06,666,0.41,0.32
2013,54,Michigan,33,198,6,304,9.21,430,0.65,0.46
2013,55,Montana,31,182,5.87,374,12.06,521,0.49,0.35
2013,56,California,31,179,5.77,389,12.55,503,0.46,0.36
2013,57,Wisconsin,33,189,5.73,323,9.79,463,0.59,0.41
2013,58,Butler,34,193,5.68,454,13.35,611,0.43,0.32
2013,59,Davidson,33,187,5.67,360,10.91,584,0.52,0.32
2013,60,Pacific,34,192,5.65,376,11.06,605,0.51,0.32
2013,61,New Mexico State,34,189,5.56,490,14.41,512,0.39,0.37
2013,62,Liberty,35,193,5.51,468,13.37,667,0.41,0.29
2013,63,Albany,34,185,5.44,455,13.38,545,0.41,0.34
2013,64,Notre Dame,34,173,5.09,376,11.06,483,0.46,0.36
2013,65,South Dakota State,34,172,5.06,353,10.38,481,0.49,0.36
2013,66,Creighton,34,170,5,417,12.26,551,0.41,0.31
2013,67,Colorado State,33,161,4.88,355,10.76,562,0.45,0.29
2013,68,Bucknell,33,118,3.58,312,9.45,478,0.38,0.25
2012,1,VCU,34,363,10.68,389,11.44,617,0.93,0.59
2012,2,Syracuse,33,317,9.61,348,10.55,499,0.91,0.64
2012,3,Ohio,34,319,9.38,450,13.24,671,0.71,0.48
2012,4,Louisville,35,319,9.11,513,14.66,623,0.62,0.51
2012,5,Marquette,32,282,8.81,424,13.25,571,0.67,0.49
2012,6,Mississippi Valley State,34,297,8.74,494,14.53,699,0.6,0.42
2012,7,UNC Asheville,33,280,8.48,444,13.45,590,0.63,0.47
2012,8,BYU,33,279,8.45,436,13.21,600,0.64,0.47
2012,9,Murray State,31,261,8.42,434,14,565,0.6,0.46
2012,10,UNLV,34,285,8.38,458,13.47,582,0.62,0.49
2012,11,Lamar,34,281,8.26,411,12.09,586,0.68,0.48
2012,12,Missouri,34,279,8.21,350,10.29,480,0.8,0.58
2012,13,Cincinnati,34,276,8.12,361,10.62,515,0.76,0.54
2012,14,Memphis,34,270,7.94,433,12.74,648,0.62,0.42
2012,15,Loyola (MD),32,249,7.78,431,13.47,600,0.58,0.42
2012,16,Lehigh,33,256,7.76,375,11.36,586,0.68,0.44
2012,17,Florida State,32,247,7.72,522,16.31,600,0.47,0.41
2012,18,Baylor,34,259,7.62,472,13.88,596,0.55,0.43
2012,19,Detroit Mercy,35,263,7.51,436,12.46,662,0.6,0.4
2012,20,Michigan State,33,246,7.45,436,13.21,582,0.56,0.42
2012,21,Belmont,34,252,7.41,421,12.38,613,0.6,0.41
2012,22,Kansas,33,244,7.39,437,13.24,582,0.56,0.42
2012,23,Ohio State,33,242,7.33,385,11.67,529,0.63,0.46
2012,24,Alabama,32,234,7.31,414,12.94,588,0.57,0.4
2012,25,Temple,31,224,7.23,388,12.52,548,0.58,0.41
2012,26,Iona,32,231,7.22,396,12.38,540,0.58,0.43
2012,27,Long Beach State,33,236,7.15,425,12.88,508,0.56,0.46
2012,28,Montana,31,221,7.13,393,12.68,566,0.56,0.39
2012,29,Saint Louis,32,225,7.03,359,11.22,542,0.63,0.42
2012,30,Saint Mary's,32,224,7,372,11.63,509,0.6,0.44
2012,31,New Mexico,33,229,6.94,440,13.33,581,0.52,0.39
2012,32,NC State,34,235,6.91,436,12.82,577,0.54,0.41
2012,33,Norfolk State,34,235,6.91,520,15.29,660,0.45,0.36
2012,34,New Mexico State,35,239,6.83,516,14.74,616,0.46,0.39
2012,35,North Carolina,33,225,6.82,393,11.91,488,0.57,0.46
2012,36,Texas,33,225,6.82,415,12.58,644,0.54,0.35
2012,37,Gonzaga,31,211,6.81,414,13.35,470,0.51,0.45
2012,38,South Dakota State,34,229,6.74,357,10.5,550,0.64,0.42
2012,39,Purdue,33,216,6.55,286,8.67,585,0.76,0.37
2012,40,Virginia,31,202,6.52,354,11.42,491,0.57,0.41
2012,41,West Virginia,32,208,6.5,412,12.88,534,0.5,0.39
2012,42,Florida,33,214,6.48,360,10.91,523,0.59,0.41
2012,43,Indiana,33,212,6.42,421,12.76,580,0.5,0.37
2012,44,Kentucky,33,209,6.33,378,11.45,470,0.55,0.44
2012,45,Wichita State,32,201,6.28,391,12.22,541,0.51,0.37
2012,46,Duke,33,206,6.24,402,12.18,600,0.51,0.34
2012,47,Vermont,34,212,6.24,420,12.35,588,0.5,0.36
2012,48,Georgetown,31,193,6.23,393,12.68,545,0.49,0.35
2012,49,Kansas State,31,191,6.16,449,14.48,624,0.43,0.31
2012,50,Xavier,32,196,6.13,414,12.94,600,0.47,0.33
2012,51,Long Island University,33,200,6.06,534,16.18,520,0.37,0.38
2012,52,Harvard,30,180,6,369,12.3,452,0.49,0.4
2012,53,Vanderbilt,33,197,5.97,437,13.24,528,0.45,0.37
2012,54,Southern Miss,33,197,5.97,367,11.12,624,0.54,0.32
2012,55,Colorado,34,200,5.88,432,12.71,580,0.46,0.34
2012,56,Iowa State,32,188,5.88,401,12.53,513,0.47,0.37
2012,57,UConn,33,192,5.82,414,12.55,472,0.46,0.41
2012,58,St. Bonaventure,30,173,5.77,426,14.2,556,0.41,0.31
2012,59,San Diego State,33,186,5.64,417,12.64,525,0.45,0.35
2012,60,Davidson,32,180,5.63,378,11.81,650,0.48,0.28
2012,61,South Florida,33,182,5.52,452,13.7,506,0.4,0.36
2012,62,Western Kentucky,33,182,5.52,496,15.03,654,0.37,0.28
2012,63,Colorado State,31,166,5.35,386,12.45,583,0.43,0.28
2012,64,Wisconsin,33,172,5.21,296,8.97,467,0.58,0.37
2012,65,Notre Dame,33,171,5.18,331,10.03,453,0.52,0.38
2012,66,Michigan,33,166,5.03,360,10.91,513,0.46,0.32
2012,67,California,33,158,4.79,404,12.24,474,0.39,0.33
2012,68,Creighton,33,158,4.79,405,12.27,562,0.39,0.28
2011,1,Missouri,33,322,9.76,422,12.79,671,0.76,0.48
2011,2,Belmont,34,331,9.74,473,13.91,707,0.7,0.47
2011,3,UNC Asheville,32,297,9.28,481,15.03,618,0.62,0.48
2011,4,Louisville,34,313,9.21,443,13.03,652,0.71,0.48
2011,5,Florida State,31,272,8.77,500,16.13,597,0.54,0.46
2011,6,Syracuse,33,289,8.76,400,12.12,506,0.72,0.57
2011,7,Morehead State,33,284,8.61,498,15.09,624,0.57,0.46
2011,8,Memphis,34,290,8.53,520,15.29,686,0.56,0.42
2011,9,VCU,34,290,8.53,393,11.56,620,0.74,0.47
2011,10,UNLV,32,260,8.13,405,12.66,618,0.64,0.42
2011,11,Clemson,32,257,8.03,428,13.38,588,0.6,0.44
2011,12,St. John's,32,256,8,398,12.44,601,0.64,0.43
2011,13,Kansas,34,270,7.94,458,13.47,608,0.59,0.44
2011,14,BYU,34,268,7.88,374,11,587,0.72,0.46
2011,15,Saint Peter's,33,253,7.67,497,15.06,643,0.51,0.39
2011,16,Cincinnati,33,250,7.58,382,11.58,568,0.65,0.44
2011,17,Duke,34,254,7.47,416,12.24,607,0.61,0.42
2011,18,Hampton,32,239,7.47,395,12.34,587,0.61,0.41
2011,19,Tennessee,33,246,7.45,436,13.21,645,0.56,0.38
2011,20,Gonzaga,33,244,7.39,444,13.45,615,0.55,0.4
2011,21,Long Island University,32,235,7.34,491,15.34,552,0.48,0.43
2011,22,Alabama State,34,249,7.32,539,15.85,756,0.46,0.33
2011,23,UC Santa Barbara,31,226,7.29,439,14.16,594,0.51,0.38
2011,24,Ohio State,34,244,7.18,346,10.18,485,0.71,0.5
2011,25,Marquette,34,244,7.18,408,12,574,0.6,0.43
2011,26,UTSA,32,229,7.16,435,13.59,628,0.53,0.36
2011,27,Temple,32,222,6.94,347,10.84,510,0.64,0.44
2011,28,Old Dominion,33,225,6.82,409,12.39,486,0.55,0.46
2011,29,Wofford,33,223,6.76,391,11.85,633,0.57,0.35
2011,30,George Mason,32,216,6.75,350,10.94,549,0.62,0.39
2011,31,Washington,33,222,6.73,408,12.36,668,0.54,0.33
2011,32,Akron,35,234,6.69,424,12.11,671,0.55,0.35
2011,33,UConn,35,232,6.63,411,11.74,558,0.56,0.42
2011,34,Texas A&M,32,209,6.53,415,12.97,581,0.5,0.36
2011,35,Georgia,32,208,6.5,429,13.41,528,0.48,0.39
2011,36,Michigan State,33,210,6.36,438,13.27,620,0.48,0.34
2011,37,Villanova,32,203,6.34,383,11.97,558,0.53,0.36
2011,38,Kansas State,32,203,6.34,479,14.97,653,0.42,0.31
2011,39,Purdue,32,201,6.28,331,10.34,576,0.61,0.35
2011,40,San Diego State,34,212,6.24,376,11.06,506,0.56,0.42
2011,41,Indiana State,33,205,6.21,463,14.03,660,0.44,0.31
2011,42,Northern Colorado,31,191,6.16,445,14.35,601,0.43,0.32
2011,43,Oakland,34,209,6.15,466,13.71,626,0.45,0.33
2011,44,Georgetown,31,190,6.13,416,13.42,577,0.46,0.33
2011,45,North Carolina,33,202,6.12,446,13.52,536,0.45,0.38
2011,46,Richmond,34,208,6.12,363,10.68,546,0.57,0.38
2011,47,Butler,32,193,6.03,356,11.13,604,0.54,0.32
2011,48,USC,33,197,5.97,375,11.36,567,0.53,0.35
2011,49,Princeton,31,183,5.9,383,12.35,540,0.48,0.34
2011,50,Little Rock,35,206,5.89,412,11.77,715,0.5,0.29
2011,51,Florida,33,194,5.88,410,12.42,476,0.47,0.41
2011,52,Texas,34,198,5.82,402,11.82,585,0.49,0.34
2011,53,Illinois,32,178,5.56,407,12.72,562,0.44,0.32
2011,54,Xavier,31,171,5.52,371,11.97,532,0.46,0.32
2011,55,Kentucky,33,181,5.48,352,10.67,531,0.51,0.34
2011,56,UCLA,32,175,5.47,478,14.94,560,0.37,0.31
2011,57,Boston University,34,183,5.38,406,11.94,619,0.45,0.3
2011,58,UAB,30,160,5.33,368,12.27,503,0.43,0.32
2011,59,Vanderbilt,33,174,5.27,434,13.15,536,0.4,0.32
2011,60,Arizona,34,171,5.03,437,12.85,632,0.39,0.27
2011,61,Utah State,33,160,4.85,390,11.82,566,0.41,0.28
2011,62,Pittsburgh,32,154,4.81,373,11.66,574,0.41,0.27
2011,63,Bucknell,33,157,4.76,375,11.36,602,0.42,0.26
2011,64,Michigan,33,156,4.73,333,10.09,547,0.47,0.29
2011,65,West Virginia,31,143,4.61,375,12.1,550,0.38,0.26
2011,66,Notre Dame,32,147,4.59,342,10.69,479,0.43,0.31
2011,67,Penn State,33,147,4.45,349,10.58,517,0.42,0.28
2011,68,Wisconsin,31,107,3.45,229,7.39,467,0.47,0.23
2010,1,Missouri,32,350,10.94,416,13,617,0.84,0.57
2010,2,Murray State,34,340,10,498,14.65,580,0.68,0.59
2010,3,Syracuse,32,320,10,483,15.09,468,0.66,0.68
2010,4,Clemson,31,299,9.65,460,14.84,542,0.65,0.55
2010,5,Houston,34,323,9.5,309,9.09,633,1.05,0.51
2010,6,Siena,33,290,8.79,404,12.24,455,0.72,0.64
2010,7,UTEP,32,280,8.75,421,13.16,618,0.67,0.45
2010,8,Winthrop,32,280,8.75,395,12.34,600,0.71,0.47
2010,9,BYU,34,288,8.47,392,11.53,580,0.73,0.5
2010,10,Kansas,34,286,8.41,441,12.97,619,0.65,0.46
2010,11,Richmond,33,277,8.39,375,11.36,599,0.74,0.46
2010,12,Florida State,31,260,8.39,520,16.77,553,0.5,0.47
2010,13,East Tennessee State,34,282,8.29,505,14.85,648,0.56,0.44
2010,14,Tennessee,33,267,8.09,437,13.24,653,0.61,0.41
2010,15,Georgia Tech,33,265,8.03,540,16.36,611,0.49,0.43
2010,16,Minnesota,33,263,7.97,419,12.7,544,0.63,0.48
2010,17,Maryland,31,246,7.94,367,11.84,520,0.67,0.47
2010,18,Marquette,33,261,7.91,340,10.3,560,0.77,0.47
2010,19,Old Dominion,34,266,7.82,435,12.79,533,0.61,0.5
2010,20,Texas,33,258,7.82,459,13.91,650,0.56,0.4
2010,21,Sam Houston State,32,250,7.81,431,13.47,641,0.58,0.39
2010,22,UNLV,33,257,7.79,387,11.73,670,0.66,0.38
2010,23,Louisville,32,249,7.78,438,13.69,644,0.57,0.39
2010,24,Villanova,31,241,7.77,429,13.84,692,0.56,0.35
2010,25,Robert Morris,34,257,7.56,499,14.68,724,0.52,0.35
2010,26,San Diego State,33,248,7.52,443,13.42,536,0.56,0.46
2010,27,Ohio,35,263,7.51,447,12.77,661,0.59,0.4
2010,28,Wake Forest,29,213,7.34,440,15.17,583,0.48,0.37
2010,29,Kansas State,33,242,7.33,478,14.48,736,0.51,0.33
2010,30,Washington,33,240,7.27,422,12.79,711,0.57,0.34
2010,31,Cornell,31,222,7.16,380,12.26,550,0.58,0.4
2010,32,Florida,33,236,7.15,402,12.18,477,0.59,0.49
2010,33,Kentucky,33,236,7.15,484,14.67,538,0.49,0.44
2010,34,Ohio State,33,235,7.12,375,11.36,502,0.63,0.47
2010,35,Wofford,34,241,7.09,405,11.91,607,0.6,0.4
2010,36,Georgetown,33,232,7.03,455,13.79,558,0.51,0.42
2010,37,Duke,33,228,6.91,367,11.12,612,0.62,0.37
2010,38,Purdue,32,221,6.91,348,10.88,598,0.64,0.37
2010,39,Arkansas-Pine Bluff,32,219,6.84,543,16.97,729,0.4,0.3
2010,40,Butler,32,219,6.84,397,12.41,592,0.55,0.37
2010,41,Vermont,34,231,6.79,478,14.06,623,0.48,0.37
2010,42,Xavier,32,217,6.78,423,13.22,600,0.51,0.36
2010,43,UC Santa Barbara,29,196,6.76,451,15.55,556,0.43,0.35
2010,44,New Mexico,33,223,6.76,370,11.21,583,0.6,0.38
2010,45,Michigan State,32,215,6.72,449,14.03,565,0.48,0.38
2010,46,Oakland,34,228,6.71,468,13.76,605,0.49,0.38
2010,47,Gonzaga,32,214,6.69,418,13.06,577,0.51,0.37
2010,48,Texas A&M,32,211,6.59,392,12.25,593,0.54,0.36
2010,49,Morgan St,36,237,6.58,487,13.53,759,0.49,0.31
2010,50,Montana,31,201,6.48,378,12.19,550,0.53,0.37
2010,51,Oklahoma State,32,206,6.44,407,12.72,644,0.51,0.32
2010,52,Baylor,32,205,6.41,446,13.94,572,0.46,0.36
2010,53,Lehigh,32,197,6.16,416,13,572,0.47,0.34
2010,54,New Mexico State,33,196,5.94,426,12.91,570,0.46,0.34
2010,55,Vanderbilt,32,184,5.75,438,13.69,613,0.42,0.3
2010,56,California,33,187,5.67,396,12,560,0.47,0.33
2010,57,Wisconsin,31,174,5.61,275,8.87,506,0.63,0.34
2010,58,West Virginia,33,185,5.61,387,11.73,604,0.48,0.31
2010,59,Notre Dame,34,188,5.53,352,10.35,516,0.53,0.36
2010,60,Northern Iowa,32,176,5.5,337,10.53,511,0.52,0.34
2010,61,Saint Mary's,31,160,5.16,359,11.58,520,0.45,0.31
2010,62,Pittsburgh,32,163,5.09,397,12.41,549,0.41,0.3
2010,63,Temple,33,156,4.73,347,10.52,490,0.45,0.32
2010,64,Utah State,34,158,4.65,349,10.26,544,0.45,0.29
2010,65,North Texas,32,142,4.44,469,14.66,573,0.3,0.25
2009,1,Missouri,34,359,10.56,420,12.35,676,0.85,0.53
2009,2,Clemson,31,290,9.35,445,14.35,556,0.65,0.52
2009,3,Louisville,33,306,9.27,451,13.67,566,0.68,0.54
2009,4,CSU Northridge,30,269,8.97,532,17.73,665,0.51,0.4
2009,5,Siena,33,292,8.85,431,13.06,487,0.68,0.6
2009,6,Memphis,34,300,8.82,423,12.44,594,0.71,0.51
2009,7,Cleveland State,35,304,8.69,437,12.49,644,0.7,0.47
2009,8,Robert Morris,34,293,8.62,524,15.41,676,0.56,0.43
2009,9,East Tennessee State,33,281,8.52,468,14.18,604,0.6,0.47
2009,10,Duke,34,289,8.5,419,12.32,613,0.69,0.47
2009,11,North Carolina,32,271,8.47,410,12.81,509,0.66,0.53
2009,12,Wake Forest,30,254,8.47,474,15.8,563,0.54,0.45
2009,13,Minnesota,32,268,8.38,465,14.53,568,0.58,0.47
2009,14,UCLA,33,276,8.36,408,12.36,557,0.68,0.5
2009,15,Florida State,34,278,8.18,533,15.68,640,0.52,0.43
2009,16,Marquette,33,267,8.09,387,11.73,589,0.69,0.45
2009,17,Syracuse,35,279,7.97,534,15.26,543,0.52,0.51
2009,18,Villanova,33,263,7.97,441,13.36,626,0.6,0.42
2009,19,Maryland,33,255,7.73,412,12.48,547,0.62,0.47
2009,20,Akron,35,270,7.71,482,13.77,722,0.56,0.37
2009,21,Oklahoma State,33,253,7.67,410,12.42,704,0.62,0.36
2009,22,VCU,33,252,7.64,419,12.7,637,0.6,0.4
2009,23,LSU,33,251,7.61,399,12.09,571,0.63,0.44
2009,24,Washington,33,250,7.58,491,14.88,642,0.51,0.39
2009,25,Portland State,32,239,7.47,442,13.81,535,0.54,0.45
2009,26,Gonzaga,31,231,7.45,355,11.45,501,0.65,0.46
2009,27,Purdue,34,246,7.24,396,11.65,590,0.62,0.42
2009,28,BYU,32,230,7.19,365,11.41,587,0.63,0.39
2009,29,North Dakota State,32,227,7.09,361,11.28,517,0.63,0.44
2009,30,Pittsburgh,32,226,7.06,384,12,524,0.59,0.43
2009,31,Binghamton,31,218,7.03,413,13.32,631,0.53,0.35
2009,32,Mississippi State,35,245,7,500,14.29,582,0.49,0.42
2009,33,Oklahoma,32,222,6.94,440,13.75,557,0.5,0.4
2009,34,Kansas,32,222,6.94,467,14.59,617,0.48,0.36
2009,35,West Virginia,34,231,6.79,409,12.03,639,0.56,0.36
2009,36,Radford,32,216,6.75,521,16.28,590,0.41,0.37
2009,37,Morehead State,34,229,6.74,516,15.18,632,0.44,0.36
2009,38,Cornell,30,202,6.73,389,12.97,541,0.52,0.37
2009,39,Tennessee,33,221,6.7,441,13.36,627,0.5,0.35
2009,40,Morgan St,34,223,6.56,449,13.21,648,0.5,0.34
2009,41,Michigan,33,213,6.45,374,11.33,499,0.57,0.43
2009,42,Michigan State,32,205,6.41,449,14.03,609,0.46,0.34
2009,43,Dayton,33,209,6.33,455,13.79,627,0.46,0.33
2009,44,USC,33,207,6.27,463,14.03,541,0.45,0.38
2009,45,Chattanooga,34,213,6.26,532,15.65,620,0.4,0.34
2009,46,Texas,33,206,6.24,413,12.52,633,0.5,0.33
2009,47,Boston College,33,203,6.15,442,13.39,593,0.46,0.34
2009,48,Butler,31,190,6.13,385,12.42,547,0.49,0.35
2009,49,Stephen F. Austin,31,190,6.13,378,12.19,571,0.5,0.33
2009,50,Arizona,32,191,5.97,403,12.59,500,0.47,0.38
2009,51,Arizona State,33,195,5.91,380,11.52,525,0.51,0.37
2009,52,Ohio State,32,189,5.91,419,13.09,479,0.45,0.39
2009,53,UConn,31,180,5.81,393,12.68,400,0.46,0.45
2009,54,Illinois,33,190,5.76,408,12.36,497,0.47,0.38
2009,55,Western Kentucky,32,181,5.66,426,13.31,555,0.42,0.33
2009,56,Alabama State,31,175,5.65,422,13.61,540,0.41,0.32
2009,57,Temple,33,184,5.58,417,12.64,565,0.44,0.33
2009,58,American,31,168,5.42,410,13.23,556,0.41,0.3
2009,59,Xavier,32,172,5.38,480,15,596,0.36,0.29
2009,60,Utah,33,164,4.97,449,13.61,609,0.37,0.27
2009,61,Texas A&M,32,159,4.97,411,12.84,548,0.39,0.29
2009,62,Wisconsin,31,154,4.97,314,10.13,490,0.49,0.31
2009,63,California,32,157,4.91,385,12.03,538,0.41,0.29
2009,64,Utah State,34,166,4.88,384,11.29,518,0.43,0.32
2009,65,Northern Iowa,33,140,4.24,383,11.61,598,0.37,0.23
2008,1,Clemson,33,326,9.88,491,14.88,639,0.66,0.51
2008,2,Austin Peay,34,331,9.74,433,12.74,597,0.76,0.55
2008,3,Marquette,33,317,9.61,435,13.18,689,0.73,0.46
2008,4,Siena,32,302,9.44,355,11.09,494,0.85,0.61
2008,5,Tennessee,33,306,9.27,423,12.82,680,0.72,0.45
2008,6,Kansas,34,305,8.97,440,12.94,592,0.69,0.52
2008,7,CSU Fullerton,32,287,8.97,431,13.47,604,0.67,0.48
2008,8,Memphis,34,296,8.71,415,12.21,593,0.71,0.5
2008,9,Duke,32,278,8.69,434,13.56,613,0.64,0.45
2008,10,Belmont,33,283,8.58,484,14.67,605,0.58,0.47
2008,11,Kent State,34,290,8.53,496,14.59,639,0.58,0.45
2008,12,Purdue,32,272,8.5,413,12.91,627,0.66,0.43
2008,13,Winthrop,33,280,8.48,432,13.09,576,0.65,0.49
2008,14,North Carolina,34,283,8.32,499,14.68,577,0.57,0.49
2008,15,Louisville,32,259,8.09,424,13.25,582,0.61,0.45
2008,16,Villanova,32,259,8.09,451,14.09,666,0.57,0.39
2008,17,Davidson,32,259,8.09,391,12.22,581,0.66,0.45
2008,18,UNLV,32,256,8,345,10.78,559,0.74,0.46
2008,19,Western Kentucky,33,259,7.85,467,14.15,696,0.55,0.37
2008,20,Kansas State,31,238,7.68,475,15.32,622,0.5,0.38
2008,21,Drake,32,244,7.63,375,11.72,471,0.65,0.52
2008,22,Gonzaga,32,242,7.56,454,14.19,565,0.53,0.43
2008,23,Saint Mary's,30,225,7.5,413,13.77,521,0.54,0.43
2008,24,UCLA,34,253,7.44,420,12.35,486,0.6,0.52
2008,25,Baylor,31,228,7.35,392,12.65,650,0.58,0.35
2008,26,Mount St. Mary's,32,232,7.25,460,14.38,637,0.5,0.36
2008,27,Saint Joseph's,33,238,7.21,420,12.73,574,0.57,0.41
2008,28,West Virginia,34,245,7.21,379,11.15,646,0.65,0.38
2008,29,Georgetown,32,228,7.13,423,13.22,561,0.54,0.41
2008,30,Indiana,32,225,7.03,439,13.72,551,0.51,0.41
2008,31,Arkansas,33,231,7,510,15.45,626,0.45,0.37
2008,32,Portland State,32,223,6.97,468,14.63,571,0.48,0.39
2008,33,Pittsburgh,35,238,6.8,427,12.2,566,0.56,0.42
2008,34,San Diego,34,231,6.79,510,15,588,0.45,0.39
2008,35,Georgia,33,224,6.79,492,14.91,589,0.46,0.38
2008,36,Kentucky,30,202,6.73,478,15.93,563,0.42,0.36
2008,37,UT Arlington,32,213,6.66,551,17.22,626,0.39,0.34
2008,38,Oklahoma,33,218,6.61,426,12.91,558,0.51,0.39
2008,39,Notre Dame,31,198,6.39,403,13,465,0.49,0.43
2008,40,Boise State,33,210,6.36,515,15.61,578,0.41,0.36
2008,41,Wisconsin,33,208,6.3,399,12.09,473,0.52,0.44
2008,42,Butler,32,201,6.28,328,10.25,542,0.61,0.37
2008,43,Temple,33,207,6.27,421,12.76,589,0.49,0.35
2008,44,Oral Roberts,32,200,6.25,421,13.16,539,0.48,0.37
2008,45,Washington State,32,200,6.25,331,10.34,490,0.6,0.41
2008,46,Mississippi Valley State,32,199,6.22,462,14.44,573,0.43,0.35
2008,47,Texas,34,211,6.21,321,9.44,555,0.66,0.38
2008,48,UMBC,32,197,6.16,306,9.56,519,0.64,0.38
2008,49,South Alabama,32,196,6.13,443,13.84,548,0.44,0.36
2008,50,Michigan State,33,201,6.09,451,13.67,602,0.45,0.33
2008,51,Miami,32,194,6.06,429,13.41,599,0.45,0.32
2008,52,Vanderbilt,33,198,6,478,14.48,601,0.41,0.33
2008,53,Mississippi State,32,192,6,489,15.28,530,0.39,0.36
2008,54,Cornell,27,162,6,370,13.7,493,0.44,0.33
2008,55,BYU,34,201,5.91,485,14.26,603,0.41,0.33
2008,56,UConn,32,184,5.75,436,13.63,487,0.42,0.38
2008,57,USC,32,182,5.69,471,14.72,504,0.39,0.36
2008,58,Arizona,33,186,5.64,402,12.18,542,0.46,0.34
2008,59,George Mason,33,184,5.58,395,11.97,511,0.47,0.36
2008,60,Xavier,33,184,5.58,438,13.27,572,0.42,0.32
2008,61,American,32,147,4.59,436,13.63,561,0.34,0.26
2008,62,Oregon,31,142,4.58,392,12.65,560,0.36,0.25
2008,63,Texas A&M,34,154,4.53,434,12.76,580,0.35,0.27
2008,64,Stanford,33,144,4.36,405,12.27,566,0.36,0.25
2007,1,Georgia Tech,31,310,10,492,15.87,642,0.63,0.48
2007,2,Memphis,33,324,9.82,448,13.58,652,0.72,0.5
2007,3,Tennessee,32,314,9.81,467,14.59,634,0.67,0.5
2007,4,Holy Cross,33,315,9.55,501,15.18,598,0.63,0.53
2007,5,George Washington,31,289,9.32,424,13.68,585,0.68,0.49
2007,6,Kansas,34,303,8.91,476,14,634,0.64,0.48
2007,7,Marquette,33,289,8.76,481,14.58,672,0.6,0.43
2007,8,Pennsylvania,30,261,8.7,423,14.1,553,0.62,0.47
2007,9,Virginia Tech,32,271,8.47,351,10.97,584,0.77,0.46
2007,10,Notre Dame,31,261,8.42,401,12.94,560,0.65,0.47
2007,11,North Carolina,34,285,8.38,474,13.94,588,0.6,0.48
2007,12,Jackson State,34,281,8.26,529,15.56,704,0.53,0.4
2007,13,Villanova,32,262,8.19,442,13.81,619,0.59,0.42
2007,14,Winthrop,32,259,8.09,417,13.03,553,0.62,0.47
2007,15,UNLV,34,273,8.03,384,11.29,607,0.71,0.45
2007,16,Texas A&M-CC,32,252,7.88,520,16.25,605,0.48,0.42
2007,17,Davidson,33,259,7.85,478,14.48,585,0.54,0.44
2007,18,Eastern Kentucky,32,251,7.84,430,13.44,435,0.58,0.58
2007,19,Purdue,32,246,7.69,455,14.22,631,0.54,0.39
2007,20,Old Dominion,32,244,7.63,395,12.34,599,0.62,0.41
2007,21,Texas,33,251,7.61,405,12.27,570,0.62,0.44
2007,22,UCLA,31,235,7.58,379,12.23,500,0.62,0.47
2007,23,Long Beach State,31,235,7.58,432,13.94,537,0.54,0.44
2007,24,Vanderbilt,31,234,7.55,389,12.55,528,0.6,0.44
2007,25,Maryland,32,241,7.53,505,15.78,583,0.48,0.41
2007,26,VCU,33,246,7.45,376,11.39,595,0.65,0.41
2007,27,Louisville,32,237,7.41,407,12.72,644,0.58,0.37
2007,28,Duke,32,236,7.38,492,15.38,558,0.48,0.42
2007,29,New Mexico State,33,237,7.18,556,16.85,676,0.43,0.35
2007,30,Oregon,33,235,7.12,416,12.61,529,0.56,0.44
2007,31,Florida,34,241,7.09,476,14,533,0.51,0.45
2007,32,Florida A&M,34,239,7.03,610,17.94,621,0.39,0.38
2007,33,Arkansas,34,235,6.91,521,15.32,591,0.45,0.4
2007,34,Texas Tech,33,227,6.88,390,11.82,576,0.58,0.39
2007,35,Ohio State,33,225,6.82,388,11.76,448,0.58,0.5
2007,36,Texas A&M,31,210,6.77,388,12.52,605,0.54,0.35
2007,37,Weber State,31,207,6.68,498,16.06,598,0.42,0.35
2007,38,Washington State,32,213,6.66,330,10.31,520,0.65,0.41
2007,39,Indiana,30,199,6.63,371,12.37,624,0.54,0.32
2007,40,North Texas,33,218,6.61,518,15.7,664,0.42,0.33
2007,41,Southern Illinois,33,217,6.58,462,14,672,0.47,0.32
2007,42,Oral Roberts,33,209,6.33,501,15.18,588,0.42,0.36
2007,43,Niagara,33,207,6.27,441,13.36,573,0.47,0.36
2007,44,Creighton,32,200,6.25,411,12.84,534,0.49,0.37
2007,45,Gonzaga,33,206,6.24,463,14.03,637,0.44,0.32
2007,46,BYU,33,203,6.15,446,13.52,639,0.46,0.32
2007,47,Belmont,32,195,6.09,516,16.13,587,0.38,0.33
2007,48,Central Connecticut,33,200,6.06,469,14.21,532,0.43,0.38
2007,49,Arizona,30,180,6,412,13.73,402,0.44,0.45
2007,50,Kentucky,32,191,5.97,470,14.69,507,0.41,0.38
2007,51,Illinois,34,202,5.94,470,13.82,581,0.43,0.35
2007,52,Albany,32,189,5.91,428,13.38,615,0.44,0.31
2007,53,Wright State,32,187,5.84,392,12.25,559,0.48,0.33
2007,54,Miami (OH),32,186,5.81,427,13.34,545,0.44,0.34
2007,55,Boston College,31,179,5.77,438,14.13,477,0.41,0.38
2007,56,Xavier,32,184,5.75,412,12.88,563,0.45,0.33
2007,57,Wisconsin,34,193,5.68,389,11.44,508,0.5,0.38
2007,58,USC,34,187,5.5,500,14.71,606,0.37,0.31
2007,59,Nevada,32,176,5.5,418,13.06,533,0.42,0.33
2007,60,Pittsburgh,34,181,5.32,398,11.71,560,0.45,0.32
2007,61,Georgetown,32,167,5.22,440,13.75,528,0.38,0.32
2007,62,Butler,33,172,5.21,309,9.36,632,0.56,0.27
2007,63,Michigan State,33,169,5.12,496,15.03,605,0.34,0.28
2007,64,Stanford,30,142,4.73,438,14.6,548,0.32,0.26
2007,65,Virginia,30,141,4.7,417,13.9,601,0.34,0.23
2006,1,UAB,30,332,11.07,385,12.83,540,0.86,0.61
2006,2,Tennessee,28,286,10.21,363,12.96,504,0.79,0.57
2006,3,Pennsylvania,28,279,9.96,374,13.36,512,0.75,0.54
2006,4,Arizona,31,306,9.87,418,13.48,511,0.73,0.6
2006,5,Memphis,33,323,9.79,522,15.82,667,0.62,0.48
2006,6,Kansas,32,311,9.72,498,15.56,574,0.62,0.54
2006,7,Winthrop,30,291,9.7,424,14.13,515,0.69,0.57
2006,8,Duke,33,315,9.55,442,13.39,577,0.71,0.55
2006,9,George Washington,28,264,9.43,396,14.14,501,0.67,0.53
2006,10,Northwestern State,32,296,9.25,500,15.63,653,0.59,0.45
2006,11,Bradley,30,276,9.2,456,15.2,562,0.61,0.49
2006,12,Syracuse,34,307,9.03,520,15.29,609,0.59,0.5
2006,13,Bucknell,30,265,8.83,441,14.7,523,0.6,0.51
2006,14,Texas A&M,29,251,8.66,389,13.41,626,0.65,0.4
2006,15,South Alabama,30,257,8.57,399,13.3,560,0.64,0.46
2006,16,Southern Illinois,32,271,8.47,458,14.31,639,0.59,0.42
2006,17,Arkansas,31,262,8.45,415,13.39,525,0.63,0.5
2006,18,LSU,31,262,8.45,484,15.61,489,0.54,0.54
2006,19,Texas,33,269,8.15,452,13.7,505,0.6,0.53
2006,20,West Virginia,30,242,8.07,254,8.47,380,0.95,0.64
2006,21,Air Force,30,242,8.07,324,10.8,459,0.75,0.53
2006,22,Murray State,30,241,8.03,374,12.47,549,0.64,0.44
2006,23,Florida,33,265,8.03,491,14.88,532,0.54,0.5
2006,24,Washington,30,238,7.93,451,15.03,568,0.53,0.42
2006,25,North Carolina,29,229,7.9,482,16.62,504,0.48,0.45
2006,26,Kent State,33,259,7.85,441,13.36,663,0.59,0.39
2006,27,Belmont,30,232,7.73,489,16.3,596,0.47,0.39
2006,28,Montana,29,224,7.72,416,14.34,537,0.54,0.42
2006,29,UNC Wilmington,32,246,7.69,399,12.47,660,0.62,0.37
2006,30,Monmouth,32,245,7.66,483,15.09,542,0.51,0.45
2006,31,Hampton,31,237,7.65,503,16.23,647,0.47,0.37
2006,32,Iona,30,229,7.63,453,15.1,557,0.51,0.41
2006,33,San Diego State,32,244,7.63,482,15.06,526,0.51,0.46
2006,34,Villanova,29,220,7.59,327,11.28,533,0.67,0.41
2006,35,Southern,31,235,7.58,545,17.58,554,0.43,0.42
2006,36,Marquette,30,226,7.53,446,14.87,577,0.51,0.39
2006,37,NC State,30,221,7.37,410,13.67,531,0.54,0.42
2006,38,George Mason,30,219,7.3,396,13.2,462,0.55,0.47
2006,39,Gonzaga,30,218,7.27,400,13.33,564,0.55,0.39
2006,40,Oklahoma,28,199,7.11,393,14.04,474,0.51,0.42
2006,41,Ohio State,30,210,7,364,12.13,462,0.58,0.45
2006,42,Milwaukee,29,202,6.97,398,13.72,562,0.51,0.36
2006,43,Seton Hall,29,196,6.76,390,13.45,545,0.5,0.36
2006,44,Oral Roberts,32,216,6.75,459,14.34,566,0.47,0.38
2006,45,Iowa,33,221,6.7,487,14.76,499,0.45,0.44
2006,46,UConn,30,199,6.63,426,14.2,462,0.47,0.43
2006,47,Michigan State,33,212,6.42,468,14.18,601,0.45,0.35
2006,48,Albany,31,198,6.39,439,14.16,592,0.45,0.33
2006,49,Pittsburgh,31,197,6.35,426,13.74,529,0.46,0.37
2006,50,Alabama,29,184,6.34,392,13.52,401,0.47,0.46
2006,51,Indiana,29,183,6.31,424,14.62,528,0.43,0.35
2006,52,Xavier,31,195,6.29,402,12.97,547,0.49,0.36
2006,53,Illinois,31,193,6.23,383,12.35,539,0.5,0.36
2006,54,Boston College,33,203,6.15,435,13.18,537,0.47,0.38
2006,55,Georgetown,30,181,6.03,352,11.73,448,0.51,0.4
2006,56,Kentucky,33,197,5.97,442,13.39,558,0.45,0.35
2006,57,Pacific,31,184,5.94,404,13.03,479,0.46,0.38
2006,58,UCLA,33,186,5.64,480,14.55,533,0.39,0.35
2006,59,Northern Iowa,32,175,5.47,393,12.28,465,0.45,0.38
2006,60,Nevada,32,174,5.44,417,13.03,513,0.42,0.34
2006,61,Wisconsin,30,161,5.37,349,11.63,516,0.46,0.31
2006,62,Wichita State,32,170,5.31,412,12.88,494,0.41,0.34
2006,63,Utah State,31,162,5.23,399,12.87,478,0.41,0.34
2006,64,California,30,155,5.17,371,12.37,500,0.42,0.31
2006,65,Davidson,30,150,5,390,13,550,0.38,0.27
2005,1,UAB,31,365,11.77,415,13.39,600,0.88,0.61
2005,2,North Carolina,31,322,10.39,517,16.68,562,0.62,0.57
2005,3,George Washington,29,284,9.79,434,14.97,504,0.65,0.56
2005,4,Old Dominion,33,320,9.7,401,12.15,568,0.8,0.56
2005,5,Iowa State,29,275,9.48,375,12.93,484,0.73,0.57
2005,6,Louisiana,30,284,9.47,464,15.47,583,0.61,0.49
2005,7,Kentucky,30,282,9.4,391,13.03,504,0.72,0.56
2005,8,Southern Illinois,33,306,9.27,428,12.97,634,0.71,0.48
2005,9,Minnesota,31,283,9.13,500,16.13,493,0.57,0.57
2005,10,Louisville,33,300,9.09,480,14.55,618,0.63,0.49
2005,11,SE Louisiana,32,288,9,443,13.84,551,0.65,0.52
2005,12,Oklahoma,31,274,8.84,428,13.81,566,0.64,0.48
2005,13,Duke,30,263,8.77,408,13.6,553,0.64,0.48
2005,14,Charlotte,28,244,8.71,369,13.18,475,0.66,0.51
2005,15,Wake Forest,31,267,8.61,451,14.55,598,0.59,0.45
2005,16,Ohio,31,265,8.55,403,13,550,0.66,0.48
2005,17,Milwaukee,29,246,8.48,400,13.79,553,0.62,0.44
2005,18,Washington,32,268,8.38,465,14.53,658,0.58,0.41
2005,19,Winthrop,32,265,8.28,451,14.09,597,0.59,0.44
2005,20,Georgia Tech,30,248,8.27,459,15.3,604,0.54,0.41
2005,21,Arizona,33,272,8.24,490,14.85,543,0.56,0.5
2005,22,Villanova,29,239,8.24,366,12.62,534,0.65,0.45
2005,23,West Virginia,31,253,8.16,353,11.39,454,0.72,0.56
2005,24,Delaware State,32,261,8.16,450,14.06,515,0.58,0.51
2005,25,Syracuse,33,267,8.09,441,13.36,526,0.61,0.51
2005,26,Bucknell,31,248,8,489,15.77,585,0.51,0.42
2005,27,Pennsylvania,28,222,7.93,438,15.64,551,0.51,0.4
2005,28,Texas Tech,30,233,7.77,386,12.87,511,0.6,0.46
2005,29,Chattanooga,36,278,7.72,613,17.03,602,0.45,0.46
2005,30,Michigan State,28,216,7.71,388,13.86,540,0.56,0.4
2005,31,Illinois,33,252,7.64,367,11.12,512,0.69,0.49
2005,32,New Mexico,32,243,7.59,438,13.69,538,0.55,0.45
2005,33,Eastern Kentucky,30,227,7.57,434,14.47,579,0.52,0.39
2005,34,Iowa,32,241,7.53,465,14.53,598,0.52,0.4
2005,35,UTEP,34,249,7.32,416,12.24,560,0.6,0.44
2005,36,Oklahoma State,30,218,7.27,414,13.8,546,0.53,0.4
2005,37,Boston College,28,203,7.25,362,12.93,417,0.56,0.49
2005,38,Oakland,30,217,7.23,363,12.1,531,0.6,0.41
2005,39,Fairleigh Dickinson,32,231,7.22,449,14.03,605,0.51,0.38
2005,40,NC State,32,226,7.06,393,12.28,603,0.58,0.37
2005,41,Florida,30,211,7.03,409,13.63,546,0.52,0.39
2005,42,Nevada,30,211,7.03,443,14.77,470,0.48,0.45
2005,43,LSU,29,203,7,384,13.24,463,0.53,0.44
2005,44,Mississippi State,32,222,6.94,484,15.13,494,0.46,0.45
2005,45,Niagara,29,199,6.86,371,12.79,551,0.54,0.36
2005,46,Creighton,33,226,6.85,395,11.97,582,0.57,0.39
2005,47,Stanford,30,202,6.73,422,14.07,541,0.48,0.37
2005,48,Vermont,30,202,6.73,356,11.87,475,0.57,0.43
2005,49,UCF,32,212,6.63,486,15.19,600,0.44,0.35
2005,50,Kansas,29,192,6.62,420,14.48,558,0.46,0.34
2005,51,Pittsburgh,28,182,6.5,409,14.61,476,0.44,0.38
2005,52,UConn,29,179,6.17,441,15.21,459,0.41,0.39
2005,53,Utah,32,197,6.16,453,14.16,454,0.43,0.43
2005,54,Saint Mary's,33,202,6.12,514,15.58,599,0.39,0.34
2005,55,Texas,30,182,6.07,428,14.27,532,0.43,0.34
2005,56,Northern Iowa,31,188,6.06,365,11.77,541,0.52,0.35
2005,57,Montana,30,177,5.9,510,17,517,0.35,0.34
2005,58,UCLA,28,164,5.86,451,16.11,517,0.36,0.32
2005,59,Gonzaga,29,162,5.59,393,13.55,505,0.41,0.32
2005,60,Utah State,31,173,5.58,384,12.39,425,0.45,0.41
2005,61,Cincinnati,31,170,5.48,417,13.45,548,0.41,0.31
2005,62,Wisconsin,30,164,5.47,344,11.47,460,0.48,0.36
2005,63,Alabama,31,161,5.19,391,12.61,451,0.41,0.36
2005,64,Pacific,29,148,5.1,404,13.93,419,0.37,0.35
2004,1,UAB,29,341,11.76,395,13.62,607,0.86,0.56
2004,2,East Tennessee State,32,371,11.59,508,15.88,540,0.73,0.69
2004,3,Southern Illinois,29,298,10.28,350,12.07,562,0.85,0.53
2004,4,North Carolina,28,269,9.61,438,15.64,518,0.61,0.52
2004,5,Manhattan,29,274,9.45,377,13,589,0.73,0.47
2004,6,Duke,31,292,9.42,437,14.1,568,0.67,0.51
2004,7,Providence,28,260,9.29,418,14.93,451,0.62,0.58
2004,8,Wake Forest,28,259,9.25,421,15.04,583,0.62,0.44
2004,9,Mississippi State,28,257,9.18,433,15.46,455,0.59,0.56
2004,10,Saint Joseph's,28,256,9.14,328,11.71,477,0.78,0.54
2004,11,UCF,30,273,9.1,459,15.3,550,0.59,0.5
2004,12,Louisiana,28,251,8.96,404,14.43,517,0.62,0.49
2004,13,South Carolina,33,295,8.94,436,13.21,594,0.68,0.5
2004,14,Liberty,32,285,8.91,502,15.69,619,0.57,0.46
2004,15,Georgia Tech,32,283,8.84,495,15.47,679,0.57,0.42
2004,16,Western Michigan,30,263,8.77,399,13.3,581,0.66,0.45
2004,17,Maryland,29,253,8.72,441,15.21,562,0.57,0.45
2004,18,Charlotte,29,253,8.72,444,15.31,548,0.57,0.46
2004,19,Louisville,29,242,8.34,403,13.9,593,0.6,0.41
2004,20,Florida A&M,30,250,8.33,508,16.93,657,0.49,0.38
2004,21,Texas Tech,32,264,8.25,399,12.47,535,0.66,0.49
2004,22,Murray State,33,267,8.09,466,14.12,600,0.57,0.45
2004,23,Kentucky,29,234,8.07,428,14.76,534,0.55,0.44
2004,24,Oklahoma State,29,233,8.03,389,13.41,557,0.6,0.42
2004,25,Cincinnati,30,237,7.9,363,12.1,583,0.65,0.41
2004,26,Syracuse,28,221,7.89,358,12.79,494,0.62,0.45
2004,27,Air Force,28,218,7.79,302,10.79,466,0.72,0.47
2004,28,UIC,31,238,7.68,390,12.58,547,0.61,0.44
2004,29,Monmouth,32,245,7.66,429,13.41,561,0.57,0.44
2004,30,UTSA,32,243,7.59,545,17.03,620,0.45,0.39
2004,31,Vanderbilt,30,227,7.57,383,12.77,534,0.59,0.43
2004,32,Memphis,28,209,7.46,362,12.93,510,0.58,0.41
2004,33,Washington,30,220,7.33,456,15.2,637,0.48,0.35
2004,34,UTEP,31,226,7.29,431,13.9,545,0.52,0.41
2004,35,Michigan State,29,205,7.07,424,14.62,604,0.48,0.34
2004,36,Texas,29,205,7.07,343,11.83,560,0.6,0.37
2004,37,BYU,29,205,7.07,400,13.79,542,0.51,0.38
2004,38,Alabama State,30,212,7.07,516,17.2,561,0.41,0.38
2004,39,Boston College,32,225,7.03,428,13.38,509,0.53,0.44
2004,40,Xavier,33,232,7.03,414,12.55,549,0.56,0.42
2004,41,Richmond,33,231,7,429,13,618,0.54,0.37
2004,42,Vermont,30,210,7,377,12.57,458,0.56,0.46
2004,43,NC State,29,202,6.97,399,13.76,537,0.51,0.38
2004,44,Wisconsin,29,202,6.97,286,9.86,443,0.71,0.46
2004,45,Princeton,27,187,6.93,365,13.52,489,0.51,0.38
2004,46,Arizona,30,207,6.9,454,15.13,483,0.46,0.43
2004,47,Illinois,29,199,6.86,365,12.59,554,0.55,0.36
2004,48,Kansas,29,198,6.83,415,14.31,580,0.48,0.34
2004,49,Valparaiso,30,204,6.8,487,16.23,672,0.42,0.3
2004,50,Seton Hall,29,197,6.79,383,13.21,523,0.51,0.38
2004,51,VCU,30,202,6.73,493,16.43,527,0.41,0.38
2004,52,Florida,29,193,6.66,427,14.72,545,0.45,0.35
2004,53,Nevada,31,204,6.58,409,13.19,568,0.5,0.36
2004,54,Alabama,29,187,6.45,385,13.28,532,0.49,0.35
2004,55,Gonzaga,28,179,6.39,384,13.71,446,0.47,0.4
2004,56,Stanford,30,191,6.37,419,13.97,518,0.46,0.37
2004,57,Eastern Washington,29,184,6.34,439,15.14,589,0.42,0.31
2004,58,UConn,33,203,6.15,455,13.79,530,0.45,0.38
2004,59,Pittsburgh,33,195,5.91,420,12.73,483,0.46,0.4
2004,60,Pacific,31,181,5.84,445,14.35,532,0.41,0.34
2004,61,DePaul,30,171,5.7,403,13.43,522,0.42,0.33
2004,62,Northern Iowa,30,163,5.43,378,12.6,501,0.43,0.33
2004,63,Dayton,32,145,4.53,457,14.28,547,0.32,0.27
2004,64,Utah,32,144,4.5,455,14.22,554,0.32,0.26
2003,1,East Tennessee State,30,342,11.4,546,18.2,569,0.63,0.6
2003,2,Maryland,28,305,10.89,395,14.11,532,0.77,0.57
2003,3,Kansas,32,325,10.16,476,14.88,526,0.68,0.62
2003,4,Troy,31,303,9.77,426,13.74,513,0.71,0.59
2003,5,UNC Wilmington,30,276,9.2,344,11.47,553,0.8,0.5
2003,6,Manhattan,29,266,9.17,412,14.21,636,0.65,0.42
2003,7,Oklahoma State,30,266,8.87,442,14.73,607,0.6,0.44
2003,8,Milwaukee,31,272,8.77,463,14.94,623,0.59,0.44
2003,9,Sam Houston State,29,252,8.69,458,15.79,562,0.55,0.45
2003,10,Mississippi State,29,251,8.66,455,15.69,458,0.55,0.55
2003,11,IUPUI,33,282,8.55,529,16.03,641,0.53,0.44
2003,12,Duke,29,247,8.52,411,14.17,617,0.6,0.4
2003,13,Arizona,28,237,8.46,414,14.79,497,0.57,0.48
2003,14,Creighton,33,277,8.39,441,13.36,570,0.63,0.49
2003,15,Syracuse,29,241,8.31,395,13.62,481,0.61,0.5
2003,16,Holy Cross,30,242,8.07,417,13.9,557,0.58,0.43
2003,17,Pittsburgh,30,242,8.07,453,15.1,539,0.53,0.45
2003,18,Auburn,31,250,8.06,495,15.97,508,0.51,0.49
2003,19,Oregon,32,257,8.03,487,15.22,670,0.53,0.38
2003,20,LSU,31,248,8,430,13.87,507,0.58,0.49
2003,21,South Carolina State,30,240,8,584,19.47,622,0.41,0.39
2003,22,Southern Illinois,30,239,7.97,375,12.5,580,0.64,0.41
2003,23,NC State,29,227,7.83,411,14.17,534,0.55,0.43
2003,24,Kentucky,31,242,7.81,431,13.9,540,0.56,0.45
2003,25,Florida,31,241,7.77,415,13.39,524,0.58,0.46
2003,26,Tulsa,31,235,7.58,444,14.32,537,0.53,0.44
2003,27,Wagner,31,233,7.52,464,14.97,545,0.5,0.43
2003,28,Notre Dame,31,231,7.45,396,12.77,503,0.58,0.46
2003,29,Memphis,29,214,7.38,400,13.79,544,0.54,0.39
2003,30,Austin Peay,30,220,7.33,458,15.27,550,0.48,0.4
2003,31,Central Michigan,30,220,7.33,538,17.93,625,0.41,0.35
2003,32,Saint Joseph's,29,209,7.21,375,12.93,544,0.56,0.38
2003,33,Louisville,30,216,7.2,401,13.37,680,0.54,0.32
2003,34,UNC Asheville,30,216,7.2,491,16.37,578,0.44,0.37
2003,35,Pennsylvania,27,194,7.19,351,13,480,0.55,0.4
2003,36,Purdue,28,201,7.18,387,13.82,555,0.52,0.36
2003,37,Western Kentucky,32,228,7.13,483,15.09,592,0.47,0.39
2003,38,Illinois,29,205,7.07,386,13.31,557,0.53,0.37
2003,39,Wisconsin,29,202,6.97,305,10.52,430,0.66,0.47
2003,40,BYU,31,214,6.9,425,13.71,664,0.5,0.32
2003,41,Oklahoma,29,200,6.9,344,11.86,549,0.58,0.36
2003,42,Vermont,32,220,6.88,462,14.44,504,0.48,0.44
2003,43,Gonzaga,31,211,6.81,451,14.55,578,0.47,0.37
2003,44,Weber State,31,207,6.68,392,12.65,581,0.53,0.36
2003,45,Alabama,28,185,6.61,372,13.29,505,0.5,0.37
2003,46,California,29,190,6.55,411,14.17,496,0.46,0.38
2003,47,Wake Forest,29,186,6.41,438,15.1,536,0.42,0.35
2003,48,Butler,30,192,6.4,319,10.63,484,0.6,0.4
2003,49,Texas,28,179,6.39,376,13.43,570,0.48,0.31
2003,50,Michigan State,31,198,6.39,451,14.55,621,0.44,0.32
2003,51,Colorado,31,190,6.13,434,14,549,0.44,0.35
2003,52,Marquette,28,168,6,380,13.57,522,0.44,0.32
2003,53,UConn,30,178,5.93,474,15.8,552,0.38,0.32
2003,54,Missouri,30,175,5.83,409,13.63,512,0.43,0.34
2003,55,Xavier,31,177,5.71,398,12.84,483,0.44,0.37
2003,56,Stanford,31,171,5.52,444,14.32,574,0.39,0.3
2003,57,San Diego,29,159,5.48,525,18.1,584,0.3,0.27
2003,58,Colorado State,32,174,5.44,534,16.69,663,0.33,0.26
2003,59,Dayton,29,156,5.38,386,13.31,510,0.4,0.31
2003,60,Arizona State,30,159,5.3,417,13.9,584,0.38,0.27
2003,61,Cincinnati,28,145,5.18,297,10.61,531,0.49,0.27
2003,62,Utah State,32,162,5.06,393,12.28,513,0.41,0.32
2003,63,Utah,31,149,4.81,396,12.77,618,0.38,0.24
2003,64,Indiana,33,147,4.45,382,11.58,601,0.38,0.24
2002,1,St. John's,31,319,10.29,471,15.19,617,0.68,0.52
2002,2,Valparaiso,32,327,10.22,418,13.06,544,0.78,0.6
2002,3,Kansas,32,321,10.03,526,16.44,575,0.61,0.56
2002,4,Duke,32,318,9.94,451,14.09,600,0.71,0.53
2002,5,Florida,30,297,9.9,446,14.87,559,0.67,0.53
2002,6,Florida Atlantic,30,288,9.6,463,15.43,584,0.62,0.49
2002,7,Oklahoma,31,287,9.26,386,12.45,606,0.74,0.47
2002,8,USC,31,282,9.1,373,12.03,604,0.76,0.47
2002,9,Miami,31,282,9.1,449,14.48,561,0.63,0.5
2002,10,Georgia,30,266,8.87,428,14.27,506,0.62,0.53
2002,11,McNeese,29,250,8.62,458,15.79,559,0.55,0.45
2002,12,Marquette,32,270,8.44,444,13.88,581,0.61,0.46
2002,13,Maryland,30,252,8.4,413,13.77,536,0.61,0.47
2002,14,Creighton,30,251,8.37,418,13.93,556,0.6,0.45
2002,15,Mississippi State,33,276,8.36,553,16.76,581,0.5,0.48
2002,16,UNC Wilmington,31,258,8.32,371,11.97,547,0.7,0.47
2002,17,Boston College,31,255,8.23,440,14.19,639,0.58,0.4
2002,18,Tulsa,32,260,8.13,410,12.81,533,0.63,0.49
2002,19,Murray State,31,250,8.06,439,14.16,598,0.57,0.42
2002,20,California,30,240,8,398,13.27,576,0.6,0.42
2002,21,Hampton,32,255,7.97,481,15.03,585,0.53,0.44
2002,22,Notre Dame,31,246,7.94,408,13.16,509,0.6,0.48
2002,23,NC State,32,253,7.91,431,13.47,608,0.59,0.42
2002,24,Holy Cross,32,252,7.88,461,14.41,583,0.55,0.43
2002,25,Oklahoma State,31,242,7.81,472,15.23,555,0.51,0.44
2002,26,UConn,30,234,7.8,481,16.03,541,0.49,0.43
2002,27,Kentucky,29,225,7.76,423,14.59,524,0.53,0.43
2002,28,Texas Tech,31,233,7.52,382,12.32,485,0.61,0.48
2002,29,Winthrop,30,224,7.47,440,14.67,588,0.51,0.38
2002,30,Alabama,33,246,7.45,459,13.91,619,0.54,0.4
2002,31,Missouri,32,237,7.41,450,14.06,596,0.53,0.4
2002,32,Southern Illinois,33,244,7.39,460,13.94,677,0.53,0.36
2002,33,Ole Miss,30,220,7.33,457,15.23,594,0.48,0.37
2002,34,Oregon,31,225,7.26,434,14,567,0.52,0.4
2002,35,Pepperdine,30,216,7.2,438,14.6,625,0.49,0.35
2002,36,Illinois,32,227,7.09,468,14.63,643,0.49,0.35
2002,37,Western Kentucky,31,219,7.06,443,14.29,584,0.49,0.38
2002,38,Wyoming,29,203,7,422,14.55,571,0.48,0.36
2002,39,Hawai'i,32,223,6.97,391,12.22,583,0.57,0.38
2002,40,Indiana,31,213,6.87,411,13.26,523,0.52,0.41
2002,41,Central Connecticut,31,212,6.84,460,14.84,500,0.46,0.42
2002,42,Charlotte,29,198,6.83,401,13.83,525,0.49,0.38
2002,43,San Diego State,32,217,6.78,490,15.31,673,0.44,0.32
2002,44,Davidson,30,203,6.77,470,15.67,546,0.43,0.37
2002,45,Pennsylvania,31,207,6.68,408,13.16,540,0.51,0.38
2002,46,Xavier,30,200,6.67,404,13.47,475,0.5,0.42
2002,47,Wake Forest,32,213,6.66,475,14.84,622,0.45,0.34
2002,48,Pittsburgh,32,213,6.66,457,14.28,560,0.47,0.38
2002,49,Arizona,31,199,6.42,447,14.42,563,0.45,0.35
2002,50,Boston University,31,191,6.16,405,13.06,583,0.47,0.33
2002,51,Kent State,32,197,6.16,356,11.13,607,0.55,0.32
2002,52,Utah,29,177,6.1,380,13.1,543,0.47,0.33
2002,53,Texas,31,185,5.97,418,13.48,611,0.44,0.3
2002,54,Ohio State,30,179,5.97,401,13.37,565,0.45,0.32
2002,55,Wisconsin,30,174,5.8,391,13.03,500,0.45,0.35
2002,56,UIC,33,191,5.79,426,12.91,676,0.45,0.28
2002,57,Gonzaga,32,183,5.72,449,14.03,539,0.41,0.34
2002,58,UC Santa Barbara,30,164,5.47,413,13.77,532,0.4,0.31
2002,59,Siena,34,185,5.44,520,15.29,727,0.36,0.25
2002,60,Montana,30,162,5.4,450,15,623,0.36,0.26
2002,61,UCLA,30,161,5.37,456,15.2,506,0.35,0.32
2002,62,Michigan State,30,152,5.07,447,14.9,553,0.34,0.27
2002,63,Stanford,28,140,5,383,13.68,545,0.37,0.26
2002,64,Cincinnati,33,160,4.85,394,11.94,594,0.41,0.27